timestamp,demand,temperature,humidity
2024-01-01 00:00:00,54.24702441628335,15.695399814215726,62.063680179578256
2024-01-01 01:00:00,57.72108724780682,15.044949194336864,61.358503656256715
2024-01-01 02:00:00,56.02041943200419,16.8445861268499,63.553904867222535
2024-01-01 03:00:00,56.3032204234627,19.182494330665406,64.14421646513388
2024-01-01 04:00:00,60.93787570603628,18.172185275387328,53.71942834421212
2024-01-01 05:00:00,60.640121413169,19.860474944553502,56.750674559620926
2024-01-01 06:00:00,62.018968492425806,24.21089794171035,54.09618990768124
2024-01-01 07:00:00,60.2229000877419,24.88614193653172,56.47084444552112
2024-01-01 08:00:00,59.91453212617863,24.842735859691068,49.966377658852366
2024-01-01 09:00:00,53.88571871731704,27.70933152932618,50.29721842400794
2024-01-01 10:00:00,60.446115023806364,27.413393056553623,48.69388458732798
2024-01-01 11:00:00,53.46467830029327,28.109459129025115,42.673583800482
2024-01-01 12:00:00,53.59036118213672,29.33874718019245,50.26125977868866
2024-01-01 13:00:00,48.92670106168113,26.082888441502558,49.87823722579633
2024-01-01 14:00:00,49.99057974922273,25.647292860972826,52.199603787320996
2024-01-01 15:00:00,45.16487458192449,26.162544927368472,62.81559426609081
2024-01-01 16:00:00,47.95040028210469,24.082036431531808,50.20152720022831
2024-01-01 17:00:00,45.98380092377643,24.25167958135103,62.31174162440277
2024-01-01 18:00:00,47.48038437554538,20.728766294270304,59.869571652524314
2024-01-01 19:00:00,50.234239041546296,18.211041502412947,63.71832226100752
2024-01-01 20:00:00,46.187532295809596,20.551908276490174,64.95728719861236
2024-01-01 21:00:00,49.81968362730858,16.73416571101302,65.59966320434927
2024-01-01 22:00:00,54.41969671591554,16.032361660072024,66.23467594229379
2024-01-01 23:00:00,61.05546457634635,13.243871755277683,68.82377183893253
2024-01-02 00:00:00,57.5875867147951,14.237864185664744,63.86632402121149
2024-01-02 01:00:00,61.37693893855173,15.393810841570334,68.5367019566488
2024-01-02 02:00:00,61.834842015292665,14.326431165117707,64.03058179965234
2024-01-02 03:00:00,67.28759980762042,17.57622975737811,60.17482665239911
2024-01-02 04:00:00,60.10007646816654,17.65910583411367,59.46315830603568
2024-01-02 05:00:00,64.7676663805354,19.779895434571763,61.14287304215643
2024-01-02 06:00:00,60.45939510026894,21.157610742878845,54.07347183143423
2024-01-02 07:00:00,56.90811703032667,26.404922774030158,53.89613404552405
2024-01-02 08:00:00,62.61266205062388,25.481103885366892,49.10154149884584
2024-01-02 09:00:00,61.145721989271344,25.46895216776757,51.234550586964666
2024-01-02 10:00:00,57.57045664468285,29.213740703435533,50.05451108408483
2024-01-02 11:00:00,56.76801044453105,27.052299674064045,52.62152208324103
2024-01-02 12:00:00,61.31378968250759,29.292409033006656,47.901831873361274
2024-01-02 13:00:00,52.53399421069526,26.017942610591795,51.01138297405038
2024-01-02 14:00:00,52.364635048116476,26.20271735803327,51.174101036981895
2024-01-02 15:00:00,48.06410117807089,27.225353198522605,56.239679454657534
2024-01-02 16:00:00,49.02692000704186,26.533853211993573,53.61472857995297
2024-01-02 17:00:00,47.948072192976895,24.051648909383605,59.8625132821932
2024-01-02 18:00:00,47.85335674909418,21.838092404656468,60.1014472107335
2024-01-02 19:00:00,53.911558933148896,19.76672151045735,62.83952955722875
2024-01-02 20:00:00,54.18964252155111,16.43006921348561,65.3004490229864
2024-01-02 21:00:00,53.256436970558994,16.04247063994158,67.29085502891108
2024-01-02 22:00:00,49.476838161442366,15.292927894165226,67.36868565508578
2024-01-02 23:00:00,55.558608883357635,16.718490332683007,68.53678295792632
2024-01-03 00:00:00,65.11463631584982,15.481065605395846,71.60455340679614
2024-01-03 01:00:00,60.96136199568205,12.770262998468693,69.12387825188245
2024-01-03 02:00:00,64.92400442085795,16.39153973066164,67.24395429310772
2024-01-03 03:00:00,67.020128319686,16.511137339111325,61.86115118494034
2024-01-03 04:00:00,64.99749235045087,17.552309199571646,58.3650883804544
2024-01-03 05:00:00,62.53372507811053,21.044613488659568,60.38825139559439
2024-01-03 06:00:00,58.34590360215042,23.443399331494327,57.60192653029929
2024-01-03 07:00:00,64.72264602798036,25.115525482480315,56.68167668937745
2024-01-03 08:00:00,60.244041203207594,24.32509546748831,49.41898062321146
2024-01-03 09:00:00,60.59997826640643,26.516850142114126,48.765874323754744
2024-01-03 10:00:00,54.85898322513421,28.525946630456062,44.24203133079573
2024-01-03 11:00:00,54.85202725804907,30.12724396199478,47.01882223484782
2024-01-03 12:00:00,54.02419914006831,28.329156067016594,50.83216801355794
2024-01-03 13:00:00,52.22838558969426,28.501558216694132,48.17350751408511
2024-01-03 14:00:00,47.73829582449493,26.513308862882635,52.53013167613657
2024-01-03 15:00:00,51.60989062050697,25.2750581945929,52.52374223500547
2024-01-03 16:00:00,45.95534328406311,26.637536151351878,56.22195211952869
2024-01-03 17:00:00,42.749384513101326,25.710469355716796,55.13077152546081
2024-01-03 18:00:00,47.20446958782758,21.89918582978755,60.801214075109954
2024-01-03 19:00:00,47.50674216104693,21.593212741331193,55.52216007274818
2024-01-03 20:00:00,49.581051460330386,19.006290435066695,64.60382741646052
2024-01-03 21:00:00,54.11061091266072,16.147084875246993,62.58407092855653
2024-01-03 22:00:00,52.298935897915236,16.443776021220714,70.67424455425773
2024-01-03 23:00:00,54.09863033306225,17.39177040902888,69.94351838191128
2024-01-04 00:00:00,54.33404677921289,14.949843545246068,68.82593571780589
2024-01-04 01:00:00,60.16127691149939,17.429020334116128,70.46276960574284
2024-01-04 02:00:00,61.396669013389555,12.27017902778329,62.698776509803395
2024-01-04 03:00:00,60.28009811482106,18.20091603781947,67.3684079947889
2024-01-04 04:00:00,57.67293912714901,18.62186589553344,62.91866936167615
2024-01-04 05:00:00,65.47484733003941,19.76965639363015,57.408611781952644
2024-01-04 06:00:00,58.91484654163551,22.1284650871497,58.250859916932185
2024-01-04 07:00:00,59.83954271954333,21.029136835276375,50.23426621897093
2024-01-04 08:00:00,59.97383217041391,25.192459357027477,48.86764678431534
2024-01-04 09:00:00,54.3671162336845,27.44970506842228,47.818271654056375
2024-01-04 10:00:00,51.173955385428656,30.13122948912919,47.01829746694928
2024-01-04 11:00:00,48.09199237275881,28.03590247844037,45.358605893099366
2024-01-04 12:00:00,52.765188222937965,27.868108955949538,51.398449404847625
2024-01-04 13:00:00,47.45582976651425,28.05902092300513,48.69260996123104
2024-01-04 14:00:00,53.20437537097581,29.343740791273973,51.81019460902671
2024-01-04 15:00:00,42.85647751888433,27.4099990218294,51.57412158396576
2024-01-04 16:00:00,42.23772148733191,24.75833571472617,50.860301297603506
2024-01-04 17:00:00,42.56372336865922,24.530307722076333,58.67514339597855
2024-01-04 18:00:00,44.46552647934524,22.135908569087263,55.80755301247577
2024-01-04 19:00:00,43.45717785655337,21.544369671028395,62.82841488478631
2024-01-04 20:00:00,47.55637275788289,17.517125668571715,61.65028021478342
2024-01-04 21:00:00,45.76281702589478,16.59152552645731,71.6284440359214
2024-01-04 22:00:00,46.57464051370358,15.388870759123916,69.93766506832749
2024-01-04 23:00:00,47.87980529302098,13.189598288591558,68.2643844781787
2024-01-05 00:00:00,48.41352860815297,15.414568387890407,70.81852495702736
2024-01-05 01:00:00,53.91814315838719,15.603996597028365,64.54446409418006
2024-01-05 02:00:00,56.230988341220524,15.944981012808363,66.42976625854072
2024-01-05 03:00:00,56.66493944819231,16.721830544968952,63.49952608429678
2024-01-05 04:00:00,62.06754812398711,16.518480961129416,61.24824065435937
2024-01-05 05:00:00,61.94179872952788,19.59936323241086,61.18088375026693
2024-01-05 06:00:00,57.830095992523304,21.520199676862514,57.243039805924326
2024-01-05 07:00:00,53.62419257800984,22.68854513880736,53.72180915706257
2024-01-05 08:00:00,54.54912620962651,25.274200003667577,46.791713597563785
2024-01-05 09:00:00,52.54696476297324,27.515418667846184,46.93963022395695
2024-01-05 10:00:00,49.91837104755072,30.702838088185818,48.03396940312001
2024-01-05 11:00:00,48.23611110555999,29.00588972198805,48.23343093569163
2024-01-05 12:00:00,45.95332839447909,29.36057054701187,45.5152324254245
2024-01-05 13:00:00,45.08014356061571,28.657256501950844,55.368937651101675
2024-01-05 14:00:00,43.28532171050554,25.37589812507241,54.71991732626847
2024-01-05 15:00:00,43.09849850281318,26.912628042676918,54.5052958009812
2024-01-05 16:00:00,42.492057712797774,25.58432229391744,55.59190170218413
2024-01-05 17:00:00,38.37805392561238,27.260272273197064,57.469477575247105
2024-01-05 18:00:00,44.48132083092837,21.730694649306436,58.20839430096959
2024-01-05 19:00:00,40.04927789590163,20.61043296354943,63.19370129629717
2024-01-05 20:00:00,39.99628194088035,18.451403522412647,65.71544916222236
2024-01-05 21:00:00,46.46966880361407,15.414103279026826,63.55585259914031
2024-01-05 22:00:00,45.045961504545105,17.537774113829965,68.49469930600293
2024-01-05 23:00:00,49.82650097022793,16.29122546173801,67.61185237793813
2024-01-06 00:00:00,45.40947635568624,16.107444725860265,62.8897393681972
2024-01-06 01:00:00,56.80305551402688,13.965376779263892,64.50929151089562
2024-01-06 02:00:00,56.04937068030309,17.90173420881947,64.03705397831138
2024-01-06 03:00:00,53.58295504306576,15.087661043784962,67.71921914335049
2024-01-06 04:00:00,53.55077933699221,19.321599931320375,61.97957326235963
2024-01-06 05:00:00,60.24575403434171,23.254904560416307,54.66129607725032
2024-01-06 06:00:00,55.73805894937638,20.613249144817004,56.62690027251888
2024-01-06 07:00:00,54.275436516888185,23.018916494273764,49.131740027654104
2024-01-06 08:00:00,49.76737323836939,25.639511911122685,53.63565982285223
2024-01-06 09:00:00,52.4960918655306,26.244881552543138,48.161934332610926
2024-01-06 10:00:00,51.23344188849071,25.891249022998476,48.10665126526139
2024-01-06 11:00:00,50.923277934211626,28.857468948751915,51.31449161885548
2024-01-06 12:00:00,44.05235590703497,27.512774800783454,45.1228328156487
2024-01-06 13:00:00,41.303304690110664,29.42451018691273,45.84695049937312
2024-01-06 14:00:00,44.79867355581389,26.77498389856376,49.4699338722695
2024-01-06 15:00:00,44.19297504064122,29.1196556353304,55.595947127548285
2024-01-06 16:00:00,38.03046223790836,24.40344539072927,51.6134443602827
2024-01-06 17:00:00,43.62159551667571,23.36084719302969,50.9196110047236
2024-01-06 18:00:00,41.49875440298077,23.138924104317525,59.46029330500268
2024-01-06 19:00:00,45.68398753521086,18.465056641274842,64.37935199977728
2024-01-06 20:00:00,43.98516345529539,18.818443908445794,68.07172218621255
2024-01-06 21:00:00,39.556064178081314,18.88025238768957,65.5023506326309
2024-01-06 22:00:00,48.10721809938339,13.687345645123209,66.63069174510068
2024-01-06 23:00:00,52.67737324035859,15.497006617921743,70.88475183563936
2024-01-07 00:00:00,49.98934444893098,15.363835911947794,62.984904013652134
2024-01-07 01:00:00,53.21752583562936,16.333071236464754,65.68895209988688
2024-01-07 02:00:00,56.2645190367774,14.206091178279614,65.54712753667816
2024-01-07 03:00:00,51.44729422286529,15.201613273376152,64.12304680321256
2024-01-07 04:00:00,62.097615840634504,19.230718191863673,59.31367371804803
2024-01-07 05:00:00,56.692386721197586,20.604045226808797,58.086102529264615
2024-01-07 06:00:00,59.44110934790356,22.350689990484216,49.19099116544232
2024-01-07 07:00:00,57.55224200108258,24.296760809013414,51.35437896916543
2024-01-07 08:00:00,59.94559067867607,24.54796538979008,52.06270396952067
2024-01-07 09:00:00,55.90612990775876,27.274902644331252,46.88401087651893
2024-01-07 10:00:00,52.68996446777863,28.472479289109213,48.48820229108331
2024-01-07 11:00:00,49.59190499783727,27.761388798786562,49.117181252006745
2024-01-07 12:00:00,50.50671901455631,31.612084315602658,47.48436873496489
2024-01-07 13:00:00,43.095048093962625,29.42484687329999,49.76590538964702
2024-01-07 14:00:00,47.799700675313304,26.394352930407376,48.52210077492298
2024-01-07 15:00:00,42.10516953405045,27.868922520393205,52.48347180075988
2024-01-07 16:00:00,47.54603457780809,24.135445661681757,56.93734997294785
2024-01-07 17:00:00,44.26551483728337,24.913651760957077,58.392432402421036
2024-01-07 18:00:00,45.61398559143316,23.6220338106104,59.12186227711533
2024-01-07 19:00:00,46.1137204237215,19.039311438589984,63.56054101072696
2024-01-07 20:00:00,42.809858355382794,19.848726580942063,66.85759228845703
2024-01-07 21:00:00,46.57534435500379,17.628145829405266,61.5354008414007
2024-01-07 22:00:00,52.49924567404921,17.088706397501213,70.55694342528042
2024-01-07 23:00:00,53.049652051744054,17.894029391692058,67.15936315329732
2024-01-08 00:00:00,58.4963117776036,14.656456637595982,68.72298309599127
2024-01-08 01:00:00,59.09849505378983,14.183288585876033,69.6533713469575
2024-01-08 02:00:00,57.50447471116077,14.69250197203317,61.64188356878935
2024-01-08 03:00:00,59.384054978659066,15.908118132742521,61.22639749393111
2024-01-08 04:00:00,62.18840882704537,18.39205760682027,59.86681871133591
2024-01-08 05:00:00,56.82231263476698,20.665879449025685,56.040616197188946
2024-01-08 06:00:00,66.17361584242096,22.387367119062016,59.74915098856682
2024-01-08 07:00:00,62.12915630657064,24.969789864368074,50.858069765433
2024-01-08 08:00:00,63.08285610094514,25.518202648629078,49.54006523941739
2024-01-08 09:00:00,54.65094356642857,28.984695176326053,49.850718541163076
2024-01-08 10:00:00,59.73571779738915,27.69165825995792,45.335367921919094
2024-01-08 11:00:00,59.08467846018118,32.56971761724894,47.01079822060934
2024-01-08 12:00:00,49.765249911896376,29.875934286871008,49.134374890234746
2024-01-08 13:00:00,53.193760976850555,27.561460205040696,48.50759495119931
2024-01-08 14:00:00,49.98859404252364,26.562928329205526,50.695465040884685
2024-01-08 15:00:00,44.6946074791304,27.625208849646267,51.67666971887906
2024-01-08 16:00:00,48.847203800903486,25.187152100543816,51.62563377602288
2024-01-08 17:00:00,49.41252715266313,24.811334007446572,58.803983028348114
2024-01-08 18:00:00,46.810511124203,22.662532674402954,64.97552313014327
2024-01-08 19:00:00,51.8160746835942,20.08630620656276,63.046004076958575
2024-01-08 20:00:00,47.040021091766164,17.314488794704246,65.63422810498435
2024-01-08 21:00:00,49.55487018041797,14.929466417133963,68.3920609256365
2024-01-08 22:00:00,54.78250278809586,15.312701240615123,64.48593202152392
2024-01-08 23:00:00,56.66916562135669,16.43747752802939,72.25628664532401
2024-01-09 00:00:00,57.214528108748475,15.299731241782286,68.16508025394768
2024-01-09 01:00:00,63.472384265455595,13.494484925779748,70.73989628556717
2024-01-09 02:00:00,63.80686741868825,16.180275469700582,63.2384853230555
2024-01-09 03:00:00,66.16730443404481,17.58969686331454,67.54515480639454
2024-01-09 04:00:00,65.09574510607905,17.262599589318427,62.5260791861122
2024-01-09 05:00:00,66.70006235326117,20.403481832606072,59.38260021463092
2024-01-09 06:00:00,64.04635025742749,22.081492205824386,55.99687068485766
2024-01-09 07:00:00,69.37747881904363,22.21157489875477,52.37867845481394
2024-01-09 08:00:00,61.17913044416582,26.00090230448756,53.93026133431924
2024-01-09 09:00:00,66.03139248901344,27.734845805221337,49.69064563677575
2024-01-09 10:00:00,58.89107448362318,29.578449566936445,43.42306747814146
2024-01-09 11:00:00,53.689731398036876,30.236803656872326,45.2070338457325
2024-01-09 12:00:00,58.89628480146748,27.071262884860072,47.87612735662745
2024-01-09 13:00:00,54.022892464389315,27.448525728142304,50.114743420069516
2024-01-09 14:00:00,53.492474979323525,28.783227200583184,50.78746096588476
2024-01-09 15:00:00,53.259972601557074,27.66904779958294,56.04742697448415
2024-01-09 16:00:00,50.05734578721956,26.221066760828474,50.53405488887823
2024-01-09 17:00:00,46.77820140717615,29.205557402634255,58.35896984126284
2024-01-09 18:00:00,51.606491209274516,22.799246714970472,56.043242387557285
2024-01-09 19:00:00,50.337983267788324,21.77805858053522,64.8992807387104
2024-01-09 20:00:00,53.19293037531396,19.8356024688905,64.83492102576041
2024-01-09 21:00:00,48.53732814787489,17.962200283522325,67.7092789679047
2024-01-09 22:00:00,56.66824748934084,15.496445231012444,65.49955086141627
2024-01-09 23:00:00,56.16563021956983,16.301076124667095,71.19866232914438
2024-01-10 00:00:00,64.03199113547795,13.9180446996474,70.26356992303782
2024-01-10 01:00:00,63.348569014254885,14.906973166540505,68.11911479537412
2024-01-10 02:00:00,64.10474947169621,15.258313206548182,64.74727469470687
2024-01-10 03:00:00,65.7961636343845,17.16487632683502,64.44964321323788
2024-01-10 04:00:00,62.181201716453,21.74052199334288,58.820959031056866
2024-01-10 05:00:00,70.0665666257211,17.574095414653883,60.1388891475518
2024-01-10 06:00:00,69.75261195657671,22.960764266524304,59.53551178478467
2024-01-10 07:00:00,65.90091280457627,21.553931096052082,55.676526399948024
2024-01-10 08:00:00,66.63965550683976,24.839295387894754,49.10492601361599
2024-01-10 09:00:00,59.47830507621059,28.474278304060157,50.243289255338354
2024-01-10 10:00:00,57.04494582552599,28.15216985322473,45.107887877712706
2024-01-10 11:00:00,57.403459667129766,27.252638094922446,49.43097577793919
2024-01-10 12:00:00,55.969409129822616,27.998574807036043,49.46725026926567
2024-01-10 13:00:00,51.23419601243577,29.712917632532022,44.66520511332518
2024-01-10 14:00:00,52.1903818185627,27.039664542087095,48.024472578353596
2024-01-10 15:00:00,50.06367894849955,27.252789493720613,52.29215275814057
2024-01-10 16:00:00,46.23041500272854,25.56380057586535,54.65966018112266
2024-01-10 17:00:00,49.49690915074415,22.89949282906955,54.97630766145293
2024-01-10 18:00:00,49.711725597690844,25.001521725055497,61.56063727440562
2024-01-10 19:00:00,49.36474943467502,21.075753315527603,63.628684022351315
2024-01-10 20:00:00,53.70523729390699,15.664800378679326,64.58539498191917
2024-01-10 21:00:00,49.00396195280551,17.31128857237137,64.77077528744847
2024-01-10 22:00:00,55.26550699414153,15.011321122833188,70.2810260789321
2024-01-10 23:00:00,53.0398209455227,16.431925884691235,72.13851778272074
2024-01-11 00:00:00,55.463047818649216,13.890470966194219,66.45035455327435
2024-01-11 01:00:00,58.15199932826936,15.077888197922858,65.12983674495734
2024-01-11 02:00:00,58.9003789329942,16.644804364081565,66.29908697539551
2024-01-11 03:00:00,60.715248990857,18.262309803532304,62.10492655063258
2024-01-11 04:00:00,62.885766828221264,16.819585030121882,60.23969744936716
2024-01-11 05:00:00,65.22060351472415,19.719964954105002,59.84913287931177
2024-01-11 06:00:00,61.82556977221882,21.335076564374592,50.63841933020657
2024-01-11 07:00:00,58.396633606472115,22.89707239011444,56.29575581213167
2024-01-11 08:00:00,62.1971510327686,27.97163593639354,51.11063349895787
2024-01-11 09:00:00,56.20977503571579,27.51672186365118,48.31101310075018
2024-01-11 10:00:00,56.49551113697736,26.296940290421997,48.1176563515557
2024-01-11 11:00:00,54.63683289579158,30.046487509900164,47.906073387551295
2024-01-11 12:00:00,51.178986217296824,31.971018675817685,44.012738478497006
2024-01-11 13:00:00,51.916617360714625,30.206932148795083,53.07709153078868
2024-01-11 14:00:00,49.394634200359306,25.93505987415547,51.032246268811
2024-01-11 15:00:00,44.581696137523686,26.271819766293135,54.10750532611842
2024-01-11 16:00:00,50.093436001755826,27.273675608861282,57.79068397540996
2024-01-11 17:00:00,45.585019603555864,22.820996063851307,55.44709385609926
2024-01-11 18:00:00,44.75229045302476,22.621347199404713,61.771870198613236
2024-01-11 19:00:00,47.80670195617195,21.272754359083457,62.33089727275305
2024-01-11 20:00:00,48.085338650267715,17.202297339790658,67.1879947499067
2024-01-11 21:00:00,49.331634362493745,16.966917033207658,61.34218548696562
2024-01-11 22:00:00,57.36322325057732,11.400047897412254,67.41152251228752
2024-01-11 23:00:00,52.14865354541411,13.804376518108516,66.4929483605401
2024-01-12 00:00:00,53.89300962225121,14.646404588049576,68.73991563947611
2024-01-12 01:00:00,57.0784709603634,13.491622761225715,67.8353645062649
2024-01-12 02:00:00,59.66978730582356,18.223197999013212,63.302003074810465
2024-01-12 03:00:00,55.96466229033381,15.048054602549245,61.21956533955988
2024-01-12 04:00:00,55.30673636945058,17.88393771862423,60.311527029631925
2024-01-12 05:00:00,58.31085459405705,20.371303492482852,55.758394431711935
2024-01-12 06:00:00,55.23941077493581,24.017782604692595,57.516768787605116
2024-01-12 07:00:00,57.92061238981858,21.80152630406642,52.07698199888144
2024-01-12 08:00:00,57.39622734902648,27.1284292530169,43.66146163983041
2024-01-12 09:00:00,53.09682084117275,26.964073753733263,48.402690820601116
2024-01-12 10:00:00,50.04529406657756,26.688065715023928,45.74438218499941
2024-01-12 11:00:00,50.692125051253036,29.40842564799204,43.92181046134763
2024-01-12 12:00:00,50.45521194836975,29.27868357380286,45.247175141552866
2024-01-12 13:00:00,42.97498667961155,27.92117715600118,49.61326714173805
2024-01-12 14:00:00,46.922130945408284,28.159900745477092,54.250534258755074
2024-01-12 15:00:00,45.596624173250966,26.410308432699388,53.78296118466249
2024-01-12 16:00:00,44.76213737263083,25.65892428335172,53.89555107843544
2024-01-12 17:00:00,44.99694526925846,24.738716260047116,59.139760487926694
2024-01-12 18:00:00,47.069673903230445,24.220423542603537,59.44046467547775
2024-01-12 19:00:00,42.934676361757134,18.45532498592475,61.263499077092106
2024-01-12 20:00:00,44.04201278526122,21.486246724518793,62.18516114128296
2024-01-12 21:00:00,45.85450573076127,14.31732961236271,62.28068202096509
2024-01-12 22:00:00,48.30114720950359,15.725323040459115,66.68444899649205
2024-01-12 23:00:00,53.717568911963376,16.06216330505494,68.39513372480033
2024-01-13 00:00:00,49.257292838917564,15.393388614829046,67.41769908785346
2024-01-13 01:00:00,52.583204085748,14.366739888227686,65.62033671797596
2024-01-13 02:00:00,59.175915226313975,15.646451023008764,62.706702660123526
2024-01-13 03:00:00,59.910107343961855,16.3600512231718,64.52061547921247
2024-01-13 04:00:00,57.30223095135989,17.674889340278067,57.295360651158724
2024-01-13 05:00:00,60.105904477939085,21.377709620111805,59.94006978460872
2024-01-13 06:00:00,58.56915436772683,22.499821680351044,52.90626700165806
2024-01-13 07:00:00,60.79636601660393,22.84165988235267,51.11891190661741
2024-01-13 08:00:00,55.55999861153052,26.759439825606552,47.26196921159537
2024-01-13 09:00:00,56.382279602190145,27.379966797533058,48.08624059494158
2024-01-13 10:00:00,58.14820903518134,29.200184792865574,50.77902288330427
2024-01-13 11:00:00,51.363627744872616,29.642961162716528,49.28907022110989
2024-01-13 12:00:00,48.593231237282524,27.8394069847091,50.78679701717941
2024-01-13 13:00:00,48.07132068444445,27.97722732774772,50.64510232699043
2024-01-13 14:00:00,43.28095346541109,29.108388873663657,48.169757616808624
2024-01-13 15:00:00,48.53552303896193,27.804265839912667,52.173026939181085
2024-01-13 16:00:00,42.89184630604496,25.470737768450206,53.46131172618106
2024-01-13 17:00:00,41.880921679606246,23.975991652349993,61.326437260097606
2024-01-13 18:00:00,40.24266804506626,23.78873085410379,57.59621883495938
2024-01-13 19:00:00,46.523433782559394,19.360066739912227,65.23424422347269
2024-01-13 20:00:00,46.998914745037865,19.265936333638116,67.30345248713738
2024-01-13 21:00:00,46.03625342187706,16.767182818286724,71.23430454213455
2024-01-13 22:00:00,50.30436796333573,15.63306848899085,66.63504178131694
2024-01-13 23:00:00,47.402216360981434,16.776806808758586,69.7808053989504
2024-01-14 00:00:00,53.79938006336213,16.155582888583243,73.36338785423779
2024-01-14 01:00:00,56.11945439369589,16.377432706377423,65.11614984551015
2024-01-14 02:00:00,60.49895130843734,17.765492503524985,61.233467193034635
2024-01-14 03:00:00,56.590628146736734,17.079657909979993,58.299974915230585
2024-01-14 04:00:00,56.41811621915216,19.454734159812958,62.36997052317859
2024-01-14 05:00:00,57.68690557280229,19.753893225051485,53.29212447985364
2024-01-14 06:00:00,56.45052561430132,22.45383289348375,54.48101191663
2024-01-14 07:00:00,62.137718679343365,23.629533039602876,54.09328296759747
2024-01-14 08:00:00,,25.63579435098976,51.3918710302093
2024-01-14 09:00:00,,27.782967303917516,50.40335812261606
2024-01-14 10:00:00,57.45663447641544,26.916668869964194,48.89646637661144
2024-01-14 11:00:00,52.084734607230864,31.690822969983127,51.197164533283484
2024-01-14 12:00:00,50.389811876606075,27.591575665900418,45.95995078526231
2024-01-14 13:00:00,48.130851742347616,27.061616726120665,47.64725811600929
2024-01-14 14:00:00,45.80971753876613,29.683533049391162,48.997283574957436
2024-01-14 15:00:00,42.16334108969549,28.058075239853963,55.07547952965644
2024-01-14 16:00:00,45.75826039340766,26.373767743873078,57.66280601996244
2024-01-14 17:00:00,44.90209812352797,24.691417028687646,59.1280632982962
2024-01-14 18:00:00,47.48587853096275,21.98285451801437,63.5469246182499
2024-01-14 19:00:00,46.99976825337197,18.932110564202276,60.05489783155901
2024-01-14 20:00:00,47.903834000580254,18.606126381471242,69.23912809074335
2024-01-14 21:00:00,48.38740487278878,16.10222613557719,70.46835059212495
2024-01-14 22:00:00,52.0202002830712,17.302989800293837,69.49831325600502
2024-01-14 23:00:00,56.352393636079604,15.03263888187354,72.45449727192765
2024-01-15 00:00:00,54.101129351569284,13.844303924490484,63.517700243696254
2024-01-15 01:00:00,59.013618696834904,14.788579037662325,65.34913369718774
2024-01-15 02:00:00,60.895578068497834,16.515926209494822,63.23280916016059
2024-01-15 03:00:00,60.662088527611076,16.2610381577686,64.80369830939328
2024-01-15 04:00:00,61.77322186224106,17.34889144620704,57.962838602019964
2024-01-15 05:00:00,63.90978768970089,20.52942878037095,59.89373787334375
2024-01-15 06:00:00,60.6913845893125,22.342953199552188,58.83814990896666
2024-01-15 07:00:00,63.58690448075724,23.102012870198003,54.73800725021
2024-01-15 08:00:00,59.48368776283382,24.840546372134344,51.63830974728832
2024-01-15 09:00:00,62.01738277663299,27.274617380606493,46.870062609903734
2024-01-15 10:00:00,63.71683369084978,26.034859748394826,46.22361432179595
2024-01-15 11:00:00,54.63082430237292,26.79103149989627,51.124047263241664
2024-01-15 12:00:00,55.56812422971409,27.99417809024659,50.28911424687265
2024-01-15 13:00:00,50.56746193632234,28.46265477162689,49.24219716371172
2024-01-15 14:00:00,52.864040411338905,28.497448418328297,49.88415832371982
2024-01-15 15:00:00,45.81014218852527,29.01524617203519,47.93548031722153
2024-01-15 16:00:00,49.50397960335522,26.700723472482846,52.73467850226375
2024-01-15 17:00:00,46.99997205058621,23.58781937376881,62.778547717849165
2024-01-15 18:00:00,48.51790290145056,21.973377308936335,57.38705152351899
2024-01-15 19:00:00,48.117888486166365,18.784725573789462,63.473699553052604
2024-01-15 20:00:00,53.58085728870839,18.47408160961072,67.58967774485346
2024-01-15 21:00:00,51.40313281913315,16.646130437205986,63.52294736783861
2024-01-15 22:00:00,56.65836996677912,16.389628157982283,68.12103444984339
2024-01-15 23:00:00,57.321049535196245,14.08039589500327,70.34478884377664
2024-01-16 00:00:00,59.47679352313329,15.727085119937641,67.69050656765884
2024-01-16 01:00:00,62.140256727212545,17.38435369418011,73.83126167701131
2024-01-16 02:00:00,61.82334734426473,15.785557965669321,60.89956966467005
2024-01-16 03:00:00,65.58477423812688,17.612648942632646,65.64682132470969
2024-01-16 04:00:00,69.2373332517062,19.46620158839556,60.1561861075341
2024-01-16 05:00:00,64.75410069035979,19.626558023642147,59.92980038709165
2024-01-16 06:00:00,68.74236030391702,22.313729474534608,56.515077428223066
2024-01-16 07:00:00,68.64229499697258,23.82936267681205,51.16710950722508
2024-01-16 08:00:00,62.14842627405993,25.636746537968317,51.501423169282866
2024-01-16 09:00:00,59.06762815297356,25.867533770908185,44.69499233365992
2024-01-16 10:00:00,61.20512130035319,28.09649207045357,49.848860488537795
2024-01-16 11:00:00,56.97381857391968,29.458678391767112,48.74539616497631
2024-01-16 12:00:00,60.16846839800984,31.031601050913057,49.93739215871709
2024-01-16 13:00:00,54.250907978870565,30.104459940542753,51.98504177487342
2024-01-16 14:00:00,50.17750543910064,31.076633267007296,51.84798178865877
2024-01-16 15:00:00,49.12917367216284,25.875460880262587,53.370223549495606
2024-01-16 16:00:00,52.80353807687196,26.72124889140901,53.20913870732154
2024-01-16 17:00:00,49.01194244205347,24.06841212375135,56.2194480908773
2024-01-16 18:00:00,50.28012656220621,25.065724106504792,63.555027001468545
2024-01-16 19:00:00,54.30752217711671,19.056649084785136,66.59083851426503
2024-01-16 20:00:00,52.11950997982587,17.324389420946854,64.47579172108527
2024-01-16 21:00:00,54.78434562225886,16.211102828072587,66.77526090597756
2024-01-16 22:00:00,57.238010038710186,12.964368159475205,65.39772232540625
2024-01-16 23:00:00,60.65033896785246,14.50246218562347,70.93189211316862
2024-01-17 00:00:00,62.544260068050825,13.937214273824823,69.32280032212013
2024-01-17 01:00:00,62.451391336279755,15.449070517043205,71.51329762900374
2024-01-17 02:00:00,64.32437693563313,16.41628053959697,62.875260118916245
2024-01-17 03:00:00,64.08282193019551,19.676891706596333,62.05498025245451
2024-01-17 04:00:00,62.68188160843942,19.830593373460427,61.166805257339256
2024-01-17 05:00:00,67.45579840643515,19.380601566354905,59.61622384431447
2024-01-17 06:00:00,70.85399367925295,20.74221946011227,54.87264045510566
2024-01-17 07:00:00,62.99308898547814,24.500420155826784,50.81759727386576
2024-01-17 08:00:00,62.71004068630647,23.651673510171094,53.1324510104434
2024-01-17 09:00:00,59.57775895492539,29.513789740501963,51.14258436851963
2024-01-17 10:00:00,61.20967051373707,29.71339399550083,46.05005648570001
2024-01-17 11:00:00,59.233731656907686,28.104634871076883,51.38860700276374
2024-01-17 12:00:00,56.05159824800111,26.60161165927277,51.26623851010082
2024-01-17 13:00:00,51.05143952329207,30.656902107855057,49.67548720527506
2024-01-17 14:00:00,52.11361493951049,27.90182204313743,51.12792684407463
2024-01-17 15:00:00,46.515526627503796,28.682690305068668,54.38514442778961
2024-01-17 16:00:00,50.368296098825084,23.267801277687994,53.25755187333406
2024-01-17 17:00:00,51.45285098680213,22.972608283582424,58.0750786979102
2024-01-17 18:00:00,46.286727477751214,22.00734117960546,55.2072315895022
2024-01-17 19:00:00,46.73712917207282,20.254039515553035,65.19113911375736
2024-01-17 20:00:00,54.97267380568292,17.869908339929044,61.1673347557608
2024-01-17 21:00:00,51.53460645690905,17.92224243698068,70.4188036089169
2024-01-17 22:00:00,57.779589553976194,14.443153572373276,66.83395802797452
2024-01-17 23:00:00,56.500072165339056,15.039187936946737,67.47083254517206
2024-01-18 00:00:00,58.32343158128989,15.168413884396658,66.08992349767945
2024-01-18 01:00:00,61.43979411367866,15.958733583658749,65.9401568530392
2024-01-18 02:00:00,60.08551578497715,16.934083002833365,68.61739617473562
2024-01-18 03:00:00,63.71879944450587,15.475753603121106,56.7804783586623
2024-01-18 04:00:00,63.80276842939346,16.35224016097013,63.780603916245596
2024-01-18 05:00:00,60.65154724729369,21.977014234940327,58.845058702754386
2024-01-18 06:00:00,64.15369537496974,22.46523961677135,52.39425542933178
2024-01-18 07:00:00,62.180067992879245,22.763852164538452,50.31171901737697
2024-01-18 08:00:00,60.49730773593226,27.67161276573148,55.11991475615503
2024-01-18 09:00:00,56.394217933089074,27.111691956315834,46.97597876229881
2024-01-18 10:00:00,60.311711022185996,29.71319388418041,45.457365460619414
2024-01-18 11:00:00,57.07872241990974,28.856006657997636,50.84328635591182
2024-01-18 12:00:00,54.22565295627801,31.885047094834782,49.18712392782408
2024-01-18 13:00:00,49.14836715663851,31.21895796344398,46.99493202081462
2024-01-18 14:00:00,44.901076706473674,27.713628018620366,51.47049462664604
2024-01-18 15:00:00,51.36929204045481,28.309946799641956,50.435618290899335
2024-01-18 16:00:00,46.186415006503076,26.403526329419186,58.163863045031285
2024-01-18 17:00:00,43.9574244267331,25.727817496262947,60.6534274121829
2024-01-18 18:00:00,47.558193394092946,20.649107155187806,61.91820594807994
2024-01-18 19:00:00,49.391717972270776,21.14873872828026,63.9041526531175
2024-01-18 20:00:00,47.88601312888858,19.98179428158945,69.47403812403384
2024-01-18 21:00:00,53.22272156908778,14.58801725070186,66.65946985631494
2024-01-18 22:00:00,54.27444934464589,14.28126025577685,64.70457294933865
2024-01-18 23:00:00,51.800488508202086,12.383594167112394,69.12368478208077
2024-01-19 00:00:00,54.2947589869052,14.622830431777619,72.87437588673345
2024-01-19 01:00:00,59.14721149499269,16.24307837409089,64.12335530487981
2024-01-19 02:00:00,52.06308113638159,18.041122046443334,64.16741089513053
2024-01-19 03:00:00,59.70853729784374,17.153985224281843,64.0411150952537
2024-01-19 04:00:00,56.82766720975983,20.780061763799765,60.45342832851085
2024-01-19 05:00:00,60.091233016478895,18.256124642781515,55.54424104905676
2024-01-19 06:00:00,60.453761151049754,19.615264584902754,58.21645418955093
2024-01-19 07:00:00,58.93480835194935,23.733966537262408,58.80010180504328
2024-01-19 08:00:00,56.638851533988785,26.037691628514935,51.419260835694345
2024-01-19 09:00:00,53.57898178724726,26.903974820974067,47.079575237815675
2024-01-19 10:00:00,59.92266572597869,25.1677588864352,44.46834042447564
2024-01-19 11:00:00,56.264896893285794,28.636712728705565,48.644939953052955
2024-01-19 12:00:00,47.625508763485136,27.173742699293207,51.10043509539996
2024-01-19 13:00:00,51.12155272643474,29.699022352385533,50.5276653283941
2024-01-19 14:00:00,44.85456656118365,28.575415371026633,50.922922585837306
2024-01-19 15:00:00,45.103242243921954,25.633915767447597,51.5268208705267
2024-01-19 16:00:00,43.58908849125068,24.780586315728655,52.68140046717948
2024-01-19 17:00:00,42.33484526030722,22.32883438507318,60.0868783158122
2024-01-19 18:00:00,46.024553577954535,21.912249263817568,62.87261950448911
2024-01-19 19:00:00,44.1773006799515,21.525465932984133,59.13567553327318
2024-01-19 20:00:00,45.13652088082671,17.119983535130228,69.04566525731705
2024-01-19 21:00:00,44.25084889968225,17.75591765341924,68.09543209007934
2024-01-19 22:00:00,47.60548711214224,15.195461507787545,71.15824487575517
2024-01-19 23:00:00,47.72067978687574,14.128497250809243,64.64468062878721
2024-01-20 00:00:00,53.36409803232921,14.85015749606362,64.24469787435207
2024-01-20 01:00:00,52.997052152656835,13.789179964589401,66.28783076342616
2024-01-20 02:00:00,56.70761067375623,15.162713146022861,66.32802887910341
2024-01-20 03:00:00,62.118478905571685,15.373223482069804,67.49090205731754
2024-01-20 04:00:00,61.26279264952791,21.250615186082857,62.353387735563096
2024-01-20 05:00:00,59.232222860860716,20.237635657042734,57.39329680797004
2024-01-20 06:00:00,58.958903384158674,21.0203842888103,52.845886529810095
2024-01-20 07:00:00,62.6078390287308,24.111305190745536,56.07500143179795
2024-01-20 08:00:00,58.01130036695552,25.342740730432784,48.51716862375774
2024-01-20 09:00:00,54.728498912417926,26.640390028959317,53.41091734908638
2024-01-20 10:00:00,49.711821229739094,28.922011206551897,47.62978011309308
2024-01-20 11:00:00,51.99151973422086,29.821991578089687,51.97645518154462
2024-01-20 12:00:00,51.25331192798991,28.257298393345263,50.038069962257495
2024-01-20 13:00:00,45.88797487778952,27.955335247120942,48.99725723854947
2024-01-20 14:00:00,46.22972081398171,27.677105450478766,49.630441258569164
2024-01-20 15:00:00,44.2330159068823,23.72705783767604,52.14773030663483
2024-01-20 16:00:00,43.73647419275512,23.37873251292201,56.48260127991273
2024-01-20 17:00:00,37.20065887330637,25.725357290140096,58.192891240544206
2024-01-20 18:00:00,42.60947169666041,24.302954798901855,59.103661930853306
2024-01-20 19:00:00,46.98507322769195,19.83961622890352,62.585921474205875
2024-01-20 20:00:00,44.44804985902225,19.307179748278106,65.26751038616338
2024-01-20 21:00:00,47.6344798535663,17.486002748055103,61.338418801807336
2024-01-20 22:00:00,47.20252837850111,20.24825530534627,68.80467854986244
2024-01-20 23:00:00,52.49012619950072,16.805924091984917,65.55069693820798
2024-01-21 00:00:00,53.78823823555661,14.820915371926926,64.77592725487634
2024-01-21 01:00:00,54.41131393338906,13.900762599135918,62.441893170067665
2024-01-21 02:00:00,61.631778385383186,13.68879732514829,60.586336567195765
2024-01-21 03:00:00,61.50976441250413,17.33510162190827,59.611381242219345
2024-01-21 04:00:00,59.300731385854,17.44110895660193,58.81563805694897
2024-01-21 05:00:00,62.76804959634037,18.197111490845618,62.883147843816616
2024-01-21 06:00:00,62.08924442649871,21.094797962060326,54.097110359236886
2024-01-21 07:00:00,61.84924594416342,22.29756611065742,53.44437526567009
2024-01-21 08:00:00,54.337141647676994,27.861998289101578,51.9301356544004
2024-01-21 09:00:00,59.215280652182145,28.184043128035025,49.667408927695234
2024-01-21 10:00:00,54.02429500737361,28.05101612864781,48.14713308529434
2024-01-21 11:00:00,51.86671123574568,30.833402578469506,45.01176559100189
2024-01-21 12:00:00,57.60491719644205,29.108315630706667,51.9680606078073
2024-01-21 13:00:00,50.78615447058078,27.555682902163937,53.85773757125029
2024-01-21 14:00:00,46.40157059798014,30.194551534668616,46.72228545282772
2024-01-21 15:00:00,41.51579348912139,27.70422152946442,50.439928522784015
2024-01-21 16:00:00,49.788883918823394,24.047855383942988,54.71228369303231
2024-01-21 17:00:00,43.018452950453664,23.545259166400566,55.588655512724365
2024-01-21 18:00:00,44.68912839154376,20.77413444526145,61.853104334664806
2024-01-21 19:00:00,47.25671588259981,18.252347060932333,61.179319493983485
2024-01-21 20:00:00,52.308398083363464,19.79664856654429,70.48370798138205
2024-01-21 21:00:00,52.23071213452275,19.7234358283523,69.63662552370333
2024-01-21 22:00:00,53.26463112745482,13.979827570162167,68.19069333947121
2024-01-21 23:00:00,56.0286588545229,16.026676147343323,70.56746565829933
2024-01-22 00:00:00,56.64203827177831,14.089100403229443,70.42400932378399
2024-01-22 01:00:00,60.19470397013409,14.556543678705925,65.2503853176988
2024-01-22 02:00:00,61.87800345246725,15.1084706795745,63.03052470051053
2024-01-22 03:00:00,65.5744844333083,15.84066545414245,63.195357657424005
2024-01-22 04:00:00,66.29201344492263,18.567930279122837,62.74228076227013
2024-01-22 05:00:00,65.82234943754212,19.02493652130686,58.347650996633526
2024-01-22 06:00:00,63.09549038162115,22.378639556091787,51.46931834349747
2024-01-22 07:00:00,65.14917102170392,23.741399962488735,50.99293889012297
2024-01-22 08:00:00,62.21352827351287,25.16547273438697,50.74400002914859
2024-01-22 09:00:00,58.60530696147803,25.679158341447593,49.150581951341
2024-01-22 10:00:00,58.46773254410074,27.25469796369543,53.272097179083865
2024-01-22 11:00:00,56.72652690295824,29.819028500179513,44.535030144002505
2024-01-22 12:00:00,56.97994598531564,29.701284062674134,49.60471484169894
2024-01-22 13:00:00,53.28330793263304,27.39290344130555,53.06252873297626
2024-01-22 14:00:00,49.106910028210606,28.20124305409204,56.607556551691474
2024-01-22 15:00:00,50.31480788999713,28.00168944102637,51.98900644204012
2024-01-22 16:00:00,50.74733690154031,23.162832606430065,56.6403831807754
2024-01-22 17:00:00,50.029411326845235,24.57243758504948,59.42440089299653
2024-01-22 18:00:00,52.52742674875656,21.072326737475876,61.076894779908436
2024-01-22 19:00:00,53.25413463177358,20.98710482031278,62.752886996901566
2024-01-22 20:00:00,51.51999373340097,17.431437180840597,66.1610062856155
2024-01-22 21:00:00,53.29007046528993,14.523417590763897,60.329638824795154
2024-01-22 22:00:00,54.749156361405895,13.659262760472513,69.36443198804729
2024-01-22 23:00:00,60.31992327603887,15.305838141302447,68.31544475915491
2024-01-23 00:00:00,64.14186285449367,15.363611502410075,67.10307102094504
2024-01-23 01:00:00,62.834006536845806,13.97247594083034,71.77740952714326
2024-01-23 02:00:00,63.890888532691626,16.831851615797266,63.38373276488921
2024-01-23 03:00:00,70.02193531751051,14.72412444451754,61.992310027337496
2024-01-23 04:00:00,68.42356952266115,18.407488281893706,65.56707370653704
2024-01-23 05:00:00,68.63799164111342,18.49284400461492,55.919846737875275
2024-01-23 06:00:00,64.49873621268253,21.08742944907704,54.03652134163355
2024-01-23 07:00:00,67.82682915131609,23.87809145556055,52.6324364414229
2024-01-23 08:00:00,63.30836773920221,24.29542128860245,53.03076839345855
2024-01-23 09:00:00,60.936261328006395,26.41136970638397,49.859252230538964
2024-01-23 10:00:00,60.14042857519488,29.47098775939124,45.10917836922867
2024-01-23 11:00:00,58.16595328998088,27.95383216669106,46.66957859218203
2024-01-23 12:00:00,56.42865789512285,30.1699689568912,46.82235565407882
2024-01-23 13:00:00,52.45381764328482,27.17989118750279,49.14669334909796
2024-01-23 14:00:00,55.81130195761858,28.803903675572492,51.99354133470911
2024-01-23 15:00:00,54.62996290264767,28.96794353722689,54.04551438971977
2024-01-23 16:00:00,47.88438885116254,22.03969769982191,50.97178016385368
2024-01-23 17:00:00,54.14922179580449,22.696079958059048,60.659852468902116
2024-01-23 18:00:00,49.770789535197906,22.80790097805277,61.21961256601683
2024-01-23 19:00:00,54.86990566389516,19.90400314382212,66.46133011898465
2024-01-23 20:00:00,53.74536215114112,19.01960422271991,66.18156363009213
2024-01-23 21:00:00,56.097688141503006,16.20467327029204,69.41356143218381
2024-01-23 22:00:00,57.25611781931476,16.059047875970975,68.82562154151596
2024-01-23 23:00:00,62.76674614976827,15.020571086427639,71.36556439050688
2024-01-24 00:00:00,58.65017974098546,16.634894886323732,68.96488485293511
2024-01-24 01:00:00,65.07238464200422,15.594708396598222,66.41546592173708
2024-01-24 02:00:00,68.11434185793614,16.41046590041425,70.75215461298275
2024-01-24 03:00:00,68.55269320147318,16.473624779122662,65.22259280569975
2024-01-24 04:00:00,72.98129548139836,17.817351286298504,62.02255150353645
2024-01-24 05:00:00,66.36386872212468,19.582685221334742,54.80923895865429
2024-01-24 06:00:00,69.12517033900822,22.552232999329526,52.19104050531598
2024-01-24 07:00:00,66.25486039767117,23.222355042569248,53.731788705354596
2024-01-24 08:00:00,67.67735438023843,25.905684799655006,51.292735182555035
2024-01-24 09:00:00,62.31846118712569,29.85530858640951,47.80443954963486
2024-01-24 10:00:00,59.8990626204635,29.281752411295415,48.693198486139465
2024-01-24 11:00:00,62.19322595504993,28.305047838988507,51.97156732010899
2024-01-24 12:00:00,55.21427099354564,30.681699491029523,50.079247923485035
2024-01-24 13:00:00,51.37888270523085,28.190175261793325,46.48722468777377
2024-01-24 14:00:00,52.369766792722885,25.20880347724208,50.65016012027722
2024-01-24 15:00:00,53.16212118404549,25.53842663302143,50.98758379786849
2024-01-24 16:00:00,54.40408200971513,22.880891310563875,54.442559757953354
2024-01-24 17:00:00,50.569735030263274,23.31961443805984,56.96596083592566
2024-01-24 18:00:00,53.40906985408257,22.025785730865536,59.39407649451505
2024-01-24 19:00:00,47.30936016071933,22.535278921467853,59.862161570066455
2024-01-24 20:00:00,51.2357430074838,18.957698323269867,64.75193110807001
2024-01-24 21:00:00,53.3226100865604,16.743511791361747,65.25873494572616
2024-01-24 22:00:00,54.92254764691605,17.098989987165776,60.33563653788499
2024-01-24 23:00:00,59.06282830246876,12.1429297833655,73.13243006125415
2024-01-25 00:00:00,61.46722418305585,15.329860381351992,70.38118239843241
2024-01-25 01:00:00,60.315607219729074,16.31773048741824,65.71950222553195
2024-01-25 02:00:00,64.03808549191423,13.86780142941711,65.118115436217
2024-01-25 03:00:00,63.68885400810701,18.651508192183854,60.07086413170605
2024-01-25 04:00:00,62.955578288624054,18.97389497049221,64.82749764555251
2024-01-25 05:00:00,65.2226945914767,19.606863604821136,62.74322173693284
2024-01-25 06:00:00,64.12037035740425,22.885894612548757,55.803543869591074
2024-01-25 07:00:00,62.619633240819425,26.990703316643817,55.55882661046351
2024-01-25 08:00:00,62.231123312620674,25.75461275708179,51.36714913546939
2024-01-25 09:00:00,60.2643438432832,27.29725628912626,45.99793236496579
2024-01-25 10:00:00,57.33143248635022,27.419072567134727,47.31118331470015
2024-01-25 11:00:00,59.19292735521265,27.571698666772786,48.32981991692989
2024-01-25 12:00:00,50.65779563905501,30.162470143161944,47.2043724402507
2024-01-25 13:00:00,50.204566394084466,27.56296342775107,48.793112768567916
2024-01-25 14:00:00,56.12942498643699,28.1623705585983,50.70043329436164
2024-01-25 15:00:00,46.12354115667741,26.281027042834737,52.797803755336304
2024-01-25 16:00:00,44.14847180293707,26.170571756044982,55.54245577521853
2024-01-25 17:00:00,48.4739527754592,24.278860263119352,55.34848733400862
2024-01-25 18:00:00,41.97318412391484,23.45255592196098,58.795650078205284
2024-01-25 19:00:00,47.3870532516568,19.474243725885763,59.78853933575009
2024-01-25 20:00:00,54.2494099614135,18.122175090589277,67.51560668608083
2024-01-25 21:00:00,47.20048788349643,15.679983329599033,61.396136683243526
2024-01-25 22:00:00,48.26632638904382,15.31581160940241,70.54323412118299
2024-01-25 23:00:00,51.10737147549614,15.76673990623932,71.4658734931571
2024-01-26 00:00:00,58.260936374673676,16.059784063303493,66.90380679543416
2024-01-26 01:00:00,60.91521292907722,13.947487762127821,60.152411318276165
2024-01-26 02:00:00,58.35261772188253,17.155270461656837,64.16779140694742
2024-01-26 03:00:00,62.123055068967155,18.948145534020977,62.839539596778096
2024-01-26 04:00:00,64.62989278023039,19.078808864513082,58.061694901203
2024-01-26 05:00:00,65.22467511651519,22.815780821863598,56.711954015479385
2024-01-26 06:00:00,61.30816074284432,20.916695121255003,59.23729754613308
2024-01-26 07:00:00,55.68268372707637,22.069216731081728,54.66231790575444
2024-01-26 08:00:00,57.64591893987562,23.009791651533945,48.61752190218929
2024-01-26 09:00:00,55.50701250220582,29.04420950439068,45.34574803816714
2024-01-26 10:00:00,54.263820766357966,28.978289745386675,47.52319844308493
2024-01-26 11:00:00,52.474991187312426,28.683662244748817,47.46635805162391
2024-01-26 12:00:00,53.24920461143245,29.391956076847748,49.58123970551762
2024-01-26 13:00:00,51.92386558107999,27.185796117805744,48.00145418073639
2024-01-26 14:00:00,45.723021905547256,31.486230597954684,52.20768112653913
2024-01-26 15:00:00,48.28199414275346,27.130657123071188,57.83788510015059
2024-01-26 16:00:00,45.585556224980806,25.653152712446843,57.450562105085275
2024-01-26 17:00:00,44.27353284254264,24.82780658917594,57.87977873167297
2024-01-26 18:00:00,46.52733857230498,22.673412924431467,60.13031427339196
2024-01-26 19:00:00,45.46651385581397,20.50170431827315,62.108317164550385
2024-01-26 20:00:00,51.854067046528186,17.39333576237652,68.02267009299575
2024-01-26 21:00:00,44.81228820887387,17.710308231684625,65.09197042296611
2024-01-26 22:00:00,48.470267343569766,18.57265646857399,67.77231503539058
2024-01-26 23:00:00,51.63862378861622,17.122107280593536,68.12799475470271
2024-01-27 00:00:00,54.86765410904523,17.230461277295156,66.40479778086187
2024-01-27 01:00:00,59.33734577938752,14.522817268972851,63.22909016813413
2024-01-27 02:00:00,58.40039133771506,14.552375425146924,65.87850407090957
2024-01-27 03:00:00,56.096714008684565,16.874150843554713,62.847490070361616
2024-01-27 04:00:00,62.09260586532704,18.578014877204115,61.83879162461664
2024-01-27 05:00:00,61.64387521244515,21.72013481014168,56.66599923390229
2024-01-27 06:00:00,56.32928084362797,19.630549518399107,58.463862796007525
2024-01-27 07:00:00,58.559581620324074,25.953103762962424,50.80806554697042
2024-01-27 08:00:00,54.51481624039775,25.278788941989394,55.20903289817922
2024-01-27 09:00:00,54.611812127449056,26.35211397037947,44.97065468758503
2024-01-27 10:00:00,52.582291582728374,26.645231701126786,49.42766689850156
2024-01-27 11:00:00,54.65985374830666,26.44468144341139,49.18857670631656
2024-01-27 12:00:00,49.964480500844935,30.15243881754668,46.35184906725706
2024-01-27 13:00:00,45.234890088103455,28.864125938087273,50.4007308068081
2024-01-27 14:00:00,49.17218879307076,26.256232566853626,54.12772886253492
2024-01-27 15:00:00,42.19259738246539,25.13663718741677,47.45795290161491
2024-01-27 16:00:00,45.523521716367476,25.02990142099377,56.668671567701715
2024-01-27 17:00:00,41.631370111514975,26.148363451122876,51.76682294917478
2024-01-27 18:00:00,43.90662563365822,21.636572108090974,58.174028442216965
2024-01-27 19:00:00,47.58663369429062,18.08386654991716,67.07291591225224
2024-01-27 20:00:00,48.31286948127289,18.155959710279763,63.6166127283853
2024-01-27 21:00:00,51.92044564560237,16.668439534047454,63.72555412682196
2024-01-27 22:00:00,51.69953687216543,12.16218087339072,67.16441394042901
2024-01-27 23:00:00,54.165755196486444,15.162506402851564,73.16976584540888
2024-01-28 00:00:00,54.238707946414635,14.67669165770785,63.08005264487562
2024-01-28 01:00:00,57.49953912952922,16.21320812671531,64.03197925874612
2024-01-28 02:00:00,59.787752597482736,18.526360706432342,68.81464701981463
2024-01-28 03:00:00,60.233666375278,18.627443573060972,67.64425585884435
2024-01-28 04:00:00,57.45647782698822,18.12355583322322,60.32961239029944
2024-01-28 05:00:00,62.88397583593429,18.639130412044057,54.902368243683526
2024-01-28 06:00:00,61.90042717452009,25.60270372454971,60.65141830349774
2024-01-28 07:00:00,59.59337239055245,23.894639123337893,56.98610597937321
2024-01-28 08:00:00,56.908272545761875,25.51950100867797,52.62629965754022
2024-01-28 09:00:00,61.50169190749279,26.915972346351747,47.308740089812105
2024-01-28 10:00:00,57.404358971416414,28.33949649156604,48.218168385014216
2024-01-28 11:00:00,53.86870241464493,28.55937620732996,47.59909979738792
2024-01-28 12:00:00,50.018464614631235,28.19687319036767,49.167869998648236
2024-01-28 13:00:00,49.05509834783412,27.995878266286947,52.967249557483804
2024-01-28 14:00:00,52.15888674264451,28.01632324818878,53.127474790978084
2024-01-28 15:00:00,48.28474175988087,26.18895278871853,50.306559807537994
2024-01-28 16:00:00,46.42757437561738,24.502015904252048,58.85305067402359
2024-01-28 17:00:00,48.348560049974154,23.960735634486333,58.78283035003265
2024-01-28 18:00:00,45.93733520617907,21.643031895610974,62.30585494067262
2024-01-28 19:00:00,51.742739321015925,22.293856868298032,66.66635214819644
2024-01-28 20:00:00,54.01251422762394,14.78864226824983,62.2921171880814
2024-01-28 21:00:00,50.52011145578546,18.578362124385748,66.57069009107828
2024-01-28 22:00:00,52.171083790956395,17.682341443005576,66.33062188449261
2024-01-28 23:00:00,50.904250854260184,12.335772890605133,64.08035143658635
2024-01-29 00:00:00,55.420606543705055,14.520237368287512,68.52603320690305
2024-01-29 01:00:00,58.14466842546731,14.718502003582376,72.93914541680537
2024-01-29 02:00:00,63.185575380920596,13.967305800904034,60.47087345060112
2024-01-29 03:00:00,63.56001226504269,15.961309169066924,62.91929847237653
2024-01-29 04:00:00,62.35927960927383,16.945193816347693,62.18954778871229
2024-01-29 05:00:00,64.14139919023387,22.641445305075322,58.307695504140526
2024-01-29 06:00:00,66.04932120869681,23.309949750406396,55.128989417685425
2024-01-29 07:00:00,65.14033363792039,25.591910448709477,49.751959091385594
2024-01-29 08:00:00,58.765942011802814,26.51034088966042,51.5108990454848
2024-01-29 09:00:00,61.799087546030655,25.369074988601806,47.4478360196158
2024-01-29 10:00:00,56.6830148207394,27.327849453699383,42.865937474662985
2024-01-29 11:00:00,60.02976919665033,29.446605169742526,50.98648055128433
2024-01-29 12:00:00,58.357651761531315,27.289021067551275,50.736706286714416
2024-01-29 13:00:00,51.87658480537385,29.759678586264826,49.46889840428334
2024-01-29 14:00:00,50.9977464126441,27.725722269069664,51.50161890864867
2024-01-29 15:00:00,50.71040000757812,26.424998337736472,55.68579503178861
2024-01-29 16:00:00,45.446449139771666,26.495343955485097,55.97265869092002
2024-01-29 17:00:00,51.45917763729047,24.43370195179809,60.260043886903105
2024-01-29 18:00:00,50.62497915633131,21.494647367853414,59.844484948840496
2024-01-29 19:00:00,54.12031158977965,21.811328408992363,66.27995934643486
2024-01-29 20:00:00,51.46517029048909,16.98651134136015,65.87303212669724
2024-01-29 21:00:00,53.78471869376773,17.912562381416098,67.14538389685902
2024-01-29 22:00:00,53.66336368721877,16.76816393466471,64.48410554111052
2024-01-29 23:00:00,57.556047167278265,14.805154200936993,68.71738963575427
2024-01-30 00:00:00,58.99958932958797,15.456586231138965,65.57937096915458
2024-01-30 01:00:00,66.64317025005063,13.486960209037072,65.06454722152317
2024-01-30 02:00:00,63.73071928208983,17.23146000039857,63.03262874107536
2024-01-30 03:00:00,67.34222836966225,16.79138954067386,60.33441267025184
2024-01-30 04:00:00,67.56950802164106,17.76818777127341,65.90011895856769
2024-01-30 05:00:00,65.20229555513664,21.65687960045394,61.328347654971296
2024-01-30 06:00:00,68.1859412052217,21.013918833239938,60.212728304335364
2024-01-30 07:00:00,69.02675954443214,21.839887500808718,49.94276245111119
2024-01-30 08:00:00,63.82302516088164,23.320719157066467,51.107066562911776
2024-01-30 09:00:00,65.87910548431792,27.798161400189716,46.10597689914549
2024-01-30 10:00:00,60.866614147702634,26.269576732996196,46.60150454411662
2024-01-30 11:00:00,58.546078603381574,31.218192638801614,45.70468254145856
2024-01-30 12:00:00,60.418943212070225,26.085298828962788,51.43970175321316
2024-01-30 13:00:00,54.22113903394583,31.13651969962958,48.34917176690114
2024-01-30 14:00:00,54.89233893734792,28.357602280574795,53.59988052236951
2024-01-30 15:00:00,52.88213351714479,26.814349111687324,54.5103022239713
2024-01-30 16:00:00,53.50442537571297,24.73711327846747,61.170906429236574
2024-01-30 17:00:00,46.69453476929186,24.370523875810676,54.301389442150864
2024-01-30 18:00:00,48.775717648394746,21.94731141660509,63.73627355049218
2024-01-30 19:00:00,54.83660310177252,21.7328893191055,65.86610217600163
2024-01-30 20:00:00,57.209030550250176,18.65991870812699,62.63762071679779
2024-01-30 21:00:00,54.669610791474135,17.260674997740864,69.17808737902726
2024-01-30 22:00:00,58.269847859327264,15.428765076409547,68.49962067045627
2024-01-30 23:00:00,61.43343444560233,15.158795342767023,67.43130935011648
2024-01-31 00:00:00,64.23635249070318,15.430922476448883,65.59941954546063
2024-01-31 01:00:00,60.62865109503015,12.844283466257284,64.86248040922142
2024-01-31 02:00:00,65.11358791202036,14.050362582560936,70.19559805133042
2024-01-31 03:00:00,66.63283478360937,18.090822263325876,63.00170704739379
2024-01-31 04:00:00,70.05529354789311,18.739211613379055,62.543515454853875
2024-01-31 05:00:00,74.30851082029629,19.930690013388592,56.02275154583105
2024-01-31 06:00:00,67.60211928254546,22.0258075062916,53.46217718342082
2024-01-31 07:00:00,64.10048119684207,24.298347703223897,55.70496202312514
2024-01-31 08:00:00,66.8771868940474,24.744336447566695,47.55499165925566
2024-01-31 09:00:00,67.4060967262833,25.860120852742615,48.30171154239251
2024-01-31 10:00:00,62.27058779284935,28.33636118362777,48.425810264789924
2024-01-31 11:00:00,58.15563367742148,27.391758895362422,48.27843150460013
2024-01-31 12:00:00,59.72447395700458,29.57155385800026,47.89300852456895
2024-01-31 13:00:00,57.80748829053039,26.377863738090483,50.32929541489537
2024-01-31 14:00:00,51.233526194866464,29.502995718747005,52.66107157767885
2024-01-31 15:00:00,53.297835502844194,27.61138394368424,54.83659386364839
2024-01-31 16:00:00,53.6849531207791,25.85844162803938,52.947300027305104
2024-01-31 17:00:00,53.5896955721339,25.18750069324145,57.289612255177964
2024-01-31 18:00:00,50.86496538894714,24.331664222247635,63.575097605717325
2024-01-31 19:00:00,51.11802611038879,21.608384775307897,65.2366179689348
2024-01-31 20:00:00,56.68905873289004,15.92277607613562,61.63891918316277
2024-01-31 21:00:00,52.696141394583215,15.258844778264216,67.53895378872475
2024-01-31 22:00:00,57.83064808490721,15.063076164735072,62.71369513945369
2024-01-31 23:00:00,55.69256610052335,15.27504668627167,68.11733725515093
2024-02-01 00:00:00,63.3389035157408,15.724722628656773,72.40367580475564
2024-02-01 01:00:00,62.20552241503658,14.22247787756167,64.29052224467202
2024-02-01 02:00:00,66.95454463841742,16.199295643776768,62.98526019813641
2024-02-01 03:00:00,66.83754445302736,15.992716426399596,64.91007445393218
2024-02-01 04:00:00,63.207407962974,17.643875075811252,56.73118666300132
2024-02-01 05:00:00,69.79949690859098,18.218941148694686,56.41811242528755
2024-02-01 06:00:00,69.62622510439435,20.70747345544463,56.90291239292923
2024-02-01 07:00:00,67.09718252401757,21.919374867854735,51.41428538077647
2024-02-01 08:00:00,61.76822620494435,24.133777445831747,50.33900722010721
2024-02-01 09:00:00,60.37267907489151,28.42484598355672,51.200210237943104
2024-02-01 10:00:00,59.943878476144974,26.73301938212642,49.39460694595072
2024-02-01 11:00:00,54.45323160030142,32.44681567479582,48.66704599073851
2024-02-01 12:00:00,58.380382653303755,29.690645061233244,47.49293603893419
2024-02-01 13:00:00,52.91201584526187,29.020251357196322,50.26489875032799
2024-02-01 14:00:00,44.84723990814236,26.860476934237383,50.61960048788517
2024-02-01 15:00:00,49.9544865918048,27.93018129947839,54.14451402481434
2024-02-01 16:00:00,47.76981290583211,24.694107043267202,54.16947948617951
2024-02-01 17:00:00,47.80415799611061,23.98254705622138,57.543577564051176
2024-02-01 18:00:00,46.343726932955825,25.58411835357629,58.11329596964501
2024-02-01 19:00:00,50.803702310054994,20.05378282466796,62.91248097498434
2024-02-01 20:00:00,52.17699058119327,20.108982656799995,63.04356565279336
2024-02-01 21:00:00,52.44035728737433,16.065805536517924,63.87513791243944
2024-02-01 22:00:00,52.79730615703967,15.888838286813153,68.30591113252913
2024-02-01 23:00:00,54.83398641635552,17.717640105866256,68.53184943964415
2024-02-02 00:00:00,57.867804761897084,14.122246119097126,69.61644260026209
2024-02-02 01:00:00,56.805023962440856,17.775947197172236,65.5824401139067
2024-02-02 02:00:00,62.02392716737513,16.928674883146545,66.0911999289574
2024-02-02 03:00:00,63.36597322348372,16.26279904544217,64.37699393068438
2024-02-02 04:00:00,66.08860138936818,19.385370834677577,61.70012497060408
2024-02-02 05:00:00,65.28676292389177,21.549842913759857,55.935865792994726
2024-02-02 06:00:00,60.64461590806441,22.870533947104022,55.78521825465303
2024-02-02 07:00:00,63.94710608660982,21.61341870787082,53.91035074013657
2024-02-02 08:00:00,58.10316142738356,24.48200795384524,50.94687835540446
2024-02-02 09:00:00,59.646443203088225,26.603221378533675,44.123551816227916
2024-02-02 10:00:00,54.9951853889469,27.957971025751,48.74196579704308
2024-02-02 11:00:00,51.628144004250565,29.63042172059439,53.53132759849311
2024-02-02 12:00:00,52.256615186266274,29.248781401306555,47.440643565216845
2024-02-02 13:00:00,43.898530115777014,26.891998681829346,47.519553217517185
2024-02-02 14:00:00,43.80430255649977,28.594454817899507,51.8623035874129
2024-02-02 15:00:00,45.983923019296256,27.804567511703265,53.78094552616636
2024-02-02 16:00:00,45.85006693419685,26.2837066271035,58.39364746251584
2024-02-02 17:00:00,44.00825854194304,25.324826331494105,54.8553296102276
2024-02-02 18:00:00,41.80838034137084,23.167491016368597,62.41664108246287
2024-02-02 19:00:00,44.463216188144884,20.83111879520204,64.47605515312864
2024-02-02 20:00:00,48.61142630027977,18.4017680039579,64.71570146951396
2024-02-02 21:00:00,51.333832312158854,14.724907224771885,67.50697233264854
2024-02-02 22:00:00,51.25721878465533,16.539287680294592,70.23290196688657
2024-02-02 23:00:00,56.0991809584109,15.529281978004885,70.18078845007112
2024-02-03 00:00:00,56.16133441134588,15.380210372073522,64.8017099827064
2024-02-03 01:00:00,56.25190313656284,13.451071209828061,68.71064950473328
2024-02-03 02:00:00,58.80290353298259,14.42434301693724,64.90934629928417
2024-02-03 03:00:00,56.75335587900305,18.524666526360242,63.182185245038944
2024-02-03 04:00:00,60.89407181392688,18.444622784600572,60.771182928529534
2024-02-03 05:00:00,63.66566292661722,21.142367660603963,57.62439252800436
2024-02-03 06:00:00,62.77380967777668,22.039645726582638,58.39107829174238
2024-02-03 07:00:00,63.425012518038905,23.853391911011737,52.790705100377075
2024-02-03 08:00:00,57.74585599208033,26.81359732836632,48.13006686717683
2024-02-03 09:00:00,60.445009791213465,26.22728484880135,48.35592132223127
2024-02-03 10:00:00,54.802264172174006,28.196746914208465,48.78747852913554
2024-02-03 11:00:00,56.86801016087574,28.114295379836392,51.07303696074263
2024-02-03 12:00:00,51.26851543423128,28.39170528159476,49.848478449481334
2024-02-03 13:00:00,50.80088692924596,28.32863981116743,47.21340776528806
2024-02-03 14:00:00,51.17027128706528,28.37316510677823,57.14190697983169
2024-02-03 15:00:00,46.07795094791528,26.27949939797701,53.6619382774447
2024-02-03 16:00:00,45.814096122247136,27.258058575803105,58.60028639397241
2024-02-03 17:00:00,48.665945166832365,22.559283092610283,57.62071391605681
2024-02-03 18:00:00,45.61170175494706,21.738379698174178,61.9215885627888
2024-02-03 19:00:00,43.92585232829498,19.57264320269853,65.0986712612958
2024-02-03 20:00:00,52.682996850170746,20.525769038095365,68.11655459125122
2024-02-03 21:00:00,48.88761712098087,17.325429218810303,69.30367480128992
2024-02-03 22:00:00,52.09057022585488,17.38240452876504,69.83975076307306
2024-02-03 23:00:00,57.33080234502027,13.158734693724808,67.21228317201472
2024-02-04 00:00:00,54.83716515639172,15.373870372216963,66.22989315800055
2024-02-04 01:00:00,55.87615732604775,16.484002329849318,67.49177281365488
2024-02-04 02:00:00,60.91632775527506,16.053019758494525,67.4038879927183
2024-02-04 03:00:00,57.10503005775423,18.541925056785562,62.44319824805833
2024-02-04 04:00:00,62.183935278196216,17.775796169859582,63.2511203653112
2024-02-04 05:00:00,63.14908471117566,22.161353100542147,61.631541863715675
2024-02-04 06:00:00,61.16858744916507,25.218457373066794,53.12100725129138
2024-02-04 07:00:00,58.45963377794133,23.30375933110203,50.90769824050934
2024-02-04 08:00:00,64.59535790682413,24.876296470038888,50.57799454087116
2024-02-04 09:00:00,58.97618114507794,28.984485736270628,50.10877763262869
2024-02-04 10:00:00,60.030721373358055,30.27357883051401,47.02932420269178
2024-02-04 11:00:00,55.12705062066919,28.029476746008836,51.38050669716786
2024-02-04 12:00:00,51.57554831617009,28.411738456065798,49.4009088909054
2024-02-04 13:00:00,52.303168254720894,28.3669823316188,49.43836358275741
2024-02-04 14:00:00,49.84429665314202,26.17994711104312,47.33915837846319
2024-02-04 15:00:00,46.36879248644644,25.663634743227966,49.71046045893129
2024-02-04 16:00:00,52.0474457693893,24.094202926547066,56.114332674679176
2024-02-04 17:00:00,46.7533170622088,22.736816724571955,52.66851093461258
2024-02-04 18:00:00,44.54943248848701,21.951441157658742,63.11978397513542
2024-02-04 19:00:00,52.594917827132676,20.51616730983346,62.60461538906906
2024-02-04 20:00:00,49.82300710795845,20.670700689939807,73.17880023585225
2024-02-04 21:00:00,52.22765590763263,15.652556874659899,72.43004466438467
2024-02-04 22:00:00,50.70000157212989,17.315873531376145,67.20563558977192
2024-02-04 23:00:00,61.47002244741579,14.938934834060792,67.73415749367172
2024-02-05 00:00:00,56.848917550190954,14.930750806486595,70.14821204789584
2024-02-05 01:00:00,61.900643595427944,16.183266505009712,70.91818556263945
2024-02-05 02:00:00,65.90724403877185,14.366011343321736,60.97599516827552
2024-02-05 03:00:00,65.66295762255551,17.585626176351774,58.53406133661332
2024-02-05 04:00:00,65.71956427638054,18.73303309149825,59.03310343713949
2024-02-05 05:00:00,62.38063914932647,20.8776984538936,59.45684395793453
2024-02-05 06:00:00,64.33520726445491,22.404836101471034,56.65399352524385
2024-02-05 07:00:00,65.24805662219518,27.249153511592848,55.67442863745986
2024-02-05 08:00:00,62.629416979798116,24.607164022047993,47.92968836722118
2024-02-05 09:00:00,63.16557863772119,26.20635173130334,43.54938630473347
2024-02-05 10:00:00,62.85621752663464,27.189781089496368,50.485777225364686
2024-02-05 11:00:00,61.29039935701898,27.98381281719912,45.92950931758691
2024-02-05 12:00:00,54.16513403186521,28.107658021770874,43.29452207613776
2024-02-05 13:00:00,59.84740236318301,30.42610392757402,49.702405327054045
2024-02-05 14:00:00,55.02207511948921,30.05088377367688,52.911871408681044
2024-02-05 15:00:00,52.69439869735079,26.150702657056684,52.69485716969668
2024-02-05 16:00:00,54.59669502281772,24.334702197654174,54.267188583518504
2024-02-05 17:00:00,56.992462954898514,24.471715094658656,57.601594419635255
2024-02-05 18:00:00,49.00926771775362,21.226887738006624,59.661733545023075
2024-02-05 19:00:00,52.23054026079226,21.07437122914019,59.629882220149746
2024-02-05 20:00:00,48.950290151770986,18.784092229191703,63.2843661193894
2024-02-05 21:00:00,57.44679139768848,14.928210770698046,67.96345380037882
2024-02-05 22:00:00,58.84170461072096,18.104329455371087,68.46345461633192
2024-02-05 23:00:00,60.03208215241144,17.752747958310273,68.42014951491706
2024-02-06 00:00:00,61.528944111158324,14.142095833321859,65.17138705825722
2024-02-06 01:00:00,60.40145064126242,14.695737032066154,66.20649613250528
2024-02-06 02:00:00,67.25699439876809,16.338033720523743,59.62840519575858
2024-02-06 03:00:00,71.3859369329774,17.51849203767583,63.446191659713456
2024-02-06 04:00:00,67.59348863781871,19.421961981741976,64.16033472055929
2024-02-06 05:00:00,69.45510124494021,23.002553038555128,54.31466966989482
2024-02-06 06:00:00,65.47642459865051,21.75227388150827,53.946990365680406
2024-02-06 07:00:00,69.68885473428305,22.694117173363807,53.82276694677525
2024-02-06 08:00:00,66.78973260855496,23.56895308077971,54.06103877420332
2024-02-06 09:00:00,63.846174152312564,25.92644541238709,48.2191844214054
2024-02-06 10:00:00,61.644010627927834,28.015800064467644,46.61011591394456
2024-02-06 11:00:00,59.61436818626163,31.27386179294839,43.077692143959794
2024-02-06 12:00:00,60.396439082501686,28.27534418134936,48.59933706037957
2024-02-06 13:00:00,54.557288993409635,29.074783916317948,54.44493606251485
2024-02-06 14:00:00,54.88127801644946,28.039185771989306,51.6223283430463
2024-02-06 15:00:00,53.99045011550143,28.613498051133096,52.94430255204065
2024-02-06 16:00:00,50.364246159264695,29.03770539622312,56.21701532589198
2024-02-06 17:00:00,57.81961041379269,23.068517033629387,57.97226999012858
2024-02-06 18:00:00,51.928046926759045,21.31478478047443,58.55565452037477
2024-02-06 19:00:00,52.868478318898916,21.65009191217913,65.05819978919425
2024-02-06 20:00:00,53.53261523347045,19.45464808547685,65.6354716196447
2024-02-06 21:00:00,61.190802451951015,19.635642787724723,66.7042871676786
2024-02-06 22:00:00,60.615217082172634,16.755321632965227,65.22084319469505
2024-02-06 23:00:00,59.906612837025925,14.735510288874648,71.2587698298369
2024-02-07 00:00:00,66.28136579967408,15.826916762969233,69.3210151262235
2024-02-07 01:00:00,65.79608420286387,16.790704228792563,65.27795194442616
2024-02-07 02:00:00,67.86113128220813,17.086497227185212,67.57562994607032
2024-02-07 03:00:00,67.63378459198596,17.760436175244386,61.75607290403715
2024-02-07 04:00:00,67.21336439948251,19.9933445654247,58.63318171974744
2024-02-07 05:00:00,69.87723464420638,21.825280510906417,56.1007422062993
2024-02-07 06:00:00,67.27962610406944,23.935022587452522,50.98413816625477
2024-02-07 07:00:00,72.34136714032024,24.719927158342998,54.17885595104563
2024-02-07 08:00:00,63.849980131079555,25.266034687556324,46.351069992288686
2024-02-07 09:00:00,68.48355678584339,27.155146629312462,46.268636383991186
2024-02-07 10:00:00,62.15668773584899,29.751290379602782,43.15177171441302
2024-02-07 11:00:00,61.85563924537614,27.617770844641317,47.78482576802277
2024-02-07 12:00:00,60.462800164335896,29.51614263242206,47.96494058642964
2024-02-07 13:00:00,55.29120981301988,28.210806446765172,48.52300542918961
2024-02-07 14:00:00,56.72249802504906,28.102420578599883,48.322487951458015
2024-02-07 15:00:00,46.6807977697086,28.739580075956102,50.069415616408385
2024-02-07 16:00:00,50.947263830982834,25.76753869522787,56.57273420784129
2024-02-07 17:00:00,50.048393465667935,23.876744483136203,56.62362017072865
2024-02-07 18:00:00,50.0917993410661,20.096201402628203,61.37908625486526
2024-02-07 19:00:00,52.32656649945417,21.233021676720682,60.78687828468948
2024-02-07 20:00:00,55.085568698837044,19.403677853597475,65.52372466879307
2024-02-07 21:00:00,57.01761222359366,20.078809144321887,69.91844913113451
2024-02-07 22:00:00,58.5935170186108,15.506932644574752,69.12467276387258
2024-02-07 23:00:00,58.19554303706333,15.545329674706085,66.9689654544588
2024-02-08 00:00:00,62.6341012586082,15.349137157195058,68.30225568878052
2024-02-08 01:00:00,63.375168659420794,17.446953807645368,66.058591101519
2024-02-08 02:00:00,67.40172959035671,15.804408428167095,65.09076827360224
2024-02-08 03:00:00,68.00400286559369,17.44088266777268,62.18597236962885
2024-02-08 04:00:00,66.84442352335132,19.35105511360308,60.177352436311764
2024-02-08 05:00:00,65.0151326815107,20.449519456701232,58.53023338268567
2024-02-08 06:00:00,65.1989707825052,21.3749929396291,52.928412800019785
2024-02-08 07:00:00,64.22268783197919,24.083459305775367,50.46030293252511
2024-02-08 08:00:00,62.941367404699655,27.00308444980364,47.45757580355668
2024-02-08 09:00:00,63.13602503512433,25.51262604913022,45.33906820089643
2024-02-08 10:00:00,61.67861437939415,28.248335370296637,45.29753500655814
2024-02-08 11:00:00,58.11514904656357,27.78131164310862,48.398656267010324
2024-02-08 12:00:00,55.218259339466414,30.67306528049478,46.10877294837956
2024-02-08 13:00:00,54.53342169037963,26.62901911732623,50.62378212273344
2024-02-08 14:00:00,50.801361423373166,27.27968724031079,51.01571656001591
2024-02-08 15:00:00,47.86336160348699,27.477844093396175,48.07873946640467
2024-02-08 16:00:00,44.93564955644955,27.691733640928216,57.04924850952888
2024-02-08 17:00:00,47.575532530604114,23.71968295021556,60.026996613979215
2024-02-08 18:00:00,50.377647329230165,21.222720662629566,58.1035337639381
2024-02-08 19:00:00,47.70367319927342,22.82188658149916,64.05047885723732
2024-02-08 20:00:00,50.96611586206401,16.47278053941736,62.929822218342224
2024-02-08 21:00:00,54.545061914614415,13.971924192426236,66.90442997971522
2024-02-08 22:00:00,55.42666175568559,16.553842403583594,64.49801224550322
2024-02-08 23:00:00,53.99890484988144,14.535643301882903,63.51723386866356
2024-02-09 00:00:00,61.11624381381168,13.570274056017002,66.70221528885827
2024-02-09 01:00:00,62.67637507630445,16.230218242195612,66.35093167215726
2024-02-09 02:00:00,59.16340296409142,16.27914317278863,64.07686857782906
2024-02-09 03:00:00,61.20476171131294,16.26054244866268,60.03992360444389
2024-02-09 04:00:00,66.85696024857697,16.70757384186054,59.58844279569733
2024-02-09 05:00:00,63.24159787723527,21.40970694387458,58.673236881452
2024-02-09 06:00:00,58.08995994982373,22.910281649142007,55.29957697366853
2024-02-09 07:00:00,59.31158035653321,23.672887106426455,53.45625257649827
2024-02-09 08:00:00,59.73932140202845,28.085291794466563,49.253644186998876
2024-02-09 09:00:00,57.073973867676735,25.451628795449263,52.26904074894607
2024-02-09 10:00:00,56.58132261320381,25.926442587196398,45.40030839572245
2024-02-09 11:00:00,55.307919425299076,27.792809486189682,49.2189007427168
2024-02-09 12:00:00,56.25458823860788,28.936179577102305,51.295469469509186
2024-02-09 13:00:00,49.98857431922198,29.102156013075273,50.54201619402783
2024-02-09 14:00:00,51.45191028640399,27.724447345492226,50.42262162047228
2024-02-09 15:00:00,50.67170393958971,27.44262502342597,51.67925738334266
2024-02-09 16:00:00,50.581747626392804,23.747844806133305,58.002028676590356
2024-02-09 17:00:00,46.372944574443,25.833003761420258,54.44256268684554
2024-02-09 18:00:00,42.04145639080183,21.884988350250595,58.16287980007592
2024-02-09 19:00:00,48.058426623823465,21.75248084850586,62.006105586270614
2024-02-09 20:00:00,51.15892775616881,18.97981548492885,68.16520220564546
2024-02-09 21:00:00,50.0812149835426,17.689707038509475,67.60967312794652
2024-02-09 22:00:00,56.01633477990075,16.73549636583409,65.23914386661511
2024-02-09 23:00:00,56.19224526222527,15.865311200000734,67.22423073653773
2024-02-10 00:00:00,57.49853667290267,15.899811863814561,66.12345040265001
2024-02-10 01:00:00,60.37441799198298,17.099332758161882,64.88578155726063
2024-02-10 02:00:00,60.9061039856395,16.21295181109093,67.51829170825748
2024-02-10 03:00:00,55.19435892207257,18.04285779231805,59.57064217684122
2024-02-10 04:00:00,61.21228307568752,18.37437002799789,64.61014259036132
2024-02-10 05:00:00,64.72611126862424,22.20443078591149,60.07057422546194
2024-02-10 06:00:00,60.58222540976892,21.053050777116756,58.13896372548405
2024-02-10 07:00:00,60.027087109662716,26.333049921792778,51.84265121993704
2024-02-10 08:00:00,57.51102382182111,25.44377886909779,50.55408039043684
2024-02-10 09:00:00,62.650205118840645,24.9466623253405,45.75686642584385
2024-02-10 10:00:00,60.02318263129156,28.241524007366163,47.0290857194423
2024-02-10 11:00:00,52.443092749129065,27.808008463558654,49.23413711910788
2024-02-10 12:00:00,52.30589347959962,30.176900968584214,51.58089939156272
2024-02-10 13:00:00,48.70524891692377,27.84780721300019,46.57185392014949
2024-02-10 14:00:00,50.07745955891379,27.437521019990374,50.01516734567123
2024-02-10 15:00:00,49.14487349315686,24.30439044498218,52.621751949418616
2024-02-10 16:00:00,48.45064862877008,24.86677115305135,51.92233654349357
2024-02-10 17:00:00,48.10109988654623,20.41830225843711,59.47837310439608
2024-02-10 18:00:00,54.00883552238722,19.782536047119933,58.77821462166857
2024-02-10 19:00:00,45.05827156152603,21.252847202884453,62.51152412205716
2024-02-10 20:00:00,44.85033710295917,19.600120222111357,63.94119438208581
2024-02-10 21:00:00,49.76101360111009,17.645893118193094,64.68690777354513
2024-02-10 22:00:00,49.71674028862491,14.584055573128083,67.64164579918928
2024-02-10 23:00:00,51.75651127243406,15.171723317377763,67.46097605357994
2024-02-11 00:00:00,55.061391932013706,14.994956445273203,66.72961355719407
2024-02-11 01:00:00,57.66538382215086,13.616808651106933,64.83909998364356
2024-02-11 02:00:00,58.57101990364087,18.04257979598291,65.86987948882286
2024-02-11 03:00:00,63.729392934707114,18.278559738500107,67.13404317123064
2024-02-11 04:00:00,62.470510326192084,18.19065015663852,60.93790853312286
2024-02-11 05:00:00,63.60741150513844,20.22590685887481,60.490295537278136
2024-02-11 06:00:00,65.52665492794019,22.291735931126354,51.93625473609136
2024-02-11 07:00:00,61.96697811595216,20.953304499923483,53.39440359823455
2024-02-11 08:00:00,61.1392550844178,25.15395166447108,48.1855113907069
2024-02-11 09:00:00,61.11160321333387,25.99496952110889,45.64743364332584
2024-02-11 10:00:00,54.15803226633705,26.659909812638197,46.492313218461845
2024-02-11 11:00:00,51.14319750044746,28.36794037398306,50.979748336033936
2024-02-11 12:00:00,54.693133680806675,31.51676113758933,50.715781308783356
2024-02-11 13:00:00,53.526210078119796,29.65866078979734,49.94725776729152
2024-02-11 14:00:00,55.81356944191681,27.262527240795226,47.09718078840962
2024-02-11 15:00:00,50.06727179520608,27.751363362204508,52.509298371530136
2024-02-11 16:00:00,,27.459097611220418,56.16605957122919
2024-02-11 17:00:00,48.439117039778054,25.10622047179548,58.438840573946074
2024-02-11 18:00:00,50.083603568964485,22.083482517888537,55.97870649232357
2024-02-11 19:00:00,54.59970916718354,19.282555195494393,60.774205379950104
2024-02-11 20:00:00,46.99060973364083,19.477512639059178,64.91087340149357
2024-02-11 21:00:00,54.87637128626984,17.6011320712847,68.00098131163732
2024-02-11 22:00:00,60.45960286995225,17.191092681547783,62.16893871014082
2024-02-11 23:00:00,58.81835613473817,16.127759738331278,67.59469006130035
2024-02-12 00:00:00,64.12781837445321,16.46937380144707,68.01688018758817
2024-02-12 01:00:00,61.64384591451669,14.489189919791656,68.78428400913478
2024-02-12 02:00:00,64.17982826004258,17.782173865397077,66.80321177245922
2024-02-12 03:00:00,66.13891738968445,17.32689197826342,64.45642829702213
2024-02-12 04:00:00,61.07398846624964,21.405365221675293,58.58833918427042
2024-02-12 05:00:00,64.71789283302908,19.223403738956925,53.22999465719169
2024-02-12 06:00:00,64.0651426049503,24.430349324431376,54.42917765632117
2024-02-12 07:00:00,68.49643664520715,24.088808412565438,55.50407956302171
2024-02-12 08:00:00,67.78280079760478,24.588014794939557,54.412568506945796
2024-02-12 09:00:00,64.81298342627586,26.27230730062965,51.116118717900164
2024-02-12 10:00:00,64.0320825511848,27.613691595018956,49.414093794113676
2024-02-12 11:00:00,59.51520348764087,29.35531310898614,48.94909912096492
2024-02-12 12:00:00,60.534507619109185,29.731969683249698,46.95044487020739
2024-02-12 13:00:00,56.405890137112046,27.958300778509454,49.01459522827164
2024-02-12 14:00:00,55.01314725988543,28.02808139732564,55.10160600270012
2024-02-12 15:00:00,52.043359756750654,29.948925970362602,50.643604985520106
2024-02-12 16:00:00,54.036110817295054,27.918560438141142,59.448756525749275
2024-02-12 17:00:00,51.58321672114493,24.422586453261395,57.19492961376978
2024-02-12 18:00:00,55.577538693819754,22.05320486943553,63.90177072376292
2024-02-12 19:00:00,51.32487049954391,20.356310541687908,59.48296247625575
2024-02-12 20:00:00,52.92004046021648,19.358925161822864,66.53582831477722
2024-02-12 21:00:00,59.26298511183919,15.618342940416307,64.81832869797519
2024-02-12 22:00:00,59.22023655265344,15.57749502111635,64.12109028308016
2024-02-12 23:00:00,61.305075651773635,12.902501512547934,68.54633510602737
2024-02-13 00:00:00,65.98587750837272,15.558912371647391,70.18293773438062
2024-02-13 01:00:00,64.28148886666672,16.144593531560353,64.54790044136062
2024-02-13 02:00:00,67.29932832633665,15.261361126289822,61.32352791071978
2024-02-13 03:00:00,71.79703623595236,19.2538340003,62.770388089162424
2024-02-13 04:00:00,73.97083032928249,16.783928071796858,60.36960212908251
2024-02-13 05:00:00,74.5363885584,18.13814185198843,59.37079906888643
2024-02-13 06:00:00,69.49371784703503,22.314232545983838,57.7857959773861
2024-02-13 07:00:00,71.78142768275404,25.2776709393746,52.851462046818774
2024-02-13 08:00:00,65.52311655273014,27.85749876804101,55.56769047512012
2024-02-13 09:00:00,64.51070022496745,26.307309500289357,49.90033282349405
2024-02-13 10:00:00,58.648893787389376,29.572330993294745,47.474675472092
2024-02-13 11:00:00,66.06151437877486,28.707568926722537,43.97108160224293
2024-02-13 12:00:00,58.37118219764777,28.758321780082852,47.68409293631886
2024-02-13 13:00:00,57.76397635450008,29.998604696504845,48.498778598627744
2024-02-13 14:00:00,54.56020456333998,28.975429856269876,53.329694178838224
2024-02-13 15:00:00,57.72098550211632,24.74279844852787,54.156209060167235
2024-02-13 16:00:00,53.216034753639896,27.56715648961619,52.46338674489289
2024-02-13 17:00:00,51.04828385626551,25.743861211524326,58.43063596602731
2024-02-13 18:00:00,56.14812176217361,21.124212217886857,62.26701838034765
2024-02-13 19:00:00,52.43362316392722,20.74239163109486,66.82007839846948
2024-02-13 20:00:00,55.013159611544566,19.191642260795902,67.2898277304006
2024-02-13 21:00:00,53.8644692091598,17.415195803847652,68.56237067362311
2024-02-13 22:00:00,57.602844569786114,15.167394958125321,67.80947324942862
2024-02-13 23:00:00,63.474307997931845,14.298246500863224,68.97078001355862
2024-02-14 00:00:00,60.51537371167051,14.964224300611976,70.78302051465614
2024-02-14 01:00:00,62.81595106581863,16.880339842939588,63.328310544145346
2024-02-14 02:00:00,68.20000059324482,16.698862389941077,64.19746949382315
2024-02-14 03:00:00,68.45667249942382,16.53139246677358,61.068578128109394
2024-02-14 04:00:00,74.77509160122386,19.580378194907688,61.536073247840974
2024-02-14 05:00:00,75.98131870775488,16.200307015399925,61.07555543912679
2024-02-14 06:00:00,67.7735545037604,23.608271980521067,53.919373832172404
2024-02-14 07:00:00,70.93046315436825,21.3761340254281,47.0242390813266
2024-02-14 08:00:00,69.74642807200591,24.99258268203548,49.89838032557344
2024-02-14 09:00:00,65.29516878360216,25.382209615829165,51.62343029219915
2024-02-14 10:00:00,61.183044447921944,26.249623760481782,49.68481649448401
2024-02-14 11:00:00,61.51952075586629,30.38663828635341,49.07046561952644
2024-02-14 12:00:00,59.43351422237994,28.34521831816335,47.640758482423166
2024-02-14 13:00:00,56.368538090198236,29.246586218446442,46.14216912160601
2024-02-14 14:00:00,56.981272429692154,27.99648901606031,52.217167992195556
2024-02-14 15:00:00,52.512208396282176,27.617604626418295,50.91429547491335
2024-02-14 16:00:00,51.216608268626395,25.607550647484423,60.872051382425916
2024-02-14 17:00:00,54.038061217185486,22.015544201853658,59.42626802088636
2024-02-14 18:00:00,53.933825518268854,23.394773547225945,59.13656969463993
2024-02-14 19:00:00,51.590915738123606,19.497007467856797,61.471536881528635
2024-02-14 20:00:00,58.07742443655583,16.320785341876203,64.83870729533133
2024-02-14 21:00:00,53.05151957473783,16.450891306342008,66.06149923278994
2024-02-14 22:00:00,57.15118470994041,18.038885880397018,70.45134270171555
2024-02-14 23:00:00,59.99519712650166,16.428829654935424,68.46604042436012
2024-02-15 00:00:00,61.4157576101945,14.511887011828998,65.83017891561934
2024-02-15 01:00:00,63.73840954898543,14.749558429930742,71.38635575073404
2024-02-15 02:00:00,70.64466906335655,15.487533101804459,65.19433864066625
2024-02-15 03:00:00,64.77561712484969,19.957699708679197,64.92209918992242
2024-02-15 04:00:00,73.42073769044408,19.034709633124045,59.067624182413425
2024-02-15 05:00:00,69.02588258998463,20.790324990349767,58.90778906936135
2024-02-15 06:00:00,67.56669056907334,23.44239683564455,56.18958452683273
2024-02-15 07:00:00,67.46569015565511,24.146038138354797,48.275876769759506
2024-02-15 08:00:00,71.3852268675112,25.137340995851094,55.967119964286375
2024-02-15 09:00:00,61.31305168068963,26.67485767958669,52.566357114462114
2024-02-15 10:00:00,58.638862817301636,27.96193606331129,47.34775344674439
2024-02-15 11:00:00,57.11479875502584,28.70936965290967,45.24432564886036
2024-02-15 12:00:00,56.581741186326575,30.018681361091772,49.20964577161819
2024-02-15 13:00:00,50.63788252950182,28.8342050241537,49.55649021069164
2024-02-15 14:00:00,52.63539662041603,29.087873934592857,51.81810455954271
2024-02-15 15:00:00,55.32520736343192,26.836744256153736,53.478943490484944
2024-02-15 16:00:00,50.83121298795799,25.610089266442717,56.67741202223938
2024-02-15 17:00:00,50.26512052847349,21.01425235737285,61.61826424847937
2024-02-15 18:00:00,48.55585496924884,23.282858744583578,62.00844846384676
2024-02-15 19:00:00,52.74834955474729,20.673350550539585,60.375861252725166
2024-02-15 20:00:00,50.042930902364795,19.8972141538035,68.47747494364629
2024-02-15 21:00:00,59.163955891837716,12.99549500222323,70.7617904465652
2024-02-15 22:00:00,59.65894663718522,18.86154676020188,75.53940009917082
2024-02-15 23:00:00,58.03719619052837,15.04309373655933,65.191264916901
2024-02-16 00:00:00,59.13743951988347,16.551455943432522,68.2664632957664
2024-02-16 01:00:00,63.8290830411768,13.782650918000758,61.45500727987193
2024-02-16 02:00:00,65.27780718011434,16.795705640596516,66.45394070281345
2024-02-16 03:00:00,62.50455223891076,15.575470743251076,61.629499254583436
2024-02-16 04:00:00,63.975005574954615,17.626723455025612,65.39680493808737
2024-02-16 05:00:00,61.05092225207056,22.86791057969601,56.0634625749538
2024-02-16 06:00:00,65.23307158870344,21.733044638931137,51.1888519540568
2024-02-16 07:00:00,64.87955829502087,24.116139338169145,51.82184064824377
2024-02-16 08:00:00,58.39467024437449,26.718094822964208,45.99021276009168
2024-02-16 09:00:00,59.109418845723376,27.64370211146748,51.21749459842384
2024-02-16 10:00:00,54.743819134893954,28.27276429369211,43.17803412146861
2024-02-16 11:00:00,53.746876555456296,29.27242618747612,48.0711439529579
2024-02-16 12:00:00,53.90212846318872,32.36478181933359,43.14621218746876
2024-02-16 13:00:00,49.982794222249915,28.6808144681765,48.53900145081394
2024-02-16 14:00:00,49.37708495977113,28.343716491892074,55.03737757764583
2024-02-16 15:00:00,44.51734706006607,28.420663622716514,53.901619728589516
2024-02-16 16:00:00,47.65849233724632,27.047736306141157,53.25307553656258
2024-02-16 17:00:00,46.888008808033376,25.473575743502096,57.92199127765193
2024-02-16 18:00:00,45.75962430716057,22.894222310841112,60.63323263113606
2024-02-16 19:00:00,48.47167532315324,18.588059806459867,64.18157586460835
2024-02-16 20:00:00,49.39297505918325,20.78680414522165,61.65392190366334
2024-02-16 21:00:00,49.98915705253869,15.445368981468057,68.1416722224627
2024-02-16 22:00:00,49.49284092863459,16.361511824843582,60.898279183883766
2024-02-16 23:00:00,59.75619670367042,14.18253302594941,66.42528861909048
2024-02-17 00:00:00,56.00613823458435,14.91020631476981,66.43857365676192
2024-02-17 01:00:00,59.1792201381081,15.698786590401335,68.2435711030226
2024-02-17 02:00:00,63.309059764039084,16.387722275139225,65.12764494355777
2024-02-17 03:00:00,70.14890156269348,17.640941587623487,59.48609236535935
2024-02-17 04:00:00,59.58555564445995,20.759195776682063,58.12570763648266
2024-02-17 05:00:00,64.28183770732288,20.823214706401938,58.49670002386899
2024-02-17 06:00:00,61.52279162589103,21.658180710592763,55.21414119431323
2024-02-17 07:00:00,60.588231739097786,25.16145535132147,51.55218972591089
2024-02-17 08:00:00,58.79392810782925,27.165258684494315,49.726847714354726
2024-02-17 09:00:00,57.16123314995242,25.231096527113937,51.0801659550539
2024-02-17 10:00:00,56.9053975971715,28.898537924280827,47.04651030493629
2024-02-17 11:00:00,51.53613822635783,29.743122623258728,47.77977188992732
2024-02-17 12:00:00,55.66037214079155,28.58341109529601,53.76558320731056
2024-02-17 13:00:00,50.655410474732605,30.687470322659824,45.78053936994591
2024-02-17 14:00:00,50.35325048132755,27.852100004645457,46.29932535919769
2024-02-17 15:00:00,47.31993870410599,27.125554503166125,54.95897416199636
2024-02-17 16:00:00,46.73906795974704,25.257699446002693,53.71520189573944
2024-02-17 17:00:00,48.03957566154166,23.833543982331765,57.204406180643446
2024-02-17 18:00:00,45.410269329555106,20.465214878346725,58.635299505697496
2024-02-17 19:00:00,48.36922993675982,18.172195448650292,62.35049964808086
2024-02-17 20:00:00,47.78887795514286,20.732307088515206,69.0674130921065
2024-02-17 21:00:00,50.269092787442304,15.864506644048387,68.66557518438957
2024-02-17 22:00:00,49.595689580359696,14.549872884270183,69.81481704260808
2024-02-17 23:00:00,59.864536029710095,12.223773056931348,64.45943236051839
2024-02-18 00:00:00,56.91834024564087,14.105453553234696,64.7813739215085
2024-02-18 01:00:00,63.26400988826951,13.386193505206029,59.562557389130774
2024-02-18 02:00:00,64.04323479042057,18.236643397699883,63.04761575915886
2024-02-18 03:00:00,60.45421658386314,18.46399645677367,65.39175796596439
2024-02-18 04:00:00,62.35004689497621,17.53658951675101,61.88055674039633
2024-02-18 05:00:00,69.98630541090799,23.341676811764252,57.44621684261981
2024-02-18 06:00:00,68.40535548053445,23.37447168178815,55.35605883967969
2024-02-18 07:00:00,63.9582802498406,23.35696937880555,51.27778614356144
2024-02-18 08:00:00,64.2987146126936,22.00083199917703,51.44082939413889
2024-02-18 09:00:00,59.06723453221242,30.15706706993294,51.254441660857324
2024-02-18 10:00:00,60.652268387834354,26.116776373021917,44.301024768583204
2024-02-18 11:00:00,56.3529348024752,26.457922538283785,48.74911921959337
2024-02-18 12:00:00,50.49974318016506,30.431598604813495,50.67182891449597
2024-02-18 13:00:00,49.651117456688304,32.177134152898475,48.30199523974719
2024-02-18 14:00:00,51.71714346541115,30.000159772405794,52.680683718435645
2024-02-18 15:00:00,48.48960160749522,27.739220236379374,60.03663611118153
2024-02-18 16:00:00,49.92042151152244,26.332656078331297,55.15095256650726
2024-02-18 17:00:00,47.477131425329816,25.006515098010286,58.983267625013085
2024-02-18 18:00:00,48.50202962308833,23.062500025701627,58.74304774187159
2024-02-18 19:00:00,53.544399891651445,20.581934677839577,63.45312790650508
2024-02-18 20:00:00,53.72644992192486,18.64588154553266,66.22174687432127
2024-02-18 21:00:00,55.02777213334096,16.96262215263482,67.1473598885195
2024-02-18 22:00:00,59.30162982462383,14.88227174909574,65.11001996361858
2024-02-18 23:00:00,60.649684321098015,14.845574108363001,68.51590442831363
2024-02-19 00:00:00,65.79136786033095,12.62986046012646,71.31474810968483
2024-02-19 01:00:00,62.83832207244104,15.100843738463837,67.78184344913076
2024-02-19 02:00:00,65.11411305708516,14.553794623497607,67.47603578454509
2024-02-19 03:00:00,64.43022747305585,15.505227487592077,62.40747007496837
2024-02-19 04:00:00,67.05290074459914,18.75185181161491,62.462941049584884
2024-02-19 05:00:00,70.17666480434578,22.137069885164507,58.69816959554108
2024-02-19 06:00:00,70.80237051616515,23.285643248403403,53.03453272475695
2024-02-19 07:00:00,70.35594168526062,21.61303247064503,53.796302511997325
2024-02-19 08:00:00,62.478437009131845,24.114520608801428,48.449690529533804
2024-02-19 09:00:00,66.90037496730767,28.266827131489297,47.75754527494363
2024-02-19 10:00:00,59.11780052032248,26.68669547553744,48.814062505340225
2024-02-19 11:00:00,63.183197244246095,28.446994374027664,48.74311068345031
2024-02-19 12:00:00,57.843495339418936,29.77007293863437,45.36766057441642
2024-02-19 13:00:00,59.295634657022255,27.405798547214445,51.9747103901127
2024-02-19 14:00:00,52.640890310263075,28.20970353509549,52.35894788388561
2024-02-19 15:00:00,57.60234061348673,25.08211177542041,51.238178910972756
2024-02-19 16:00:00,50.52150613921328,24.65808529846833,51.56784755785189
2024-02-19 17:00:00,52.085457758754686,24.25942802351717,57.63773855229655
2024-02-19 18:00:00,52.39355592862084,19.769808773055573,59.47333116637196
2024-02-19 19:00:00,50.97979760108304,20.804931317427155,63.282851142632325
2024-02-19 20:00:00,56.77593816383463,18.47250708150281,64.16327615897643
2024-02-19 21:00:00,62.13372382360821,17.823738467878265,61.64161188598182
2024-02-19 22:00:00,66.52568355421224,16.25130196119949,66.68839091713778
2024-02-19 23:00:00,62.453511498691455,17.148315817939906,67.23595222232922
2024-02-20 00:00:00,67.56403482784195,15.17531430370707,69.24341082482579
2024-02-20 01:00:00,67.61516102508766,14.637351458401197,64.91475485131693
2024-02-20 02:00:00,70.10051450055734,16.109038677754015,69.26775449529705
2024-02-20 03:00:00,68.93313663689499,17.810869772344994,58.220898623370736
2024-02-20 04:00:00,71.61618620904778,18.568404098455893,63.866109195531834
2024-02-20 05:00:00,72.54075557057406,20.24509505196775,57.43920257280472
2024-02-20 06:00:00,70.13315377241817,21.017211637070556,57.56077172983413
2024-02-20 07:00:00,70.3964759217594,22.883672031146006,53.19950371014667
2024-02-20 08:00:00,69.57011184769804,23.536352619480546,53.7778210281984
2024-02-20 09:00:00,68.65589352593275,29.399154908767404,48.37134105077369
2024-02-20 10:00:00,63.329934437873504,26.3207692969432,45.594190674164814
2024-02-20 11:00:00,63.711418245310554,27.791413507109183,51.55126071817766
2024-02-20 12:00:00,65.97361877661798,27.994229828203125,48.057040122403976
2024-02-20 13:00:00,61.806140262435015,30.014374911745687,49.893642146215925
2024-02-20 14:00:00,61.13091364678622,27.649248276882382,54.01581197324667
2024-02-20 15:00:00,56.01104682471624,28.69658637004895,50.420111894763686
2024-02-20 16:00:00,56.80065491306615,24.55711312605874,56.90053679307277
2024-02-20 17:00:00,57.65262126199218,24.202325142831086,56.52526310884269
2024-02-20 18:00:00,59.701847539657756,20.8305141254364,60.25776706191428
2024-02-20 19:00:00,51.45627551409216,23.1914754631651,63.18069741346079
2024-02-20 20:00:00,55.21178205680731,16.83736221335863,61.32051315824785
2024-02-20 21:00:00,62.52037371334335,17.484001526012204,64.71316143079314
2024-02-20 22:00:00,60.9960473596247,16.825109806813977,71.03694049392348
2024-02-20 23:00:00,62.209070127290126,15.817837952408661,70.215477971462
2024-02-21 00:00:00,63.049125025223084,14.740597277571208,67.50265931957262
2024-02-21 01:00:00,66.60692782754381,15.056770236349715,67.2680626841266
2024-02-21 02:00:00,66.16982539008852,15.999158234279694,64.33546154777424
2024-02-21 03:00:00,75.71236488888552,16.84444972941434,66.39145846457028
2024-02-21 04:00:00,71.0101030647459,19.84943076351265,60.087309006540075
2024-02-21 05:00:00,70.7425999276275,23.282998886510057,58.57960523033732
2024-02-21 06:00:00,72.94541819471497,21.219511500988894,58.276884909330064
2024-02-21 07:00:00,72.94258835196169,21.894009144306864,51.056571287885255
2024-02-21 08:00:00,71.35704157988076,25.37640513230823,54.825905149376716
2024-02-21 09:00:00,68.54642600402731,30.561340541021913,45.5135924377971
2024-02-21 10:00:00,64.14449432585654,26.9370334313335,52.414847064891404
2024-02-21 11:00:00,61.60320430258065,31.056244311645113,47.068311040120065
2024-02-21 12:00:00,61.86160319584013,31.348781139707018,47.73399486754607
2024-02-21 13:00:00,57.40446140529252,27.986457245632316,44.61472053419822
2024-02-21 14:00:00,56.623370969053674,28.858754137350484,49.7919453946903
2024-02-21 15:00:00,55.73537803188109,29.22950274068578,50.40048367243238
2024-02-21 16:00:00,56.490742803744624,24.969221162617806,53.89269368554128
2024-02-21 17:00:00,50.2402327477314,23.52672081157422,57.6567225855275
2024-02-21 18:00:00,56.44259599642184,21.18564672047211,62.98266948720726
2024-02-21 19:00:00,55.0523574025194,18.767607261312488,63.519008378501454
2024-02-21 20:00:00,58.310489850008466,17.591011436907667,65.84025944536823
2024-02-21 21:00:00,60.0901056877148,15.336736158227032,63.921455565730504
2024-02-21 22:00:00,63.450688535250286,15.985539029071832,65.45737303888374
2024-02-21 23:00:00,65.47816699597121,14.160556692494504,72.49681254587829
2024-02-22 00:00:00,66.77988749514596,15.327300276507046,65.82125567598263
2024-02-22 01:00:00,69.7595345977582,13.060265311291394,70.80077466798772
2024-02-22 02:00:00,67.754442878623,16.401054498609106,64.46341481466338
2024-02-22 03:00:00,68.15398392002899,18.21719307794661,63.00571984035877
2024-02-22 04:00:00,71.86271586170929,15.708770100399956,63.264103351599964
2024-02-22 05:00:00,70.84546906124369,20.711945882069006,61.17973105484705
2024-02-22 06:00:00,67.53028615137555,23.71873658946232,55.134778148276844
2024-02-22 07:00:00,69.00405752514558,22.11823588955012,52.02939236619636
2024-02-22 08:00:00,65.55870663932406,27.841601341572638,50.78913106682911
2024-02-22 09:00:00,62.307804933229846,27.53637408141822,50.18463978273594
2024-02-22 10:00:00,65.57463982011828,27.075161228429273,50.5690009542837
2024-02-22 11:00:00,60.1307531092933,28.683404075302693,48.01057464748538
2024-02-22 12:00:00,62.32101244743306,29.78165767753041,49.8879574821671
2024-02-22 13:00:00,52.06206082225623,28.867888332000923,53.435645292832824
2024-02-22 14:00:00,52.3824897050756,28.816436215916088,51.882206218796334
2024-02-22 15:00:00,52.822112667985444,25.660804437994823,53.77913214001184
2024-02-22 16:00:00,53.82205456546621,25.737105153650585,51.61453248624959
2024-02-22 17:00:00,52.15075199590455,21.8325330200507,51.42317465792739
2024-02-22 18:00:00,52.036889208967565,21.844283514111783,61.55912977410076
2024-02-22 19:00:00,49.654058460934735,18.92279598623156,62.76293942179752
2024-02-22 20:00:00,50.66145189458845,17.470258080374535,63.78411112457844
2024-02-22 21:00:00,55.046048454521845,18.78078297698891,67.26907954831016
2024-02-22 22:00:00,53.030190478161714,17.465656342340967,67.5082489398984
2024-02-22 23:00:00,57.25070510125288,16.091312585246587,70.81945062658474
2024-02-23 00:00:00,62.07461113973951,13.47076212945839,67.87453543353824
2024-02-23 01:00:00,60.12089246614888,14.795547386403712,64.79294582516887
2024-02-23 02:00:00,67.30460314552508,17.636158953479843,67.54648340926393
2024-02-23 03:00:00,67.80447409811255,17.24865621078988,62.45717231263469
2024-02-23 04:00:00,61.37511827085956,21.747061355974232,61.90453216020612
2024-02-23 05:00:00,63.52526775556723,20.73891165943438,56.80647323451806
2024-02-23 06:00:00,60.03889805621675,22.268868763086,53.78724233523118
2024-02-23 07:00:00,62.80807529365404,23.378970265834162,53.21042057546464
2024-02-23 08:00:00,64.77651664848428,25.686957266694918,50.961003796993595
2024-02-23 09:00:00,60.40536201069961,26.736289697373167,50.53931355057284
2024-02-23 10:00:00,59.93970004722525,29.053529973854996,47.66912735383501
2024-02-23 11:00:00,52.88053555633528,30.10086402753586,43.40910054057401
2024-02-23 12:00:00,56.800053818251115,27.89961475528887,47.25880702813834
2024-02-23 13:00:00,51.98608124011814,26.897754649042593,51.32429213001519
2024-02-23 14:00:00,51.5754371954514,25.49149030414644,50.18549199002646
2024-02-23 15:00:00,49.1686058435802,27.660935325983605,52.38404149371383
2024-02-23 16:00:00,46.3161994093825,23.95528675135644,57.87775081373939
2024-02-23 17:00:00,46.42961957786413,20.79768648558434,56.22006693185253
2024-02-23 18:00:00,50.56260841578323,22.544010046343466,56.731182405417876
2024-02-23 19:00:00,49.48033093634866,23.678466008688318,62.598422201186274
2024-02-23 20:00:00,53.08557103644668,18.491500723844148,63.86063293374369
2024-02-23 21:00:00,52.72852337887141,18.224139615926422,64.24463823846106
2024-02-23 22:00:00,54.61853202420501,16.052383275475655,67.22081212314387
2024-02-23 23:00:00,52.55233969161833,15.100073701508977,69.22876411811696
2024-02-24 00:00:00,57.56457002262464,16.286707076182875,67.63603685897118
2024-02-24 01:00:00,60.52265415340815,14.832134854112386,67.42770671956
2024-02-24 02:00:00,66.72700975073164,16.312171413209576,69.60458705815401
2024-02-24 03:00:00,64.7879884409595,17.500629460368604,62.14280284610598
2024-02-24 04:00:00,67.94536352013942,17.564673364899807,61.28406203763723
2024-02-24 05:00:00,65.35260735098366,21.577125973633244,56.72696659350244
2024-02-24 06:00:00,62.40203400532252,21.755056340626236,53.29591024925754
2024-02-24 07:00:00,63.70605350851955,22.753690092427536,51.53773086645566
2024-02-24 08:00:00,62.23052577067548,26.2511137809985,49.732035759330316
2024-02-24 09:00:00,58.44089629879848,25.69189229379837,50.23843545602367
2024-02-24 10:00:00,57.68184942742689,28.101631446807676,54.21343120386117
2024-02-24 11:00:00,55.632338405715,28.74871418872162,46.2098914093104
2024-02-24 12:00:00,57.37610944178481,30.52025379216421,47.2991784730706
2024-02-24 13:00:00,47.236623469579534,29.426058310055456,49.18193842937741
2024-02-24 14:00:00,53.40022758893594,28.027140084247925,51.918429309908845
2024-02-24 15:00:00,46.93827216856542,28.09462028718627,53.65887702988697
2024-02-24 16:00:00,45.134049453963975,27.44629056862423,58.62204903384463
2024-02-24 17:00:00,50.64674532032647,24.59266774461057,51.93401982366216
2024-02-24 18:00:00,50.19090995946104,22.014493667780602,54.62086577553574
2024-02-24 19:00:00,53.011616069896306,18.351695958992334,61.760304569974444
2024-02-24 20:00:00,53.483815330054036,17.008840871694606,67.81431828072466
2024-02-24 21:00:00,57.577464669132816,16.622937945597695,62.74613395883009
2024-02-24 22:00:00,56.12399232576955,15.084505090486145,60.140177413656296
2024-02-24 23:00:00,56.99236613285808,14.97675939179689,69.42794851554802
2024-02-25 00:00:00,60.22499733035995,15.07930989485595,68.26840132214755
2024-02-25 01:00:00,64.02635884645709,15.980089072075883,63.93473302084595
2024-02-25 02:00:00,61.377809234029215,15.839123884226108,62.60721881006288
2024-02-25 03:00:00,62.86302671170676,17.731354833051043,60.57564070091339
2024-02-25 04:00:00,64.83656463766857,18.59026418073411,60.864528744710064
2024-02-25 05:00:00,61.69377374567021,17.42261349138693,56.43421180954297
2024-02-25 06:00:00,66.44073698708277,20.6849304486534,56.64696934641398
2024-02-25 07:00:00,60.36669883164133,23.61001073770711,45.86343334273881
2024-02-25 08:00:00,64.25269270402609,23.806427360022603,48.78680252531519
2024-02-25 09:00:00,63.871711012961065,27.789647690300402,46.52461105987806
2024-02-25 10:00:00,58.71687139463519,30.205228991772195,47.6998900411781
2024-02-25 11:00:00,61.76065153524702,30.46774737639971,46.65488060377466
2024-02-25 12:00:00,53.238785539035256,28.70117998069771,50.33535118684876
2024-02-25 13:00:00,56.59022496740096,30.84849737561339,44.69140403300557
2024-02-25 14:00:00,54.58000610957518,28.27031226657396,51.04266087896121
2024-02-25 15:00:00,48.18548830728882,26.47782710874072,54.39584105802909
2024-02-25 16:00:00,57.985965299132225,24.641236271042807,60.05342814037902
2024-02-25 17:00:00,51.10541336757291,23.38827575463473,56.795585072266284
2024-02-25 18:00:00,49.825531747801534,21.456552454042303,61.399336961906556
2024-02-25 19:00:00,49.14445121506026,20.426849395608,58.49034301859372
2024-02-25 20:00:00,53.28294421308896,18.72480357347007,59.09117730108267
2024-02-25 21:00:00,55.82323229848525,17.054516959909115,68.7721899772988
2024-02-25 22:00:00,58.234048314945376,16.54953561115371,67.64535752877046
2024-02-25 23:00:00,59.47390978881467,16.90542400067743,70.94628172449606
2024-02-26 00:00:00,63.64936181788345,16.329375789617853,64.22575104046632
2024-02-26 01:00:00,64.50665347709615,13.159662060146658,67.9600093866665
2024-02-26 02:00:00,63.32107537919237,12.362332584646023,69.74311241322498
2024-02-26 03:00:00,67.45606881309887,18.358300407429237,64.04926402089343
2024-02-26 04:00:00,64.08456344741711,16.586369822218224,61.279644215003046
2024-02-26 05:00:00,70.3113962197093,19.873595121632448,58.021390202061006
2024-02-26 06:00:00,67.22146306060404,20.3618417635168,51.48460590616061
2024-02-26 07:00:00,69.74161804821644,21.2889607031052,56.38893233927584
2024-02-26 08:00:00,70.14717383498515,26.258047819486723,49.40178808862177
2024-02-26 09:00:00,63.44075503017017,28.0125646927296,50.60095410311334
2024-02-26 10:00:00,66.4341454742094,27.255063265473538,44.433155970681256
2024-02-26 11:00:00,61.77238660290219,25.134021575020554,45.05135083873055
2024-02-26 12:00:00,64.44149156986788,28.235257772446523,51.92846023516488
2024-02-26 13:00:00,57.19674405600758,29.310006391587063,48.471490239760996
2024-02-26 14:00:00,55.44504676969486,25.991701630207295,54.56212087824053
2024-02-26 15:00:00,57.04453082109687,27.206451355996897,52.804423352353346
2024-02-26 16:00:00,53.65347232688408,25.478566211158057,50.807065116580375
2024-02-26 17:00:00,52.734363345661414,24.62274141515901,60.23016899932906
2024-02-26 18:00:00,53.980747404702996,22.167412515779986,59.11345965663604
2024-02-26 19:00:00,56.487991570706555,18.825970167048286,64.74672203379255
2024-02-26 20:00:00,60.27640674612421,20.175200102330333,65.13409498071529
2024-02-26 21:00:00,54.846216201731934,16.828311129456687,62.802458467987265
2024-02-26 22:00:00,61.609893807172405,15.89959581819499,68.06999517631715
2024-02-26 23:00:00,65.79215467391619,13.931944073274014,73.490557855382
2024-02-27 00:00:00,66.62999266072883,14.379404848331886,68.89172440917689
2024-02-27 01:00:00,71.34150749826605,13.999795416338824,66.51645965533108
2024-02-27 02:00:00,69.81800773225315,15.695697689615892,67.75942631675775
2024-02-27 03:00:00,70.15995518655481,19.44664440389343,63.52667116300774
2024-02-27 04:00:00,73.89742950490405,16.57933839989613,61.11202602668262
2024-02-27 05:00:00,73.01151663038546,17.92928072725462,55.270937069602596
2024-02-27 06:00:00,70.73484723961431,24.059638458490802,55.9964296134485
2024-02-27 07:00:00,72.730547309967,23.518680167705234,55.58860854104252
2024-02-27 08:00:00,68.70799744937935,24.563298165876006,48.838776807884535
2024-02-27 09:00:00,66.83232588918007,28.405614030660296,52.900985515272986
2024-02-27 10:00:00,65.47789978920656,27.214316070859457,48.11147667674663
2024-02-27 11:00:00,66.77986994966957,31.317894382989103,45.78057622115365
2024-02-27 12:00:00,54.82584107146182,29.949096219874978,50.83482192940984
2024-02-27 13:00:00,61.46712766755364,28.078404812619553,48.62276037280982
2024-02-27 14:00:00,58.196932116637996,31.082409325062855,52.82771940684969
2024-02-27 15:00:00,53.838086060775055,26.101746576101235,52.27060341935311
2024-02-27 16:00:00,57.20536237976622,26.538933520813412,55.26224419015006
2024-02-27 17:00:00,57.57803508352369,24.23074292828672,59.23390051083584
2024-02-27 18:00:00,57.782332435582454,23.82243780515824,61.31543309499986
2024-02-27 19:00:00,50.79955460135605,22.374382359700203,58.0111705488704
2024-02-27 20:00:00,62.008504076622934,18.544805808692246,62.26795846162975
2024-02-27 21:00:00,59.40552224099405,15.995467513209329,68.98377899982137
2024-02-27 22:00:00,64.09542916855861,16.581783173623734,67.32891679063681
2024-02-27 23:00:00,66.67228739025487,14.289717698323578,66.69067174307145
2024-02-28 00:00:00,63.99376397640551,17.81874214653727,64.26282322474711
2024-02-28 01:00:00,70.15194204824473,15.429668679492277,63.96091323465465
2024-02-28 02:00:00,69.44389232922627,15.426372001672057,60.016571211960795
2024-02-28 03:00:00,66.84835872843401,17.308804959904915,62.746798203246314
2024-02-28 04:00:00,75.51460367988018,16.614023194658323,59.092096499572676
2024-02-28 05:00:00,71.06522697488998,18.828007030367385,55.58353027253728
2024-02-28 06:00:00,69.86847068883445,23.6805794711218,55.241500986054824
2024-02-28 07:00:00,70.70329268541366,22.89208132515775,53.9099265771317
2024-02-28 08:00:00,71.21796450853809,24.034324624245386,56.161927018659604
2024-02-28 09:00:00,67.67076564171629,27.701061321843877,45.56003741324769
2024-02-28 10:00:00,67.10892783060349,29.722163643019186,51.2391943453608
2024-02-28 11:00:00,60.70575177725938,29.76801541895444,50.432753902537684
2024-02-28 12:00:00,59.56487108228286,30.394466760128143,46.39300988866758
2024-02-28 13:00:00,59.69144114284658,27.701967660026227,49.84783584862047
2024-02-28 14:00:00,62.704679990411044,26.071642893052648,49.78484906479023
2024-02-28 15:00:00,55.762111464193524,29.051614581043697,53.464221451047095
2024-02-28 16:00:00,58.433668724949165,25.048248225620835,59.18463708248598
2024-02-28 17:00:00,55.53497892891266,23.460567092680712,59.51401558157818
2024-02-28 18:00:00,53.96966196088678,23.859471798588757,61.85971138410879
2024-02-28 19:00:00,55.400872117162955,20.96698869744329,61.92422670011295
2024-02-28 20:00:00,56.69319725156166,19.138242880914557,61.360926149554736
2024-02-28 21:00:00,59.624299478114466,20.08125581455561,66.13908351149321
2024-02-28 22:00:00,64.42017068518415,15.036896650976846,70.6757786500504
2024-02-28 23:00:00,63.1905182710541,16.5374953952903,64.18208035852588
2024-02-29 00:00:00,67.44293576598501,15.079818374855918,65.02153484244911
2024-02-29 01:00:00,64.39826312887601,15.614548406384964,66.97592337842956
2024-02-29 02:00:00,66.62676597705902,18.077677970486477,62.60943084974725
2024-02-29 03:00:00,67.43670359012111,17.761222590499685,61.0186913822123
2024-02-29 04:00:00,70.51350255909904,19.25361451066925,59.529193996705054
2024-02-29 05:00:00,68.76993209015727,21.689776956515875,54.58595648952427
2024-02-29 06:00:00,71.37712019301557,21.489066178640208,52.97650493343399
2024-02-29 07:00:00,66.9464676464473,22.636839781442948,54.758569791968306
2024-02-29 08:00:00,67.5410521381544,24.037267128370523,47.660507732557086
2024-02-29 09:00:00,67.45252656973524,24.19684824317945,45.345065625918735
2024-02-29 10:00:00,57.707791004064134,30.94086780840737,46.76567928827453
2024-02-29 11:00:00,66.34911631459524,27.21698907201316,49.82988875627461
2024-02-29 12:00:00,58.136611293887434,28.69024492697992,47.848437217117045
2024-02-29 13:00:00,52.0117201829181,28.373942164179024,48.17829326686652
2024-02-29 14:00:00,55.07355025062081,28.492547203423847,51.03982918192313
2024-02-29 15:00:00,52.96704950185995,28.09177956586114,48.635731417850934
2024-02-29 16:00:00,52.035533595247784,26.704662883703598,56.64857368341252
2024-02-29 17:00:00,54.60575967426242,22.995424901721023,58.958587578508784
2024-02-29 18:00:00,53.96977826157144,21.76602960069925,59.564919265785676
2024-02-29 19:00:00,53.662203358865305,20.58387861496613,65.5148112794914
2024-02-29 20:00:00,55.11879230254655,18.151832423342782,62.25232756448283
2024-02-29 21:00:00,55.052872310497676,19.30053633812219,69.48002652097831
2024-02-29 22:00:00,61.49624270067981,16.625187105802475,68.04549242687868
2024-02-29 23:00:00,55.85282259683126,16.26734811644635,67.15861852530456
2024-03-01 00:00:00,61.62413415891634,15.928033776134377,67.60957417446983
2024-03-01 01:00:00,63.096293451514136,16.881382616456026,66.39209212331713
2024-03-01 02:00:00,66.88082059767038,16.191252355694047,68.12177505290985
2024-03-01 03:00:00,64.45260518328081,15.234687804555922,60.308302181322496
2024-03-01 04:00:00,62.49767984705328,19.059563132453675,58.68189235315921
2024-03-01 05:00:00,67.59326490831008,19.276367032973447,60.59075723018106
2024-03-01 06:00:00,67.21003537383099,21.259936645550436,53.92297221101492
2024-03-01 07:00:00,68.83074150610248,24.632642941974925,55.2513326933292
2024-03-01 08:00:00,60.92415660492536,27.233596300006933,55.17752214565642
2024-03-01 09:00:00,64.8501037890005,26.979527675736232,48.33525839480186
2024-03-01 10:00:00,65.59141691658823,28.49454404412939,50.04414755354758
2024-03-01 11:00:00,56.34544926514103,31.14458170651281,45.115769296650356
2024-03-01 12:00:00,52.79262210158639,29.337054451283997,50.22757498227874
2024-03-01 13:00:00,51.88397148784186,32.4038371438761,49.83830592712237
2024-03-01 14:00:00,51.843359889772984,28.85389133037534,52.1115278935353
2024-03-01 15:00:00,52.43109465573427,24.48467960548752,51.38606981991139
2024-03-01 16:00:00,47.90777275907555,26.554678269546432,51.25910101005681
2024-03-01 17:00:00,52.93165618866322,24.345355054553572,59.258130161873794
2024-03-01 18:00:00,46.400770868434144,23.80565385571582,55.429682569826134
2024-03-01 19:00:00,46.18782356066467,21.1307205760606,62.206623769393836
2024-03-01 20:00:00,54.44839646929867,18.306161622422596,67.4240224779152
2024-03-01 21:00:00,48.624925226153756,15.336235000889193,67.13999837752688
2024-03-01 22:00:00,55.19541864886414,15.645189613308563,72.53011487486519
2024-03-01 23:00:00,65.0306019302542,14.047790580083522,70.56277288145444
2024-03-02 00:00:00,59.61099700150029,14.187267170273389,66.02451229207672
2024-03-02 01:00:00,58.67331550011793,16.06252898216539,66.7285374874729
2024-03-02 02:00:00,62.387372461264526,18.275688479600948,64.95264105550463
2024-03-02 03:00:00,63.91869333231447,17.602792673446174,59.0445580916349
2024-03-02 04:00:00,65.82230163406612,16.82576371315059,58.237193159813934
2024-03-02 05:00:00,66.69463593180583,20.810710419790823,56.59809773255043
2024-03-02 06:00:00,62.02728620701997,23.675284081303857,50.321258291834944
2024-03-02 07:00:00,68.35399168931741,22.958037249670515,53.11873367062952
2024-03-02 08:00:00,63.52236953276873,25.312375966657626,50.3062525765022
2024-03-02 09:00:00,62.706929541855686,26.970310940926513,45.15751120887655
2024-03-02 10:00:00,58.17066672363249,26.96332018817603,49.35127390030271
2024-03-02 11:00:00,60.021181128212106,29.669073391404844,49.7896818617274
2024-03-02 12:00:00,54.60281605972911,28.830672591949106,48.908327934271526
2024-03-02 13:00:00,53.655387339892506,29.348826205493324,48.52957552413292
2024-03-02 14:00:00,49.81501948330873,26.819688777568317,52.40753756751425
2024-03-02 15:00:00,48.29937077164557,26.337305847852996,54.70055090119191
2024-03-02 16:00:00,50.99235642841346,26.511333900958753,56.18031847327375
2024-03-02 17:00:00,48.44653039972893,23.289766902789356,55.938469373912916
2024-03-02 18:00:00,47.28387869743865,24.4177493917269,61.279692364802514
2024-03-02 19:00:00,49.547051204254394,19.62877602442236,65.98870162706368
2024-03-02 20:00:00,53.594622323790425,18.814558616052647,63.579495165336205
2024-03-02 21:00:00,52.42574706803084,18.355879696316457,71.90510238567526
2024-03-02 22:00:00,56.169670069596364,13.952110147402829,66.34518092792715
2024-03-02 23:00:00,58.87832450264028,12.773386879203494,68.08101753335033
2024-03-03 00:00:00,56.47365355604721,12.864081159601866,65.97804427287488
2024-03-03 01:00:00,58.6984620520677,17.006136960774548,67.21843112764508
2024-03-03 02:00:00,65.025702144649,15.16522076925948,60.715513580277275
2024-03-03 03:00:00,63.003071486335116,20.63173153162973,61.6348955029586
2024-03-03 04:00:00,69.05536060717465,17.710053361879375,57.85788745015361
2024-03-03 05:00:00,69.10517097127331,20.446638508758333,58.33834586973102
2024-03-03 06:00:00,67.97928664117121,24.15895393359482,57.89792798774726
2024-03-03 07:00:00,69.58328591244182,26.620263359140274,54.615015467786485
2024-03-03 08:00:00,63.613280481688214,28.386105007290883,44.99978378598772
2024-03-03 09:00:00,64.56503532994968,28.64146019113593,54.44492009447529
2024-03-03 10:00:00,59.723858492605416,29.495865362627136,49.07894158866146
2024-03-03 11:00:00,64.74111162653841,29.591018512905162,46.058752148767496
2024-03-03 12:00:00,61.74107414420392,30.089705506633294,48.7335615345866
2024-03-03 13:00:00,55.854760371921316,27.98982078116358,49.78022051841254
2024-03-03 14:00:00,55.17369990367934,26.916699389699705,49.26181039575555
2024-03-03 15:00:00,56.1048977576612,26.945023227930545,53.494791668355184
2024-03-03 16:00:00,51.95757627038836,25.261741528465105,53.89312882992355
2024-03-03 17:00:00,50.81223308568693,23.177214046659792,56.98909501827454
2024-03-03 18:00:00,54.35598171546254,22.974942426439682,58.872492611637746
2024-03-03 19:00:00,53.3408498217406,21.5256939762809,59.41832177565067
2024-03-03 20:00:00,55.56035547837179,18.623769640808725,65.43565898740384
2024-03-03 21:00:00,54.65694022720182,19.118794645171604,68.1235026291352
2024-03-03 22:00:00,55.67289269364155,14.339457413722043,68.94646725308148
2024-03-03 23:00:00,62.149652068129576,14.967395972985015,70.04981313158808
2024-03-04 00:00:00,66.07780594704406,13.996448751156073,68.4701087879278
2024-03-04 01:00:00,65.88884164164678,12.625367952074276,65.32844029230226
2024-03-04 02:00:00,71.08970233964577,15.822069213329051,67.1702274729436
2024-03-04 03:00:00,67.33606340798046,16.879806019957474,59.60620615039575
2024-03-04 04:00:00,66.95667023816108,20.61882964053857,58.336511994744036
2024-03-04 05:00:00,69.93004756282042,21.071403042659025,55.589499821441834
2024-03-04 06:00:00,70.57218368587368,20.566138445939156,58.11194969682347
2024-03-04 07:00:00,70.81359370991495,26.407462908585224,55.35697128535048
2024-03-04 08:00:00,66.24980740317542,27.20944717373529,52.147195280746786
2024-03-04 09:00:00,69.91039470995621,27.764684253162052,52.01957062518519
2024-03-04 10:00:00,69.48812482826337,27.74510008810125,46.14253478107937
2024-03-04 11:00:00,63.30709712290202,27.418265852610592,48.87148779965245
2024-03-04 12:00:00,64.03553157782709,28.478910513500526,48.02780566615129
2024-03-04 13:00:00,56.519994238024985,30.285728851609424,51.45695122186799
2024-03-04 14:00:00,59.48590346135616,30.70059865479946,50.64087160675382
2024-03-04 15:00:00,58.36631983323289,29.11028840788705,52.03764277897461
2024-03-04 16:00:00,58.11328408630983,24.81561080949935,56.76408084537714
2024-03-04 17:00:00,56.23453294620031,22.24426890911312,60.190422917977465
2024-03-04 18:00:00,49.275742829354634,22.19724074567612,58.91732746390824
2024-03-04 19:00:00,56.30602325235743,17.712451572494338,62.84731082161917
2024-03-04 20:00:00,56.928020491556765,18.95243479985862,62.42496622776109
2024-03-04 21:00:00,57.92943936470102,16.843608910876213,60.41510149411191
2024-03-04 22:00:00,63.004043997125606,15.285371070893488,68.1604073414251
2024-03-04 23:00:00,64.43234804614372,13.00593492180294,69.52226339063658
2024-03-05 00:00:00,64.93267953439342,15.719040149197603,68.3144252856075
2024-03-05 01:00:00,66.54183611597728,14.492738040449844,61.78634974345872
2024-03-05 02:00:00,69.5219877916027,14.299938603514352,64.19394423667458
2024-03-05 03:00:00,75.4726344053791,13.029085433099656,57.45413059987209
2024-03-05 04:00:00,71.69719959754583,18.461479132929256,64.0124432201609
2024-03-05 05:00:00,71.42239760686468,22.669418919619833,55.28486354470494
2024-03-05 06:00:00,71.65154616059573,24.325762900366907,58.5503185726246
2024-03-05 07:00:00,73.40662478189059,23.171798556496817,55.364674109210846
2024-03-05 08:00:00,72.23471908493438,24.656903115493172,48.6774563067943
2024-03-05 09:00:00,62.12355885296313,27.606031426810915,46.50778358398615
2024-03-05 10:00:00,70.24277602594522,26.66443821162753,49.21666727807524
2024-03-05 11:00:00,68.51836427914681,29.183989443770677,45.88918990704232
2024-03-05 12:00:00,60.6840021824858,30.072512389738566,48.59695334250466
2024-03-05 13:00:00,58.7042645941145,30.479187297461635,48.132676985138296
2024-03-05 14:00:00,58.56305179075428,27.92196211941915,46.476036151970476
2024-03-05 15:00:00,56.59022578842531,26.664604218058056,47.42382995218848
2024-03-05 16:00:00,58.61886368240187,24.27082437854108,55.97852017021095
2024-03-05 17:00:00,53.277068126908794,22.654100820062077,56.59610563417374
2024-03-05 18:00:00,55.29230740911807,21.68292955133765,59.205465908739704
2024-03-05 19:00:00,62.201288150673726,20.702578393825124,64.73965959773439
2024-03-05 20:00:00,57.717185089539385,19.779018476726606,68.00467350344658
2024-03-05 21:00:00,64.83737374125351,15.925802000741687,65.97889223443961
2024-03-05 22:00:00,63.95409268702554,18.02758617005243,66.80776149561608
2024-03-05 23:00:00,61.8001791240701,14.858946174516896,69.25035758278472
2024-03-06 00:00:00,69.19179331767832,14.97008578791219,64.26691933864181
2024-03-06 01:00:00,69.84242198837596,14.192422865169526,67.21813667471369
2024-03-06 02:00:00,71.33328467855978,12.54388580912676,66.4507827414213
2024-03-06 03:00:00,73.03683863942376,18.287916086599328,64.70057552104406
2024-03-06 04:00:00,74.03177531241204,19.53158145592942,55.746308694768935
2024-03-06 05:00:00,75.26734538952866,19.79440810431693,56.09661182547802
2024-03-06 06:00:00,75.84721784078727,22.09378700411456,53.216151416916404
2024-03-06 07:00:00,73.1335545978965,24.53404822050319,53.24971738602271
2024-03-06 08:00:00,68.41477717299271,23.312435800359065,52.13079363755457
2024-03-06 09:00:00,68.47017416284116,26.209073720020964,53.08152198077059
2024-03-06 10:00:00,73.55559557570092,29.174148377961618,47.10332803618927
2024-03-06 11:00:00,66.96770745858,27.005475591586436,46.756068754226966
2024-03-06 12:00:00,68.21668753469548,29.41098110503328,51.21492178430624
2024-03-06 13:00:00,64.39732577185602,26.86226625755067,50.08118830848125
2024-03-06 14:00:00,59.458460349728455,28.715179801898095,54.09806096610434
2024-03-06 15:00:00,58.27593778785438,26.89984939308944,53.72182000752452
2024-03-06 16:00:00,56.98060066476819,23.238815457732336,52.51901800219107
2024-03-06 17:00:00,51.719559271016266,25.44236841195807,54.66717911305557
2024-03-06 18:00:00,56.59604543141008,20.97157179248267,56.70940982837806
2024-03-06 19:00:00,60.37570376405771,19.053913272462104,64.65512958689591
2024-03-06 20:00:00,57.13283378833833,18.780796876123507,68.04255986958285
2024-03-06 21:00:00,60.804362718753175,18.658344820894477,71.28365939130998
2024-03-06 22:00:00,64.31009257850434,14.51567162693942,69.76702159369877
2024-03-06 23:00:00,61.91839421260426,15.324871005763692,70.90709644383746
2024-03-07 00:00:00,64.6119134649269,15.600343100462801,66.20921743125659
2024-03-07 01:00:00,64.97516798826435,16.208867066144844,63.769214495984926
2024-03-07 02:00:00,67.39998642150128,16.184840350896916,67.19626614290917
2024-03-07 03:00:00,67.60658504969638,16.53641355697766,64.04420188059866
2024-03-07 04:00:00,69.27168911332055,17.341373691091675,60.85680138687754
2024-03-07 05:00:00,74.43263526149995,20.308868120547206,58.968428701582496
2024-03-07 06:00:00,69.01072388586861,20.499005383220137,56.21977325512079
2024-03-07 07:00:00,71.18792569057925,19.721842638824853,56.20954214963377
2024-03-07 08:00:00,67.1002980375906,26.111183725820826,54.16639615017715
2024-03-07 09:00:00,68.85530458978455,28.215256245826343,50.7002968430066
2024-03-07 10:00:00,68.21283799827694,24.75407241673241,50.45524891851667
2024-03-07 11:00:00,64.40477146654045,27.347857797429533,49.28515638106194
2024-03-07 12:00:00,60.17279635113578,29.866815965407277,47.18781740702277
2024-03-07 13:00:00,56.48151019940747,31.641974441619855,51.23115764943851
2024-03-07 14:00:00,52.89708027750496,28.09128901723661,47.4426945159861
2024-03-07 15:00:00,59.25850487906636,25.930543350585232,55.63472888073945
2024-03-07 16:00:00,51.638668628553475,25.243944982453407,52.42550219956005
2024-03-07 17:00:00,54.16291889442952,25.736560302524865,58.7145082169867
2024-03-07 18:00:00,55.8087698216501,21.09565014922574,58.475305554959775
2024-03-07 19:00:00,53.029996220536354,19.069397874972026,64.38347245768561
2024-03-07 20:00:00,57.69747785502328,17.824159068945473,64.9862547470454
2024-03-07 21:00:00,58.614489957455135,15.715592480132186,62.673364142436164
2024-03-07 22:00:00,62.55711293695902,16.109560615901568,68.71100734043681
2024-03-07 23:00:00,58.841875307556634,17.513069057833956,66.55519805791822
2024-03-08 00:00:00,59.58500631144184,15.452310982362441,69.86212506492413
2024-03-08 01:00:00,63.30472374493911,14.885224312999702,66.6635682596807
2024-03-08 02:00:00,66.56102256233898,15.529286397026967,66.05962027533552
2024-03-08 03:00:00,67.64347274647005,14.861785399518887,60.60607761246183
2024-03-08 04:00:00,66.46367040821069,19.736353688006123,59.11485987245711
2024-03-08 05:00:00,63.461818230742125,20.079294608464213,56.85340340974752
2024-03-08 06:00:00,68.71299794089786,21.74732812097296,57.55356574958187
2024-03-08 07:00:00,70.13380042538988,28.282083910699964,57.19344271951378
2024-03-08 08:00:00,65.93752674938568,25.91825407171192,48.91600280877732
2024-03-08 09:00:00,65.05872213521613,25.897239998172587,52.031866323800045
2024-03-08 10:00:00,62.371924828526765,27.46527719180315,42.916548192795155
2024-03-08 11:00:00,59.324272939606516,30.369304776898865,45.01452649726927
2024-03-08 12:00:00,58.74305093006868,29.15857857475287,45.94379559664233
2024-03-08 13:00:00,55.957366795173286,26.747891614379203,45.95847423855375
2024-03-08 14:00:00,51.71911088949279,29.349098334896397,46.969961213665556
2024-03-08 15:00:00,50.061512887454114,26.014345748551257,54.032497280344046
2024-03-08 16:00:00,49.49223354099773,28.122616886704876,54.876640304655275
2024-03-08 17:00:00,50.82510518027662,25.32380060771806,58.94851349401243
2024-03-08 18:00:00,50.19741498960443,21.37374934607799,62.31437216632874
2024-03-08 19:00:00,51.779103063878416,21.981689590711685,63.66404248293119
2024-03-08 20:00:00,53.8133714415862,18.59499771473847,66.71547575224093
2024-03-08 21:00:00,56.021212368091035,18.244135676865596,66.4864233222387
2024-03-08 22:00:00,58.98861391536107,16.616448117721195,64.69177479212634
2024-03-08 23:00:00,59.049983194379806,14.053619898989282,70.644535452052
2024-03-09 00:00:00,57.66896858929075,14.099030234755553,66.18647793093794
2024-03-09 01:00:00,61.19049411960243,16.680464360590094,64.32126329093815
2024-03-09 02:00:00,64.31405007911223,15.469136708559892,64.62627312235458
2024-03-09 03:00:00,61.184349735011104,16.485144683155305,60.71797270175876
2024-03-09 04:00:00,69.63584006536135,17.162828388910874,59.54461449605214
2024-03-09 05:00:00,66.62735338610014,20.781305376112837,58.86013480390911
2024-03-09 06:00:00,66.29736099265412,24.887534886940088,56.28266389708991
2024-03-09 07:00:00,68.66338908772569,22.3171872357618,50.75542483393617
2024-03-09 08:00:00,62.43206616017625,25.53390723934169,49.7096687557628
2024-03-09 09:00:00,63.21786671318506,28.92685624588734,52.02557847408128
2024-03-09 10:00:00,60.13540634385101,27.95067987874703,49.58174203144432
2024-03-09 11:00:00,57.88556947897578,29.394801298772997,53.187662598371354
2024-03-09 12:00:00,54.874636702747196,27.51264906059437,51.291062171463174
2024-03-09 13:00:00,58.03637797715215,29.36111072011416,52.20047863355529
2024-03-09 14:00:00,51.61297776141044,27.80017585548482,47.45926081199485
2024-03-09 15:00:00,52.72142037552383,28.32976946225776,54.909650879082925
2024-03-09 16:00:00,45.89715179315115,27.162340472191097,55.27904254473244
2024-03-09 17:00:00,52.18616465541586,27.437122414543754,56.62254549115438
2024-03-09 18:00:00,53.06375001658462,22.811486442499,61.00822880235607
2024-03-09 19:00:00,51.97328632930469,20.644381527497707,65.36302883652837
2024-03-09 20:00:00,52.620850316386246,18.772138022208505,66.3231467893762
2024-03-09 21:00:00,55.87849751279017,16.55581972175907,64.46406953448913
2024-03-09 22:00:00,62.25610881151527,16.411699554355373,69.5154055468722
2024-03-09 23:00:00,55.19967435943004,14.824957241781904,66.40603114481009
2024-03-10 00:00:00,63.20842402286853,15.23584536677746,68.20096606030152
2024-03-10 01:00:00,60.90825067528504,17.08315576582757,65.90187886915149
2024-03-10 02:00:00,65.56400966478836,14.528662582117475,64.52390218252667
2024-03-10 03:00:00,65.79656259342643,18.646082517274657,64.91560743760151
2024-03-10 04:00:00,65.99577532026224,20.34396109427565,57.98770615148564
2024-03-10 05:00:00,68.19759386603984,20.02297074649472,62.862987685693
2024-03-10 06:00:00,65.6550510918662,19.0294031413875,50.859094375738565
2024-03-10 07:00:00,69.53233677725964,22.96078253378543,51.50583079186279
2024-03-10 08:00:00,61.296167926617294,27.315792365185594,51.854461912989166
2024-03-10 09:00:00,65.57077784657687,26.917732181087196,50.80053137824405
2024-03-10 10:00:00,61.98365648563483,26.663154701278085,48.08955243567997
2024-03-10 11:00:00,57.88947778051975,28.054795894304036,47.856523242496145
2024-03-10 12:00:00,58.66208563415174,30.176868037106374,49.36711695042834
2024-03-10 13:00:00,52.819268711025295,29.52690777950542,48.762072268511425
2024-03-10 14:00:00,55.438653737225174,27.727672887653494,54.411885332971465
2024-03-10 15:00:00,50.9212829310579,26.4361932917655,55.098372785579166
2024-03-10 16:00:00,54.62751073950162,24.951538591338533,57.5938704264886
2024-03-10 17:00:00,51.298435987151265,22.520359057419938,55.58460819157375
2024-03-10 18:00:00,52.07073450319353,24.261525965257363,60.38971939001083
2024-03-10 19:00:00,55.4332178028684,19.73701802738656,62.24883512819771
2024-03-10 20:00:00,53.83162858412569,20.20402192915606,62.55706437264184
2024-03-10 21:00:00,57.40698012064634,19.180095004385574,67.56066449770887
2024-03-10 22:00:00,56.269162308483814,17.335457430916026,66.31514386844104
2024-03-10 23:00:00,64.12825953453381,14.634250778171317,69.63850957462559
2024-03-11 00:00:00,68.49718518893188,15.565222126471253,64.98377935565475
2024-03-11 01:00:00,73.4749289708583,15.204645367029311,70.95785556994898
2024-03-11 02:00:00,69.07395902782599,14.67263956848672,62.83023616538532
2024-03-11 03:00:00,71.81690558836308,17.504355526104412,63.548255843001506
2024-03-11 04:00:00,67.44898911054854,16.84934429237598,62.56783872699577
2024-03-11 05:00:00,74.40325747866,21.851017828128274,56.573398924499465
2024-03-11 06:00:00,73.33117440862299,21.34953578378243,57.54298115755739
2024-03-11 07:00:00,69.24464870912492,24.093356833939463,49.92704100549908
2024-03-11 08:00:00,72.33455033534734,25.896603020164513,54.55922643609097
2024-03-11 09:00:00,67.34861135097762,26.5872805051201,49.375119124570276
2024-03-11 10:00:00,64.66950455025238,28.883549148556266,46.84971321718709
2024-03-11 11:00:00,65.24783914884088,28.096615664751962,47.252045568931415
2024-03-11 12:00:00,59.40501754828033,30.21981621644014,50.36303991059104
2024-03-11 13:00:00,62.98091218909917,26.87710923167808,47.878607732529424
2024-03-11 14:00:00,56.128223021332865,28.239109237856116,49.0555379645771
2024-03-11 15:00:00,54.432393948530816,29.664248066987767,52.44615850604063
2024-03-11 16:00:00,55.00737666560429,24.09953614555221,52.46940426704993
2024-03-11 17:00:00,58.98856961751556,22.86289035698281,62.551359769854116
2024-03-11 18:00:00,55.54211832720832,22.719470989522776,59.17220397298808
2024-03-11 19:00:00,55.11938453427856,20.43968117899802,65.07904196545128
2024-03-11 20:00:00,58.131440337259235,18.99088213898279,65.5947430209848
2024-03-11 21:00:00,61.08004273979528,17.735114513900978,64.19891891163942
2024-03-11 22:00:00,60.60358129201021,16.826432229495435,67.64437148985887
2024-03-11 23:00:00,62.83044357971721,16.792098994715232,69.96000694827687
2024-03-12 00:00:00,72.67330121463495,15.573746119699917,67.18860492517487
2024-03-12 01:00:00,68.29660524636097,14.900758499510594,69.6430364024721
2024-03-12 02:00:00,70.95934412497867,16.879425355192648,67.62485629382029
2024-03-12 03:00:00,71.77844849126247,19.710087240547363,65.29728713664593
2024-03-12 04:00:00,73.06455842479251,18.314312755064318,59.43904852034331
2024-03-12 05:00:00,76.00600396585146,18.82392565774304,55.30039388054624
2024-03-12 06:00:00,75.85101805022333,23.54991293700179,53.877840535567685
2024-03-12 07:00:00,72.71969063730758,23.643199686182694,53.490602351667114
2024-03-12 08:00:00,70.07990245539334,22.458262635580134,52.29339897196561
2024-03-12 09:00:00,72.80310651321184,28.13613781631629,43.9108174502543
2024-03-12 10:00:00,68.47485005850744,27.312718366155714,48.32045873307997
2024-03-12 11:00:00,70.46507344611403,28.634734188797633,48.39522306330796
2024-03-12 12:00:00,59.04701502344432,29.46477246279662,47.64688109632031
2024-03-12 13:00:00,62.98249238512122,29.02818033571426,52.5679305596951
2024-03-12 14:00:00,65.01143439888234,29.05541037048587,51.98338237376187
2024-03-12 15:00:00,59.04824442970583,26.34006654950793,56.27547977020204
2024-03-12 16:00:00,58.05098546782295,26.218348117446663,54.87190824809907
2024-03-12 17:00:00,59.43056579428716,23.448367967100264,60.343693731267244
2024-03-12 18:00:00,57.52197877012113,23.034334673242554,64.67585643734347
2024-03-12 19:00:00,58.94154715580358,21.049781161901002,66.27923362318174
2024-03-12 20:00:00,60.44707647893932,17.190385817137503,62.34071382829377
2024-03-12 21:00:00,60.883573219514325,18.57062749433912,66.02606384398828
2024-03-12 22:00:00,67.68064235773753,15.187473350349366,66.79634649926614
2024-03-12 23:00:00,67.65089978988702,16.369800133570163,69.22313633769082
2024-03-13 00:00:00,69.43436313039562,15.514202238761877,69.37514215042702
2024-03-13 01:00:00,71.94312600859023,17.811976363489688,64.56302235278002
2024-03-13 02:00:00,71.9500635620624,15.624969798188353,65.24066409665814
2024-03-13 03:00:00,71.79492561771228,16.561209017128476,57.95018166960996
2024-03-13 04:00:00,73.24911183457615,18.472812551756963,64.19305296552965
2024-03-13 05:00:00,74.69075610116978,19.76381498831458,56.71906439830845
2024-03-13 06:00:00,71.56928234660161,23.119918662718746,55.55146939858612
2024-03-13 07:00:00,72.74733701595655,21.54889846390636,52.22587571502985
2024-03-13 08:00:00,71.30472547209385,24.0248446131951,53.7940011256684
2024-03-13 09:00:00,75.10082352342165,25.454823378094723,42.24597985866208
2024-03-13 10:00:00,61.419989415667075,29.392608455254134,48.29921588129462
2024-03-13 11:00:00,64.90750589955745,31.156339505638115,47.735453106255754
2024-03-13 12:00:00,67.68331141824095,28.85377109404754,47.206650768130075
2024-03-13 13:00:00,62.23905982268886,28.52513037155749,53.65531232624438
2024-03-13 14:00:00,61.51253538952522,28.160250854849743,48.71060854099512
2024-03-13 15:00:00,58.46155364914842,28.576377091957287,54.92949044308925
2024-03-13 16:00:00,56.48631661701418,24.20170561213313,56.30244152073964
2024-03-13 17:00:00,52.21666381910981,24.145449891546594,61.153798131338505
2024-03-13 18:00:00,57.54719900414862,23.3652766816956,58.92021773908181
2024-03-13 19:00:00,56.18190819845601,20.88979852219789,61.1675777521905
2024-03-13 20:00:00,57.67151413101711,18.76541426323831,67.81124258055895
2024-03-13 21:00:00,59.5908519679284,18.45171706128818,67.7235573086694
2024-03-13 22:00:00,67.66470273921604,12.153296963310176,63.79691489619868
2024-03-13 23:00:00,70.12134920681841,16.18754466331987,66.65173746384183
2024-03-14 00:00:00,67.65730044675583,14.084294043621608,68.6252148975109
2024-03-14 01:00:00,68.38798078259313,12.675633160377437,68.75466459171093
2024-03-14 02:00:00,67.28301644306084,16.653505812843846,63.37299117888315
2024-03-14 03:00:00,71.62798724641101,18.97337449492227,55.714360025458134
2024-03-14 04:00:00,76.2618262089571,18.30757207952089,61.8962484153677
2024-03-14 05:00:00,71.10268705173011,21.52229105036653,54.949198275139885
2024-03-14 06:00:00,65.42051857948024,24.257189561184227,50.368462553669055
2024-03-14 07:00:00,71.4489731558332,25.652613550735104,45.91918518753984
2024-03-14 08:00:00,71.04999826296671,27.795950341119816,52.96388433862938
2024-03-14 09:00:00,63.50915017147516,27.988725955806135,49.66128958816805
2024-03-14 10:00:00,65.62371780579869,28.16778492095328,47.77660078532868
2024-03-14 11:00:00,64.779882858567,26.518728647367446,51.4725609074069
2024-03-14 12:00:00,60.74867774845867,28.65551251661807,49.93405344466691
2024-03-14 13:00:00,57.32490066398089,27.580935550580875,53.380496068960554
2024-03-14 14:00:00,58.230715507489606,31.101497630987907,47.4470935077169
2024-03-14 15:00:00,54.53931876964716,26.703507330900656,52.913623440115
2024-03-14 16:00:00,50.81807915401566,25.672486729498345,51.37002611160474
2024-03-14 17:00:00,49.154529641970164,24.58381284217431,57.426544170360835
2024-03-14 18:00:00,57.112941844773175,22.061043424921785,59.96665081660866
2024-03-14 19:00:00,55.869636524597524,22.561338140885304,64.56653409315739
2024-03-14 20:00:00,56.579291382820834,17.628290893571965,65.18497751472005
2024-03-14 21:00:00,56.72766068985053,17.322702969026427,68.2187718835441
2024-03-14 22:00:00,58.71224164127142,14.898363353531716,69.41785859573775
2024-03-14 23:00:00,59.82742941009108,13.39048770026765,73.38732169345785
2024-03-15 00:00:00,62.735787074092634,14.143523272732601,66.87101662467535
2024-03-15 01:00:00,60.405995192232915,15.186667700108766,64.30769728617864
2024-03-15 02:00:00,65.42516767473384,15.336799059184631,65.68627685015672
2024-03-15 03:00:00,67.51706886246352,16.080863159870624,60.99429993215083
2024-03-15 04:00:00,70.83951283744982,16.53115555085965,64.29309237211666
2024-03-15 05:00:00,68.79291302674109,20.071918882602095,57.29195490263696
2024-03-15 06:00:00,70.75290951685423,19.89339147635657,53.99786862929032
2024-03-15 07:00:00,70.29140032559654,24.875811664882733,51.82171069712258
2024-03-15 08:00:00,68.57769836880091,25.61541565410804,52.72497574681347
2024-03-15 09:00:00,65.84057485665689,24.90917536905504,48.945378504077034
2024-03-15 10:00:00,62.24058412948062,27.62928511862117,46.736574686783406
2024-03-15 11:00:00,58.18590658454111,27.708461816196632,52.16337979405883
2024-03-15 12:00:00,59.25085016642692,29.44684431458685,46.200317135454796
2024-03-15 13:00:00,59.12038070447064,30.638111408455984,49.42866114723814
2024-03-15 14:00:00,55.49063958004323,25.436936368987002,52.559697567160214
2024-03-15 15:00:00,56.78033211139466,27.110783979112135,48.92166222395704
2024-03-15 16:00:00,48.362549744619145,25.275814086206896,56.61246080248938
2024-03-15 17:00:00,48.41976521555381,24.751609422748455,55.36223081129816
2024-03-15 18:00:00,53.68472654648351,22.298475279533264,62.64514740311016
2024-03-15 19:00:00,53.23000306810811,19.13550961984805,60.59337247020258
2024-03-15 20:00:00,56.97281917832049,18.05332449006672,66.8029903914873
2024-03-15 21:00:00,55.80131540773904,15.935816332169509,69.42483670358098
2024-03-15 22:00:00,55.09894974200223,17.444232167547096,69.81284957697277
2024-03-15 23:00:00,58.982805576952174,15.26835552411719,68.62829162059526
2024-03-16 00:00:00,,17.66166696005421,67.08100590556647
2024-03-16 01:00:00,60.82308965545506,15.153594076636033,65.21920509700729
2024-03-16 02:00:00,67.79421744229731,14.946052699834272,68.74865453890861
2024-03-16 03:00:00,68.83721646516958,14.931052382035956,61.25126194958077
2024-03-16 04:00:00,68.50417304664938,15.975604453241763,57.99552526710055
2024-03-16 05:00:00,64.0922775188103,17.970476364074436,59.66342233758233
2024-03-16 06:00:00,66.08925082551681,22.3739773114159,53.42146754100872
2024-03-16 07:00:00,63.15495902299766,24.52394834823944,50.62484125633525
2024-03-16 08:00:00,68.03782734760958,23.286333017154618,47.31992153271011
2024-03-16 09:00:00,61.54936779389757,28.202801108012395,48.13247136350427
2024-03-16 10:00:00,58.96768158063713,27.385892354134285,48.13395417736819
2024-03-16 11:00:00,59.26345636342344,28.966991000803173,48.607729319151744
2024-03-16 12:00:00,55.22160624805644,31.257108879557595,50.71900734785812
2024-03-16 13:00:00,58.384940909499505,30.01705582623516,50.65699077132003
2024-03-16 14:00:00,51.97267256463377,27.686234919422954,50.45175163925154
2024-03-16 15:00:00,49.439093385328945,25.702078352724456,52.50451080905024
2024-03-16 16:00:00,47.505096240433915,22.487458438139296,56.68720322126232
2024-03-16 17:00:00,51.79537701382814,22.80491866877856,61.181425407321626
2024-03-16 18:00:00,50.630779647593485,21.70441766564108,60.903975949732946
2024-03-16 19:00:00,49.753456027347944,18.806215346270886,61.827172864473816
2024-03-16 20:00:00,56.8133010944148,18.31624024607089,62.58890280915154
2024-03-16 21:00:00,57.279813544562856,17.157845167836495,63.04724087681353
2024-03-16 22:00:00,58.122634453585846,15.623023798977824,69.32493244299951
2024-03-16 23:00:00,63.67712529645517,14.328515602823666,69.4449463090989
2024-03-17 00:00:00,63.98661116553883,15.236116540753418,69.10266707565742
2024-03-17 01:00:00,62.44871813450048,15.857236125373634,66.33860542196437
2024-03-17 02:00:00,64.46019050305969,14.41126346508886,68.58840467659536
2024-03-17 03:00:00,69.0048803993322,19.025557863338584,61.78970376353802
2024-03-17 04:00:00,69.64548030256834,18.36197661480199,62.97636354404321
2024-03-17 05:00:00,69.32416993055763,20.21465615640515,57.90314276252661
2024-03-17 06:00:00,66.48576742969067,22.99150019255885,53.89093263727682
2024-03-17 07:00:00,69.42591258567491,24.13823589948629,54.48132576829417
2024-03-17 08:00:00,64.81832886918562,26.834391287478706,51.95302248484466
2024-03-17 09:00:00,64.96583520598479,27.35172129958828,50.23217786032299
2024-03-17 10:00:00,66.95797705080408,27.204765501994412,48.54393779224982
2024-03-17 11:00:00,59.76992604032245,29.26758571931201,47.90526729570792
2024-03-17 12:00:00,56.52847751078868,27.398783309751074,54.31167171928545
2024-03-17 13:00:00,55.31767428632921,28.91346437211059,52.30038757514586
2024-03-17 14:00:00,58.48640921529891,28.01565583958895,52.73599942559811
2024-03-17 15:00:00,55.64129004640594,26.65838386812441,53.279497895508314
2024-03-17 16:00:00,54.20283135762353,25.320047483985608,57.92970255046582
2024-03-17 17:00:00,53.78286464110435,21.1771446520214,59.294986940978625
2024-03-17 18:00:00,56.002982885904416,21.23178512916266,60.65370233296037
2024-03-17 19:00:00,53.66649787662989,20.318249545879866,62.241089186834856
2024-03-17 20:00:00,57.805147499083816,18.723798948796606,64.86877446770853
2024-03-17 21:00:00,57.31723498913264,15.611507334397984,58.734189698149414
2024-03-17 22:00:00,58.694297769898355,17.709813150719395,68.18576036113475
2024-03-17 23:00:00,62.228133644843986,14.025874428476248,66.7788097997241
2024-03-18 00:00:00,64.71729951583234,16.35724008073743,71.64093325859804
2024-03-18 01:00:00,67.57809139537196,15.836591322596782,66.708614214874
2024-03-18 02:00:00,70.28712568132083,15.033103939727443,62.098659263027926
2024-03-18 03:00:00,61.987315019017366,19.53568778134758,62.87529961467995
2024-03-18 04:00:00,70.47019329019574,16.828908435540754,57.972887738369145
2024-03-18 05:00:00,71.27884738617524,21.47508252733622,59.18351853928129
2024-03-18 06:00:00,75.43248151130058,23.400815245260087,56.13917795982408
2024-03-18 07:00:00,69.46019048957979,22.87286502300994,55.39459907777063
2024-03-18 08:00:00,70.20287967997132,27.449451420090092,48.95172770889801
2024-03-18 09:00:00,72.37985793287518,26.59968234786737,49.424766202726154
2024-03-18 10:00:00,63.71935861414355,28.466348907482754,44.9281872485428
2024-03-18 11:00:00,65.93646748575186,29.12593135830314,49.753736954811785
2024-03-18 12:00:00,61.32921378234619,28.811967761941233,49.6379196882096
2024-03-18 13:00:00,59.858674379131386,29.89661236644719,50.57925851472454
2024-03-18 14:00:00,57.57822856141772,29.173062035264167,50.932979766526536
2024-03-18 15:00:00,57.54239818211815,24.50180270577262,54.036932226971636
2024-03-18 16:00:00,63.90908872314378,27.326076340029655,59.422657319746534
2024-03-18 17:00:00,60.27342472249918,21.484244532467528,57.28726435739474
2024-03-18 18:00:00,60.40930528853858,23.445564686078477,60.93480341030028
2024-03-18 19:00:00,59.78814879816588,21.765653875841068,60.28468425204643
2024-03-18 20:00:00,57.207956128452174,16.972646997698753,62.90041540786926
2024-03-18 21:00:00,63.520437438386786,16.475112528558014,66.90478727057771
2024-03-18 22:00:00,67.54344129776138,14.389835637628577,70.41909212964535
2024-03-18 23:00:00,64.85807319504681,14.937629773572358,67.35929793937107
2024-03-19 00:00:00,71.29086261078797,14.568752002139963,67.06946693961042
2024-03-19 01:00:00,72.34655781859227,16.330043961153564,65.64304092658378
2024-03-19 02:00:00,76.55229240255399,17.772254418076145,63.734176134754684
2024-03-19 03:00:00,72.76866908288771,19.004209866800092,63.737428639272
2024-03-19 04:00:00,72.53781071238521,17.712964762790417,56.845046338079
2024-03-19 05:00:00,74.78040196459744,19.89535606103973,61.202348941667154
2024-03-19 06:00:00,78.95030481334595,19.643186530890436,53.74825380365083
2024-03-19 07:00:00,70.53168123787997,22.6835152226232,54.8047587135955
2024-03-19 08:00:00,67.84943279250945,26.85079228633634,47.75393569464989
2024-03-19 09:00:00,71.17169817137638,29.21156342127332,51.01184628852144
2024-03-19 10:00:00,69.01384366113194,26.334089405858983,50.020603256645686
2024-03-19 11:00:00,67.71504737397889,27.932030821209338,48.96050518001474
2024-03-19 12:00:00,67.4299042591358,28.9630319402575,45.85467043260976
2024-03-19 13:00:00,62.108558256254696,29.153706406370983,49.963616436150694
2024-03-19 14:00:00,57.629791255425,26.92873289860084,47.97129172629846
2024-03-19 15:00:00,65.07484853211493,27.543432930555625,52.36809186225901
2024-03-19 16:00:00,57.78509778388295,24.836624914101087,57.98534230136315
2024-03-19 17:00:00,57.21972353497507,23.791500136488025,59.991754817676984
2024-03-19 18:00:00,62.2186639351295,22.76479794720509,60.62614780737595
2024-03-19 19:00:00,59.71030594295063,20.19725786201791,60.56298356019266
2024-03-19 20:00:00,62.128802215068525,17.889059753262966,66.68503709230043
2024-03-19 21:00:00,64.89764753047407,16.896798806198376,66.7087071320894
2024-03-19 22:00:00,67.95095939776375,15.814114030621495,61.85846926731462
2024-03-19 23:00:00,67.28045672254903,14.720503774141545,69.9565745657913
2024-03-20 00:00:00,73.49211369317408,14.637685512266057,67.59867617821656
2024-03-20 01:00:00,66.51807880810581,17.47662525468305,69.66638215780195
2024-03-20 02:00:00,74.89366909371763,16.72310940062675,62.332891514758636
2024-03-20 03:00:00,72.48924118902227,16.636580086453225,55.05824046701012
2024-03-20 04:00:00,78.4032832163163,19.475736166314938,61.285900096888234
2024-03-20 05:00:00,76.13257354503187,19.7209193986239,58.728909191705476
2024-03-20 06:00:00,73.11685610883077,23.642374492620913,51.18513047995856
2024-03-20 07:00:00,75.65178215884869,24.32923238479505,50.55375113533381
2024-03-20 08:00:00,75.42404262176342,25.349776998393853,57.816976547434486
2024-03-20 09:00:00,72.48475570920915,27.576551164440076,48.57571942677121
2024-03-20 10:00:00,67.41532290161143,25.8629512135951,50.16813917805003
2024-03-20 11:00:00,66.14037003524774,27.18400632754963,46.37335043157904
2024-03-20 12:00:00,64.88958138123138,27.32850499104132,43.114984489976436
2024-03-20 13:00:00,62.52574206875211,28.96160111669266,48.914100345165636
2024-03-20 14:00:00,62.00794341375624,30.48769882577035,50.26492078741902
2024-03-20 15:00:00,54.08492334241108,30.07356767297569,52.00030440332934
2024-03-20 16:00:00,59.19138243378757,26.393271542016873,55.12520746020864
2024-03-20 17:00:00,57.4975905583914,24.51291558064,58.660670679114006
2024-03-20 18:00:00,57.190422900349766,19.478519172186225,60.21289807289014
2024-03-20 19:00:00,57.56502293095404,19.42852336465511,59.83998458013117
2024-03-20 20:00:00,60.292691176294014,17.39710274732876,66.28652979077043
2024-03-20 21:00:00,53.73485307525341,16.181065894142524,61.78682464953817
2024-03-20 22:00:00,62.09609701129063,15.702420827490336,62.53336461968013
2024-03-20 23:00:00,64.14614751562294,14.577592407200585,69.84795123675391
2024-03-21 00:00:00,69.87003171870465,12.228980265473897,68.92680894322923
2024-03-21 01:00:00,67.59784897594757,16.285593574540957,66.51676562515928
2024-03-21 02:00:00,70.968729200204,14.435981937473212,61.58244654997771
2024-03-21 03:00:00,75.77841833798709,17.385198141449834,61.230222648315134
2024-03-21 04:00:00,74.58386966817248,21.40371573764974,59.931323581809224
2024-03-21 05:00:00,75.3631382005056,18.901128256061174,54.01026507856548
2024-03-21 06:00:00,72.36018967403754,18.457597468154603,53.56423790391682
2024-03-21 07:00:00,73.16073672233121,23.411327405085416,54.63082584544172
2024-03-21 08:00:00,69.5189312616304,27.041343488997985,54.49719559885792
2024-03-21 09:00:00,67.21939724732084,29.691433904214414,48.291159080509445
2024-03-21 10:00:00,67.74759269754328,26.34080839425754,50.2319626228995
2024-03-21 11:00:00,62.229559451595065,29.45685969655465,43.21484982353133
2024-03-21 12:00:00,65.43823429208732,28.348565360507926,49.98936983989331
2024-03-21 13:00:00,59.22278901526687,28.61315308799772,47.329874925336874
2024-03-21 14:00:00,58.371109111468535,31.764258512314946,51.697296229904055
2024-03-21 15:00:00,60.260802643968,24.845589008552896,52.3806189544008
2024-03-21 16:00:00,57.93626473369129,25.855235526092347,58.71284457343455
2024-03-21 17:00:00,51.58450262975791,24.46650375618913,55.8139108791499
2024-03-21 18:00:00,55.98901191871514,23.5201008549153,62.15720619492958
2024-03-21 19:00:00,57.86167260883938,20.325443099141758,62.30123134175806
2024-03-21 20:00:00,59.08500854006607,18.93127075530617,64.67530411684129
2024-03-21 21:00:00,56.291996215144664,16.501944537303682,66.20061930494639
2024-03-21 22:00:00,58.878058659664326,16.314599891252065,65.54507550165529
2024-03-21 23:00:00,64.98408860579781,14.758050030280227,67.96475258523333
2024-03-22 00:00:00,62.58399791488948,15.870200645798471,67.50263770758605
2024-03-22 01:00:00,65.86507846396397,14.721064745515488,67.2633546588613
2024-03-22 02:00:00,71.44819021441627,16.465762724971924,65.2823306760977
2024-03-22 03:00:00,69.09821583811369,17.009284592535145,64.9949863740306
2024-03-22 04:00:00,67.81707299278992,20.076470351081028,62.89696199114411
2024-03-22 05:00:00,67.76719916419088,20.11631547125814,55.373441695430344
2024-03-22 06:00:00,70.97104365450599,19.517754544510478,57.583740800452034
2024-03-22 07:00:00,64.86511863813459,25.578423416717015,50.03415893222557
2024-03-22 08:00:00,66.91257446295609,24.23197477879219,52.39857190847898
2024-03-22 09:00:00,66.34869335286933,26.03447459419741,50.889092923913104
2024-03-22 10:00:00,66.1508965716306,27.228252014829955,43.56244950795305
2024-03-22 11:00:00,62.04422493028991,30.685694114462628,48.232448116323525
2024-03-22 12:00:00,57.822285346347286,26.010056100429825,47.16950145370843
2024-03-22 13:00:00,58.2469804085886,33.15432873114754,47.44283281731703
2024-03-22 14:00:00,54.084299127325245,29.540657359183644,54.30606301488229
2024-03-22 15:00:00,50.620851623280025,27.262281948086475,51.365802148406345
2024-03-22 16:00:00,52.286006289800895,25.423148399137272,53.39586722617963
2024-03-22 17:00:00,55.666505590675044,24.211509020518392,58.18923735001221
2024-03-22 18:00:00,52.980892034445375,22.729571399731437,62.30216481677138
2024-03-22 19:00:00,53.2725464547616,21.091568504612344,62.645878534974386
2024-03-22 20:00:00,58.47777670366495,19.277846252405038,67.98699417603802
2024-03-22 21:00:00,53.17096456932353,17.175665485451926,67.98769319275452
2024-03-22 22:00:00,55.21213021644271,15.661548385078735,62.21372996356223
2024-03-22 23:00:00,56.72842992564599,15.026736618861518,66.67633259123248
2024-03-23 00:00:00,63.39632972902535,14.727128407506246,66.25465301451156
2024-03-23 01:00:00,64.52370414342512,16.825797351590325,67.85865642141785
2024-03-23 02:00:00,69.14622120221362,16.768801584702192,58.50902517093042
2024-03-23 03:00:00,69.30319719013279,12.933708443164019,69.37252427179402
2024-03-23 04:00:00,67.08304908737587,19.41826108714187,61.91575568826087
2024-03-23 05:00:00,68.37571726004603,20.46089735688854,58.37219200979485
2024-03-23 06:00:00,68.53956156921751,21.973807740975303,58.36572884002263
2024-03-23 07:00:00,63.861157748757336,23.267807481393223,58.85913513203196
2024-03-23 08:00:00,71.91600131150624,27.07375780798014,53.10579879960539
2024-03-23 09:00:00,65.25622655790131,28.27628451527793,51.71177870333481
2024-03-23 10:00:00,63.0840318705811,26.980149091537918,48.667466798270475
2024-03-23 11:00:00,61.47863441605764,29.33135398599769,47.64618561658263
2024-03-23 12:00:00,60.05957612006587,27.6396805716422,47.1512531270972
2024-03-23 13:00:00,56.28469077818177,26.830015353318878,47.27446598286929
2024-03-23 14:00:00,53.282230582430216,27.184773712065102,49.211396938885485
2024-03-23 15:00:00,54.286254929860625,28.157098329641904,49.62361008914176
2024-03-23 16:00:00,53.191949488601495,26.834375063527073,55.22213092226199
2024-03-23 17:00:00,50.21050046518506,24.530052903854028,53.78833105693444
2024-03-23 18:00:00,55.875396997207524,23.015134101586916,61.065481761384405
2024-03-23 19:00:00,54.25057110164558,20.910916286243353,62.90917347989365
2024-03-23 20:00:00,57.08571854902184,17.601925766688208,65.43840605783225
2024-03-23 21:00:00,59.94567722733828,17.654944094237642,65.35492511279422
2024-03-23 22:00:00,59.18836077362536,17.05839550882782,75.351409188342
2024-03-23 23:00:00,61.88242885427002,16.29452707771548,71.40028975045078
2024-03-24 00:00:00,64.74901213930909,16.6644787200645,64.54790201267905
2024-03-24 01:00:00,63.634070037804186,16.230144602057884,67.24242425641165
2024-03-24 02:00:00,67.22620154393616,16.429849664067127,63.551052454522534
2024-03-24 03:00:00,68.47326319187117,18.5484628653369,60.463800683231355
2024-03-24 04:00:00,67.23076056471777,18.46287023705139,57.238010273215714
2024-03-24 05:00:00,75.64643812235416,18.953642172563306,59.08054172689898
2024-03-24 06:00:00,66.49975725797803,21.77170625047814,53.70835896130104
2024-03-24 07:00:00,66.43924773929402,22.76886961298849,55.4195650600626
2024-03-24 08:00:00,71.22962590460327,24.554750415036146,53.413387724460634
2024-03-24 09:00:00,68.12710958419662,26.7474213293041,52.77453192518448
2024-03-24 10:00:00,62.22457217661764,26.952789937090948,46.209774821924015
2024-03-24 11:00:00,63.99307962316645,28.330334642528847,49.18841402673002
2024-03-24 12:00:00,64.57338006439302,26.3489394662647,49.92187727871515
2024-03-24 13:00:00,58.43296654206145,29.060091974345532,48.15430052439562
2024-03-24 14:00:00,62.98593731443951,28.06386549199824,48.99950229465188
2024-03-24 15:00:00,52.49842157470986,25.805823384810683,57.023801664439944
2024-03-24 16:00:00,56.729861493920474,26.42294393580536,55.98054923830448
2024-03-24 17:00:00,57.67274547432581,25.124331508395144,59.58991937677953
2024-03-24 18:00:00,58.20930321146876,19.749416189883306,58.5330004214551
2024-03-24 19:00:00,56.34240523286283,19.120451994289855,59.95178883369384
2024-03-24 20:00:00,57.70618428760123,17.423200710298254,63.64744337563511
2024-03-24 21:00:00,61.37873472052834,15.73438819014182,66.35020056936966
2024-03-24 22:00:00,63.636478619193035,17.09908695221319,64.99870824584731
2024-03-24 23:00:00,65.91255050901854,14.967162621694587,67.97538797837404
2024-03-25 00:00:00,69.00261310791954,14.629679222165144,63.43799529271966
2024-03-25 01:00:00,67.06344503430343,12.4331119058069,63.86013548166984
2024-03-25 02:00:00,70.01361256503897,16.827407415801755,66.7483459325574
2024-03-25 03:00:00,70.45332663033075,15.3152907788995,64.50947630069481
2024-03-25 04:00:00,72.0907614162665,18.5839056823728,59.6084985375586
2024-03-25 05:00:00,75.56069195214661,20.576594397423435,55.45558922730754
2024-03-25 06:00:00,72.93638127845772,23.904922034174163,52.84330067016016
2024-03-25 07:00:00,79.00495414598673,21.979384756950616,52.066829385146505
2024-03-25 08:00:00,73.00489924785525,21.272682981851,52.54022841724792
2024-03-25 09:00:00,70.04649562443254,27.207136830960888,51.66036019051678
2024-03-25 10:00:00,67.57083206194696,30.582893480606018,47.09941239840441
2024-03-25 11:00:00,63.996972491738184,30.49600567813868,45.11626893503804
2024-03-25 12:00:00,63.89764749424442,29.293523181384476,49.01035083177518
2024-03-25 13:00:00,64.91218251037414,28.07319012413859,47.280908535590804
2024-03-25 14:00:00,60.625760200796975,29.192149461783437,49.633300590980916
2024-03-25 15:00:00,58.251280491961765,25.58678278872,56.31319022609242
2024-03-25 16:00:00,56.72163706162275,26.16690087709883,57.479598120389646
2024-03-25 17:00:00,57.60030868554382,24.519391538550618,58.3949357806286
2024-03-25 18:00:00,58.86719128636749,23.484293870498455,57.408392948242906
2024-03-25 19:00:00,62.00046895263964,24.05179073875821,63.528491418676765
2024-03-25 20:00:00,58.549403809094315,19.049382354050188,67.72771103883404
2024-03-25 21:00:00,62.85960506585532,16.337703455703835,65.7211698734307
2024-03-25 22:00:00,66.06846817230263,15.902018136440027,71.03704348785742
2024-03-25 23:00:00,64.34895119012015,12.761812949131787,71.23186322379551
2024-03-26 00:00:00,68.5341289920929,14.027401616475318,71.81859034324937
2024-03-26 01:00:00,70.67598698054813,14.665523802618177,67.42336185417301
2024-03-26 02:00:00,72.25217598637678,15.204098416400331,66.53954706138038
2024-03-26 03:00:00,75.75398307286108,17.263549352541467,66.535468220828
2024-03-26 04:00:00,76.03519848457746,17.34861209466473,61.70667529369841
2024-03-26 05:00:00,74.65462848024073,21.75770961853608,56.7469147305246
2024-03-26 06:00:00,77.07863966284211,22.00028989088538,54.29045245765464
2024-03-26 07:00:00,79.36886863706958,23.798712866123935,53.59638738443432
2024-03-26 08:00:00,77.83487779580157,25.040947396881936,47.702528633269296
2024-03-26 09:00:00,67.96133882224268,27.16701442570818,48.9815986737456
2024-03-26 10:00:00,71.69933387334355,29.217315397025434,51.082109532685024
2024-03-26 11:00:00,68.07002074692672,27.547498482028168,42.52186537208679
2024-03-26 12:00:00,67.15775705807393,28.07863691529464,52.17694699159558
2024-03-26 13:00:00,63.7848805444773,28.33626434373617,52.14568150891322
2024-03-26 14:00:00,63.49426355266185,26.177958533628775,49.77952064855838
2024-03-26 15:00:00,62.26345883835657,25.802786464695703,54.35847706967916
2024-03-26 16:00:00,59.627684165599256,24.83329077703773,55.41967886624084
2024-03-26 17:00:00,58.34493010271921,25.035878168715303,61.07497592109647
2024-03-26 18:00:00,59.876348380221934,22.367585860602865,63.04489830794935
2024-03-26 19:00:00,62.02276053664433,20.45929256019741,59.49982319204241
2024-03-26 20:00:00,64.20245044984067,19.691257147035206,66.53922384552551
2024-03-26 21:00:00,66.73952345116591,16.857932027935288,66.14618440373631
2024-03-26 22:00:00,65.46288499545321,16.484472963409342,67.86633968918584
2024-03-26 23:00:00,69.42603235882038,15.094008761871097,66.17957024757546
2024-03-27 00:00:00,73.25607083471436,15.37150728915948,72.02960093569283
2024-03-27 01:00:00,75.86248008035814,14.42265709532027,69.26040858760061
2024-03-27 02:00:00,75.11318811575808,12.523478151922083,63.22163990193309
2024-03-27 03:00:00,75.09385285134228,16.862261704633323,59.663473482724875
2024-03-27 04:00:00,76.35752255872016,20.491847390539597,59.624008873580465
2024-03-27 05:00:00,73.74639921503459,21.48496824742067,59.08625661522862
2024-03-27 06:00:00,75.54130068456315,23.35155647842739,56.01232415884006
2024-03-27 07:00:00,76.82347942235364,25.542316326246553,56.132832061920766
2024-03-27 08:00:00,75.53993966097698,25.624120627345903,52.903731493587124
2024-03-27 09:00:00,71.64182161802722,27.225989458673336,51.763668526537884
2024-03-27 10:00:00,70.90823467847513,27.197465172882975,49.15788023863554
2024-03-27 11:00:00,65.9888406595455,28.31897878558552,44.526753174472525
2024-03-27 12:00:00,67.12841273883227,29.862079609679597,47.85149540924198
2024-03-27 13:00:00,63.23211399522988,30.44691899605988,51.989970311926875
2024-03-27 14:00:00,61.33878713162503,27.86695304053795,50.800124866822806
2024-03-27 15:00:00,59.94662372393831,26.31948249751393,54.25772592155981
2024-03-27 16:00:00,59.48339397938181,25.50073914239893,54.61493876085948
2024-03-27 17:00:00,57.94554227933423,24.653422764218394,55.425470378644924
2024-03-27 18:00:00,61.51902889043295,19.978603257413365,60.27983029090902
2024-03-27 19:00:00,60.181949564450555,16.97361334989086,63.772618607581386
2024-03-27 20:00:00,65.2321747458247,17.729248410711957,63.431848513212124
2024-03-27 21:00:00,66.81949322700757,15.341255135414164,66.07097592570265
2024-03-27 22:00:00,62.92437350702974,15.226425896802734,65.31060015792558
2024-03-27 23:00:00,67.26284089424684,15.03162676963217,70.79811229391024
2024-03-28 00:00:00,67.52181761400067,14.365452227367781,66.92311886892071
2024-03-28 01:00:00,69.64944476673953,17.271973764235486,70.29214290065973
2024-03-28 02:00:00,76.95277793397119,16.39526484395226,68.89293743821793
2024-03-28 03:00:00,72.58869633356872,17.4709166351492,62.79738508819628
2024-03-28 04:00:00,74.54832474376487,19.371090001660313,58.067068619656915
2024-03-28 05:00:00,75.5565094523778,18.59390031938922,52.78525530566723
2024-03-28 06:00:00,70.87553289683721,23.45475650238798,51.73171686640773
2024-03-28 07:00:00,70.6261882660688,23.70566331456806,49.56541293775369
2024-03-28 08:00:00,68.43560793754656,26.438672864137455,54.37510625678891
2024-03-28 09:00:00,67.76815800193981,25.44914734204918,49.629307430223086
2024-03-28 10:00:00,61.32585988676584,25.8869155540685,49.314753047339174
2024-03-28 11:00:00,65.71247245731942,29.906526305258595,42.44894747766219
2024-03-28 12:00:00,67.21019378395866,29.526973336536525,45.34582566406602
2024-03-28 13:00:00,61.42909068004135,27.49860860792306,51.557445403271394
2024-03-28 14:00:00,55.92679224444919,26.844649512706457,51.64586746909073
2024-03-28 15:00:00,55.53516246396707,28.52535616648669,52.63198680328625
2024-03-28 16:00:00,55.92670089623979,23.834823349985566,56.82391544547491
2024-03-28 17:00:00,53.39510783664315,26.111475450276124,62.08949451533886
2024-03-28 18:00:00,58.541332804219394,20.739130971493456,60.035584292182556
2024-03-28 19:00:00,58.63108269163946,21.082015380134106,63.173424506644736
2024-03-28 20:00:00,55.650881418247025,18.03993413395173,65.55256010869384
2024-03-28 21:00:00,61.50206357741506,17.89471493520937,72.64052812602921
2024-03-28 22:00:00,65.03683276621636,15.176062570549176,62.41086760184291
2024-03-28 23:00:00,68.10451400390838,15.010609147475458,69.70805753697202
2024-03-29 00:00:00,72.13074361728891,15.05728684555401,67.3722526409929
2024-03-29 01:00:00,65.74988972720311,13.835456777882548,68.07718335330483
2024-03-29 02:00:00,75.10734473777819,16.97497625709711,63.427636426879005
2024-03-29 03:00:00,69.46499223634511,16.331753538633713,62.877587422854695
2024-03-29 04:00:00,69.58159826599928,18.179960118523393,62.36671689968924
2024-03-29 05:00:00,72.39646171541051,18.796177559830234,65.78227550260925
2024-03-29 06:00:00,70.14371150585343,18.412732877686814,57.43190002248009
2024-03-29 07:00:00,70.40797667691415,23.54429444807732,50.879836004924265
2024-03-29 08:00:00,64.16539599898553,28.877661590257713,49.86953298307774
2024-03-29 09:00:00,65.40355830671966,28.048193471363085,48.2062106911962
2024-03-29 10:00:00,66.94041001827352,28.035213294862764,43.85163380553423
2024-03-29 11:00:00,61.90580481820134,28.39343362313194,47.1747745207464
2024-03-29 12:00:00,60.193122039229294,29.031452249936866,50.17281444166349
2024-03-29 13:00:00,58.47999770786912,29.52744754526891,46.15416566446358
2024-03-29 14:00:00,59.2188136196897,26.40903988505872,53.55013881576059
2024-03-29 15:00:00,50.494754507983764,28.50979784084254,54.21943705271091
2024-03-29 16:00:00,54.773528325611,26.501533841617697,53.5762262440468
2024-03-29 17:00:00,52.57142225781841,24.81719333170903,57.646175906654484
2024-03-29 18:00:00,54.13512492753037,22.613866034334244,64.58399497012756
2024-03-29 19:00:00,57.0179907320858,20.2157300050541,64.83386953376503
2024-03-29 20:00:00,52.787822391767584,19.442005730353294,65.09302694911081
2024-03-29 21:00:00,54.870134421493724,17.878792318932128,66.06604574544166
2024-03-29 22:00:00,55.06221762191674,15.442165178191688,67.85078093901987
2024-03-29 23:00:00,60.33983913974349,14.435476733920842,66.72059110514424
2024-03-30 00:00:00,66.31050226493207,15.142598813366781,62.39738449859307
2024-03-30 01:00:00,64.92143401808936,17.407147428069834,71.7656988141813
2024-03-30 02:00:00,64.51259038368778,14.203072267593397,65.45938030986446
2024-03-30 03:00:00,67.84978341562692,14.99571715964041,63.99536816280637
2024-03-30 04:00:00,65.69681088290645,18.7306651777311,60.443421076333436
2024-03-30 05:00:00,66.73150879036659,20.25950946688043,56.16220799818839
2024-03-30 06:00:00,69.93296382840703,22.242678330118668,54.9469983466032
2024-03-30 07:00:00,65.30005384718369,24.15326779278931,49.00151309451494
2024-03-30 08:00:00,69.89665015430423,25.18751684351077,56.62164843326791
2024-03-30 09:00:00,64.44221296872725,29.035556282348658,46.253465966099384
2024-03-30 10:00:00,63.950357751390534,25.82091225662412,45.76082602749137
2024-03-30 11:00:00,60.82660000450826,27.601584949331134,46.899351989034
2024-03-30 12:00:00,61.13002409843742,28.855443335791335,51.56093104924001
2024-03-30 13:00:00,59.614558886824675,26.46101644840782,49.37601846031209
2024-03-30 14:00:00,56.28626800608465,27.81598166028628,47.83859269805861
2024-03-30 15:00:00,55.26046824287534,29.27580570032489,56.13584590189323
2024-03-30 16:00:00,53.25215081922429,25.529241083614433,57.239311115937895
2024-03-30 17:00:00,54.7050370058194,24.134714583724225,59.34608739304116
2024-03-30 18:00:00,53.60293961530856,20.235769328758366,62.377526053951875
2024-03-30 19:00:00,55.289219605958515,19.32536071302739,68.9859047514563
2024-03-30 20:00:00,55.94502351663027,17.974725067546366,70.53380504945555
2024-03-30 21:00:00,56.9424567481177,16.605451396235576,64.94346568033576
2024-03-30 22:00:00,58.21100543359303,17.732123486514475,71.71897074491854
2024-03-30 23:00:00,63.18381810746083,16.019286700991717,68.95792047439726
2024-03-31 00:00:00,67.9314278446885,13.443958860288156,68.90699780323503
2024-03-31 01:00:00,68.9237723745694,15.583625905781341,62.42957695873628
2024-03-31 02:00:00,65.22311425457498,16.63533262140428,64.64510339839562
2024-03-31 03:00:00,72.15837589778381,18.646461185623494,60.967941024158804
2024-03-31 04:00:00,69.41447535958469,20.71275696119557,62.658337488258084
2024-03-31 05:00:00,72.83204425865426,18.76713481572361,60.67770125100709
2024-03-31 06:00:00,68.71282534135185,20.864799484305472,50.22559367143455
2024-03-31 07:00:00,70.81514423361902,22.051124313236805,52.94491283998924
2024-03-31 08:00:00,69.79807256687754,25.172372197250283,53.73358595012043
2024-03-31 09:00:00,63.671125051701715,27.602649192530507,48.87304855637187
2024-03-31 10:00:00,66.56607298764366,29.44444614971591,50.163400849615286
2024-03-31 11:00:00,66.60323671147906,28.65514935092391,48.87791366906771
2024-03-31 12:00:00,61.21646601745088,28.55221346744322,49.194892316990874
2024-03-31 13:00:00,62.68585367536122,28.973941973171723,48.6614585169846
2024-03-31 14:00:00,57.81747043543135,26.892977764209224,47.88748017779534
2024-03-31 15:00:00,58.06710723599671,29.87510167867845,50.19617463143712
2024-03-31 16:00:00,51.89300605164018,23.249274562034934,57.18519083511227
2024-03-31 17:00:00,61.74734585209518,24.07037012617223,58.048645638797026
2024-03-31 18:00:00,59.42130354347851,24.833048706921627,60.2419098395076
2024-03-31 19:00:00,56.99587542929545,20.197786466666034,61.940274894194104
2024-03-31 20:00:00,54.676741390897405,18.233945350997914,64.30809569816324
2024-03-31 21:00:00,61.97017253446029,16.549828939759813,69.27753352406482
2024-03-31 22:00:00,59.89178981553498,15.685273819041504,66.82114805822053
2024-03-31 23:00:00,65.84328613916328,17.160507080523722,64.64733821674608
2024-04-01 00:00:00,69.55067220813001,11.90339332413869,69.51838770174115
2024-04-01 01:00:00,67.12596136868149,17.38532639779135,66.14806237818291
2024-04-01 02:00:00,74.7645518624239,13.944282160078505,65.1495574756974
2024-04-01 03:00:00,75.26124644096856,16.676939270765995,67.01894576599918
2024-04-01 04:00:00,76.44884097073091,17.899057811581592,60.53678905764876
2024-04-01 05:00:00,74.3085134010521,21.01224126196149,58.722959182797105
2024-04-01 06:00:00,71.45694694611959,19.762625907362548,52.464500820729725
2024-04-01 07:00:00,75.66563657320647,24.45877504823184,52.45082636912271
2024-04-01 08:00:00,71.17649870681407,28.33403347260152,52.452747301155654
2024-04-01 09:00:00,67.9517157838785,25.041303861876163,45.451311627552485
2024-04-01 10:00:00,72.09525574741544,28.32776646114564,48.8428544698987
2024-04-01 11:00:00,72.12268020555837,27.834705735108145,48.25197768161202
2024-04-01 12:00:00,64.83980175645473,29.59624208867025,48.44396037607785
2024-04-01 13:00:00,68.34606105019816,28.788287672405577,51.932643208801416
2024-04-01 14:00:00,62.19525126111185,27.1640961538289,51.76502847525576
2024-04-01 15:00:00,59.71679229749993,27.63276866712538,56.69517974589061
2024-04-01 16:00:00,57.71489250692645,28.02608735370179,52.92783575998978
2024-04-01 17:00:00,63.65003723944227,23.544468007299372,58.339811418045464
2024-04-01 18:00:00,58.199680871341116,23.007661119007736,60.79935741700032
2024-04-01 19:00:00,63.21278450020729,18.377684543262554,60.3268637656121
2024-04-01 20:00:00,61.81325389791259,17.160989072454925,67.46180531709334
2024-04-01 21:00:00,63.538558856274726,17.711621320727048,72.47193730247639
2024-04-01 22:00:00,68.41472278391885,18.0155846134593,67.61674307668096
2024-04-01 23:00:00,67.85828294526118,15.736377904276544,69.26255272068441
2024-04-02 00:00:00,70.19739459050959,14.561718757267585,67.87055445242909
2024-04-02 01:00:00,75.58282710565057,15.237527183569151,64.87629236307687
2024-04-02 02:00:00,78.71811439105373,14.187251345951028,60.519167117360574
2024-04-02 03:00:00,77.38017241142458,17.896573988591584,61.23556629226119
2024-04-02 04:00:00,75.07993251459713,19.73526628725305,57.108294498645904
2024-04-02 05:00:00,76.59164634112483,19.555340218316022,62.260255195148304
2024-04-02 06:00:00,77.49239709563601,21.341940993136344,55.124035314166555
2024-04-02 07:00:00,76.982564150783,24.18396283723061,52.13520167738236
2024-04-02 08:00:00,73.11104937665024,24.88859236954296,53.15181675010381
2024-04-02 09:00:00,75.00985279005303,26.85716180782984,46.53536820501598
2024-04-02 10:00:00,70.89770388059004,31.001788331324136,46.4235816420981
2024-04-02 11:00:00,65.60672436602017,28.415644802978964,48.17018067312155
2024-04-02 12:00:00,65.50423300305802,28.49832378717029,50.9126642156679
2024-04-02 13:00:00,64.59218494743443,27.85492225613434,50.59395857507767
2024-04-02 14:00:00,63.42122622613987,29.104046586590922,51.549745044424014
2024-04-02 15:00:00,66.98709213019461,26.69603362580064,53.19529433808936
2024-04-02 16:00:00,62.62530648537241,24.59087774635048,56.4123991877916
2024-04-02 17:00:00,59.19583773499033,25.661558960899953,58.50413226282365
2024-04-02 18:00:00,61.76725278653093,23.98744420631873,58.0132597640829
2024-04-02 19:00:00,62.140835869339085,19.347673692248144,63.1151980540825
2024-04-02 20:00:00,65.32318720058105,15.886844068095407,62.38684616457044
2024-04-02 21:00:00,66.75525536565051,18.46077169746632,66.86296039509631
2024-04-02 22:00:00,70.69460060961299,14.979340417445021,66.45763840917017
2024-04-02 23:00:00,69.8209285312185,16.345395054804328,74.34845405695715
2024-04-03 00:00:00,76.37883331358105,12.241854655203431,67.55952230351156
2024-04-03 01:00:00,75.45615167352028,16.48815548959545,63.14965512219038
2024-04-03 02:00:00,74.27541576620587,14.24218147251586,64.73561728517346
2024-04-03 03:00:00,81.62164487055533,18.073322298387097,64.29839686409451
2024-04-03 04:00:00,78.42837004745093,18.519982294971154,64.77160031640675
2024-04-03 05:00:00,76.00799985038212,18.85275149712689,56.52636900015393
2024-04-03 06:00:00,81.04882517965993,21.430149161901998,51.45573961391576
2024-04-03 07:00:00,81.03571646785198,24.772579155456977,55.04209252857794
2024-04-03 08:00:00,74.71815545143733,25.648252234360992,47.47743542338532
2024-04-03 09:00:00,71.80184190521945,27.767925640967363,48.24935735838709
2024-04-03 10:00:00,70.03802856008389,30.829194644812617,47.69669052333205
2024-04-03 11:00:00,71.13923663960836,26.571542527627848,47.82591636674973
2024-04-03 12:00:00,69.2175544791928,31.264097604956074,50.06365287979527
2024-04-03 13:00:00,65.89809363143102,28.907579096555896,47.63066025643962
2024-04-03 14:00:00,63.45343127998104,26.803880158838705,50.244609057717255
2024-04-03 15:00:00,65.47538905476748,25.087308392271506,52.964324117626646
2024-04-03 16:00:00,60.041446191700416,25.23523145291207,55.78580444277142
2024-04-03 17:00:00,62.38357504177926,25.102043472412124,58.24456793677011
2024-04-03 18:00:00,59.95996720781325,21.821431231471237,61.678204889081485
2024-04-03 19:00:00,61.82473597745436,22.30388358662876,65.10959877410377
2024-04-03 20:00:00,62.761427249528474,16.468354033928218,66.0526531009929
2024-04-03 21:00:00,63.992192927621225,17.033328004709695,67.79421784661719
2024-04-03 22:00:00,65.2950781893055,14.184471351330735,63.70370034602453
2024-04-03 23:00:00,70.8910639234702,15.747603851651448,68.1255692479142
2024-04-04 00:00:00,67.96829583893054,16.24164234613622,68.8580271328949
2024-04-04 01:00:00,70.27135345224468,14.649452704822902,68.48260702427058
2024-04-04 02:00:00,78.98167814916587,12.29192277423089,63.34019087628064
2024-04-04 03:00:00,76.51644500235453,17.32877993720951,61.35240181277837
2024-04-04 04:00:00,69.36125086595902,19.111433972426926,59.15293876281666
2024-04-04 05:00:00,73.8070695927181,20.754279341228422,59.341034749729296
2024-04-04 06:00:00,70.26181010160926,23.73009506855036,57.99651218628559
2024-04-04 07:00:00,71.88346738964545,22.31225816420878,51.98134973177068
2024-04-04 08:00:00,64.9366548243444,26.452302547630854,53.198837972202234
2024-04-04 09:00:00,69.7072439030196,28.61925798577494,49.6484454850674
2024-04-04 10:00:00,66.27691675276446,25.572155208881735,48.030027294203215
2024-04-04 11:00:00,66.03122786475298,29.20899334031006,47.47153942545508
2024-04-04 12:00:00,60.30704755285358,28.29414823658926,50.20727014861477
2024-04-04 13:00:00,61.93042738915643,28.64734904168113,50.15369050412316
2024-04-04 14:00:00,59.06046574797961,28.548924903444828,56.6184957572531
2024-04-04 15:00:00,61.9523447160168,26.267627478547226,50.869438392506616
2024-04-04 16:00:00,61.05059950494354,24.554008689173795,56.707063804049184
2024-04-04 17:00:00,58.842205046682736,23.859546700201264,56.6769974754713
2024-04-04 18:00:00,56.80398929643363,20.477855685592015,58.41497298355322
2024-04-04 19:00:00,62.93530585028582,18.66811150384336,62.97283215741181
2024-04-04 20:00:00,55.38473673453342,19.451122596139637,65.41444901038291
2024-04-04 21:00:00,58.293143830347425,15.441940882472158,73.95568792549483
2024-04-04 22:00:00,62.15621454027818,16.870659674781674,67.19889372368267
2024-04-04 23:00:00,69.47535809474033,15.886147025972063,65.17455317628828
2024-04-05 00:00:00,66.75020716563658,12.583870579693166,68.34178505662662
2024-04-05 01:00:00,67.96721430986848,14.289928702706627,61.47365394397865
2024-04-05 02:00:00,66.21527113926692,17.609575337775123,64.8411758553546
2024-04-05 03:00:00,73.63521195281496,15.676620788098758,63.040063205738065
2024-04-05 04:00:00,74.237504445206,17.84983403276674,62.57469140838889
2024-04-05 05:00:00,73.68991362870818,20.835151934834553,60.43405562356964
2024-04-05 06:00:00,69.70829084185256,23.096746712995618,54.15288550170598
2024-04-05 07:00:00,68.98110992729964,23.459578875255012,52.623464963425036
2024-04-05 08:00:00,66.24614117698303,24.663485727431794,49.01363011160808
2024-04-05 09:00:00,66.84604703888284,28.94106527468358,46.519589575136784
2024-04-05 10:00:00,62.15447025066656,30.496637355807394,49.11547868556094
2024-04-05 11:00:00,59.78443879881065,30.131882055117963,44.8160361285085
2024-04-05 12:00:00,59.735532795619676,29.119445399591033,47.30417448567966
2024-04-05 13:00:00,57.77911067687875,27.62990877372618,46.851811062407286
2024-04-05 14:00:00,56.111962379810436,26.899555657312046,52.3031401538595
2024-04-05 15:00:00,56.75393348481604,27.681267215678368,57.503575248165966
2024-04-05 16:00:00,54.65195770181955,26.08575750924434,52.157839591966805
2024-04-05 17:00:00,53.080252798670685,25.773971345842405,53.36745379275595
2024-04-05 18:00:00,54.891195393001546,22.910630129550682,60.275973237649445
2024-04-05 19:00:00,53.750805830706845,18.08395426181902,63.03924448989443
2024-04-05 20:00:00,56.67814674787461,19.972726664812058,65.6177160787584
2024-04-05 21:00:00,59.083978886941225,15.652967653454205,65.54445274975863
2024-04-05 22:00:00,57.0405184029304,15.400262392775563,67.15766001582703
2024-04-05 23:00:00,64.72257889421005,15.588799504728943,68.91877602635151
2024-04-06 00:00:00,61.961523982551185,17.793934485697548,70.2603354945028
2024-04-06 01:00:00,65.36852931306858,19.59240519438401,61.772632112048974
2024-04-06 02:00:00,70.56945104497007,16.787234456299384,64.14871921428676
2024-04-06 03:00:00,71.63134373553223,16.793777265485662,63.534521984853015
2024-04-06 04:00:00,69.968940367766,19.248307907872526,58.293250189499226
2024-04-06 05:00:00,69.50910621837475,21.430984280505125,62.32792407941848
2024-04-06 06:00:00,72.34267530108899,21.551065324219767,53.823284848402544
2024-04-06 07:00:00,70.2115833507441,26.32502921399518,52.89676828248185
2024-04-06 08:00:00,66.5495731012446,25.822099062867924,52.31898743024063
2024-04-06 09:00:00,64.21317977306471,27.646587793033515,47.861533990150825
2024-04-06 10:00:00,59.09985728823712,28.994471779367355,43.72430911759837
2024-04-06 11:00:00,62.393052378173664,29.351702038883648,46.928363682708664
2024-04-06 12:00:00,59.808171518912644,30.174516700657456,50.91434312692687
2024-04-06 13:00:00,61.0315283222472,27.897326322857822,48.49750814519243
2024-04-06 14:00:00,57.53203897084303,27.28055537096687,48.81284643448706
2024-04-06 15:00:00,58.96366571652252,25.409531542145476,55.314180523756356
2024-04-06 16:00:00,52.86478223566918,26.11530172286863,54.5848723089173
2024-04-06 17:00:00,56.76075892056825,24.90224442063451,56.72459796587412
2024-04-06 18:00:00,53.49948788705554,22.64088201261288,60.96183067518268
2024-04-06 19:00:00,57.07580751125115,22.532556090969464,64.92687552404682
2024-04-06 20:00:00,54.12477704041629,18.492165573639436,71.02535164119718
2024-04-06 21:00:00,59.38685464510516,17.986490849523445,68.72834430698794
2024-04-06 22:00:00,57.011845309624604,14.40944094691389,70.55885817886143
2024-04-06 23:00:00,62.72124961944556,14.696579632512448,66.73508450253036
2024-04-07 00:00:00,66.11477944079704,15.97375286059209,65.09458799796707
2024-04-07 01:00:00,66.04842637824737,16.427262171016867,66.81608241189201
2024-04-07 02:00:00,67.0171684848477,15.526268446779195,65.33899260001456
2024-04-07 03:00:00,72.53818211668265,16.950013579092804,60.30371814658905
2024-04-07 04:00:00,71.87530138019552,16.37497675464649,60.14995412626514
2024-04-07 05:00:00,71.01805272645602,19.688425803153123,58.99829400429827
2024-04-07 06:00:00,71.61040695581403,23.246536428927385,56.31279303651979
2024-04-07 07:00:00,76.98524579159978,24.617020338266975,54.26071963346092
2024-04-07 08:00:00,72.37656375070945,26.200932009933524,51.65634401347867
2024-04-07 09:00:00,70.87339893837252,27.019430630358798,48.07222431398053
2024-04-07 10:00:00,67.36453948006388,28.07206624857048,47.05599017048736
2024-04-07 11:00:00,64.90926725271605,27.837031188760545,45.00262150501531
2024-04-07 12:00:00,56.93901980005297,29.978359788283548,52.80267933507195
2024-04-07 13:00:00,58.945182612178606,29.3508429061687,49.3733718737034
2024-04-07 14:00:00,57.815903676181,28.751004213681306,50.36679954864722
2024-04-07 15:00:00,53.74835407305308,26.213298688571342,50.678019796369206
2024-04-07 16:00:00,55.8109374917801,22.48531991218001,62.75095430479416
2024-04-07 17:00:00,52.18029054408436,25.34774711217287,55.3166799194422
2024-04-07 18:00:00,57.741168083524144,21.329627561588627,59.51607063701012
2024-04-07 19:00:00,60.9509931448682,18.98038061462192,64.03959209071482
2024-04-07 20:00:00,62.57007148999715,19.470870476679824,66.57160022622635
2024-04-07 21:00:00,63.2706876087188,16.501434835807252,69.0550841758835
2024-04-07 22:00:00,61.83874873971908,17.421733111174277,72.17827953231367
2024-04-07 23:00:00,61.87982081806505,16.102327545384025,69.26539413865179
2024-04-08 00:00:00,64.33291179140544,15.956997052480668,65.01918126297414
2024-04-08 01:00:00,68.38880646641819,13.326181220295679,66.01789122503988
2024-04-08 02:00:00,70.26193956775835,17.634543753049932,65.84064874315044
2024-04-08 03:00:00,73.92181804485728,17.416003275421392,68.17056510376528
2024-04-08 04:00:00,72.68672542977255,17.983012005054807,57.09367675496464
2024-04-08 05:00:00,76.34576702291406,20.38901053856138,61.0064412630626
2024-04-08 06:00:00,75.4186167845428,19.51327067394268,55.86159547284085
2024-04-08 07:00:00,74.59970493168315,24.383847251790574,55.09457633807413
2024-04-08 08:00:00,76.40877749675393,24.0588798885448,50.673945396545385
2024-04-08 09:00:00,69.52711846096334,25.0560090681244,47.23366438683996
2024-04-08 10:00:00,71.62456207037204,25.93087496578591,50.21792368561256
2024-04-08 11:00:00,67.71797478374025,30.319244509009437,49.636077567764055
2024-04-08 12:00:00,65.66130290560594,28.119031248830098,50.77088415145846
2024-04-08 13:00:00,65.76276101447264,30.90869957790669,49.30648437370904
2024-04-08 14:00:00,64.86118746741874,27.31205577821785,49.42937712983458
2024-04-08 15:00:00,59.81163526949856,24.559446327675936,49.103032512440556
2024-04-08 16:00:00,61.00290334905415,23.93686578407176,57.46024271932303
2024-04-08 17:00:00,61.07617979129855,25.541869583727557,59.05972370610919
2024-04-08 18:00:00,60.549294742703935,21.78174255088921,58.17373386886519
2024-04-08 19:00:00,63.68080427260096,19.420664469195593,61.65356581675791
2024-04-08 20:00:00,64.18543152205253,18.724025516194267,63.904170781986906
2024-04-08 21:00:00,69.33391628538453,17.752748362328706,62.95279295788812
2024-04-08 22:00:00,63.561772959306595,17.502180515772526,65.6150522713776
2024-04-08 23:00:00,68.87139842628483,17.266418137826783,65.16542410798411
2024-04-09 00:00:00,70.00109221607902,14.49632389589528,66.62806073317073
2024-04-09 01:00:00,75.83555302813203,13.38205245546174,64.81351029202052
2024-04-09 02:00:00,72.0638947886596,15.358970947936312,61.003555509699
2024-04-09 03:00:00,78.16343274851644,17.414645240909927,68.05647557642364
2024-04-09 04:00:00,77.12148619141549,17.150737503305194,63.719542278598674
2024-04-09 05:00:00,76.95185461370538,18.848255403429025,56.05245144619978
2024-04-09 06:00:00,74.75324699695403,22.48130303417002,56.09286304060904
2024-04-09 07:00:00,76.3882590878783,23.743620023518858,54.04366272455385
2024-04-09 08:00:00,78.75890283738102,25.54591579357579,53.90664682506826
2024-04-09 09:00:00,74.57715176845166,25.887853999725706,47.29323339550569
2024-04-09 10:00:00,74.20060241245844,27.739616826602806,51.07100869706535
2024-04-09 11:00:00,74.54955509796142,27.467554382047872,46.63023673948266
2024-04-09 12:00:00,68.5228343362607,30.2462777755747,45.00108572668756
2024-04-09 13:00:00,64.91327142123274,30.210829852636884,51.15008736044176
2024-04-09 14:00:00,66.70841610740328,25.477514819357808,54.15582824844092
2024-04-09 15:00:00,62.9734940092401,25.64843226403623,59.46977243382669
2024-04-09 16:00:00,62.02184984545995,23.404859042873902,52.41249638624877
2024-04-09 17:00:00,59.39398277846534,22.90169980754833,59.74729921270099
2024-04-09 18:00:00,65.00177988599762,21.883186842294187,59.563687341541055
2024-04-09 19:00:00,63.460219279486736,18.15876337670464,64.95839677631035
2024-04-09 20:00:00,65.62283105510885,17.20939626162437,61.394843933787236
2024-04-09 21:00:00,64.58127058151973,15.64471221078015,63.503329598597645
2024-04-09 22:00:00,69.57498230482783,16.227996434667677,65.71957120497449
2024-04-09 23:00:00,69.07721886815352,15.335601287827272,68.19741011417021
2024-04-10 00:00:00,72.77921748730842,13.989567425327845,66.05655509654474
2024-04-10 01:00:00,76.90313292346457,15.486068436971712,68.30788989762809
2024-04-10 02:00:00,78.64183534538265,15.172470055086652,67.63830435751082
2024-04-10 03:00:00,77.8571817522831,16.669935377237305,64.4989438531135
2024-04-10 04:00:00,74.03004659553147,20.842832926417874,64.63515955017797
2024-04-10 05:00:00,85.14287023441673,22.064912156788424,59.03956657363832
2024-04-10 06:00:00,82.62868292481878,20.180586268301393,52.3695677731248
2024-04-10 07:00:00,78.94510267057933,24.97335870074819,56.40844128384665
2024-04-10 08:00:00,73.91974943363829,26.635955176287666,49.41604159911972
2024-04-10 09:00:00,74.48173396904635,25.342178864052034,51.615792211369346
2024-04-10 10:00:00,70.82672534076606,29.20846652774801,52.27507727849711
2024-04-10 11:00:00,72.39025177370017,30.914585469801033,49.141720026826
2024-04-10 12:00:00,68.57599049622685,27.42843727125782,44.60034470419772
2024-04-10 13:00:00,64.11872422617762,27.476976834603498,47.044215545880924
2024-04-10 14:00:00,62.67353445708157,29.48690388007212,54.23579335534753
2024-04-10 15:00:00,65.03670504159402,27.32984090346162,52.577193285892754
2024-04-10 16:00:00,65.18123324147824,26.27206678533548,55.6107433863295
2024-04-10 17:00:00,64.8216191281691,24.28855821867883,59.89706104040895
2024-04-10 18:00:00,63.222839265045494,22.546974289299452,62.32899760622548
2024-04-10 19:00:00,62.18288548412181,18.33120570464721,63.69699953096374
2024-04-10 20:00:00,55.62550385059498,19.966244789269965,64.54939688381404
2024-04-10 21:00:00,65.30275162722967,18.687678521093236,65.87858292351306
2024-04-10 22:00:00,67.1138253380108,15.616675131813993,69.80400532611898
2024-04-10 23:00:00,69.33326429363561,15.177651486237153,69.38392382766948
2024-04-11 00:00:00,71.54018689360831,12.85644949642199,67.01600826134622
2024-04-11 01:00:00,69.64837525803159,15.958475874401486,69.3655348203275
2024-04-11 02:00:00,75.35215225644825,16.73870259190855,64.74848252404173
2024-04-11 03:00:00,76.79681397082058,16.96318510789464,60.870844564164315
2024-04-11 04:00:00,77.16061763589009,20.074094703818496,58.69076370376655
2024-04-11 05:00:00,78.36132765417496,19.720558560910646,55.553147909225764
2024-04-11 06:00:00,76.89832967045558,22.790448296250915,54.73078450746621
2024-04-11 07:00:00,74.32215011682972,22.384203241548235,56.084310695840486
2024-04-11 08:00:00,73.0325005093574,25.467026988776063,48.91619423555859
2024-04-11 09:00:00,71.72643324001304,26.705651507241623,49.81093536470079
2024-04-11 10:00:00,69.3911777966062,28.377608917348446,46.699018373040865
2024-04-11 11:00:00,69.43244334558808,28.244143083656716,47.349227396821405
2024-04-11 12:00:00,66.12073547579435,28.815938366059665,44.56563870714615
2024-04-11 13:00:00,67.13970608653791,29.917946824041614,48.788400389263956
2024-04-11 14:00:00,66.06351474273082,27.450707894357784,50.44466873862214
2024-04-11 15:00:00,60.254882997293294,24.70053952727167,54.35071986008884
2024-04-11 16:00:00,49.102466168696864,27.949417465887866,55.97001183211231
2024-04-11 17:00:00,60.33342036103839,25.74576902588496,55.0040196876196
2024-04-11 18:00:00,57.6362769308482,20.190832226852333,63.298686061134426
2024-04-11 19:00:00,56.93972766618737,21.153857611625376,63.52575760055489
2024-04-11 20:00:00,59.469745689538435,17.795835321228186,65.56705160480877
2024-04-11 21:00:00,60.64183174444291,17.419134633157945,66.63729815438157
2024-04-11 22:00:00,64.85366570948628,16.3497359541278,66.36486464483502
2024-04-11 23:00:00,62.1248154684958,14.910348295533748,68.54450584937182
2024-04-12 00:00:00,65.44043677879964,13.902728068179044,68.8482293527122
2024-04-12 01:00:00,70.23145282717194,14.271761742733712,62.293014809480866
2024-04-12 02:00:00,72.65519118291672,14.655153491834934,63.724165718500295
2024-04-12 03:00:00,73.85697799544079,15.885701440171506,62.36263257399152
2024-04-12 04:00:00,71.03668280625484,18.40595039393056,61.22861696526081
2024-04-12 05:00:00,71.07272807556517,19.18620269952736,60.983277514818205
2024-04-12 06:00:00,71.00018532747768,22.954872891997393,53.482457512483684
2024-04-12 07:00:00,71.51424958130599,25.89387793318735,51.75509538295559
2024-04-12 08:00:00,73.67050870857403,24.687925462081804,49.647596911517844
2024-04-12 09:00:00,63.4068895045544,27.284913769055574,47.335926986894286
2024-04-12 10:00:00,65.49132090141458,28.76173698091516,47.4727754993288
2024-04-12 11:00:00,60.86828434055129,29.422283963310367,49.92700554996993
2024-04-12 12:00:00,57.84123921837957,29.10633737508252,45.706152998698364
2024-04-12 13:00:00,61.77121185947624,29.801236169727154,50.40928195003802
2024-04-12 14:00:00,58.86905866467819,28.737326360243888,46.67417661308855
2024-04-12 15:00:00,58.04352377145643,25.21702007704771,51.596655008893904
2024-04-12 16:00:00,57.560254278353256,26.716818490145393,54.58808629842981
2024-04-12 17:00:00,54.26865069024828,25.053940487891097,62.187149182284664
2024-04-12 18:00:00,54.95926761174282,20.931399454150334,59.90118468914363
2024-04-12 19:00:00,61.250024437010765,20.241379653908893,57.49689131637242
2024-04-12 20:00:00,56.72871548010194,19.456660589935694,60.07384554471178
2024-04-12 21:00:00,61.22037939341307,16.75721318428346,66.74532800371101
2024-04-12 22:00:00,61.11207273109423,17.4399914403814,69.19368540236559
2024-04-12 23:00:00,58.45069651993565,18.547940708443537,68.93863964406813
2024-04-13 00:00:00,61.1586459303212,13.899619554311025,68.07818352739328
2024-04-13 01:00:00,66.79865372071541,13.305056771561151,69.56590303160903
2024-04-13 02:00:00,71.41302201010244,16.36316820735542,63.72208976002286
2024-04-13 03:00:00,72.09183002996802,18.06044003887062,65.23727639006675
2024-04-13 04:00:00,73.17897641203454,18.17678707661754,56.508153238459286
2024-04-13 05:00:00,68.5531711972551,22.222831612931717,55.737630417655446
2024-04-13 06:00:00,75.09772906026681,20.125951880387024,50.89420606164521
2024-04-13 07:00:00,67.80513869115619,24.781819387961935,52.312886748325894
2024-04-13 08:00:00,69.68659940300579,24.651794850937286,50.81327914496851
2024-04-13 09:00:00,66.68622599351892,29.356876536996154,49.62499969272204
2024-04-13 10:00:00,64.24861458411132,30.851699320926343,48.49545011932735
2024-04-13 11:00:00,66.47906382933395,27.688161561126655,45.68111667297068
2024-04-13 12:00:00,59.718136133762464,28.23062000972799,47.86513962607613
2024-04-13 13:00:00,55.6602327539694,29.964903825795304,45.59612929064128
2024-04-13 14:00:00,57.97649989723237,27.520194916785723,54.337004625964866
2024-04-13 15:00:00,55.46051474050256,26.8861717632009,52.24093481775423
2024-04-13 16:00:00,63.3698762544162,25.53554378875991,54.18959425136534
2024-04-13 17:00:00,57.9138813788147,21.124190897041082,61.97235082111062
2024-04-13 18:00:00,54.77361312237813,21.980627155467772,57.482574117152076
2024-04-13 19:00:00,54.45671486713641,19.222647800592554,60.18603221491961
2024-04-13 20:00:00,53.89915064810306,17.80962804864065,62.33051699969415
2024-04-13 21:00:00,57.11293950144023,19.071337336550453,66.49057558359549
2024-04-13 22:00:00,62.81564971425182,14.178712521518099,68.73833733698476
2024-04-13 23:00:00,67.36212023293972,16.377006477423638,69.84918867029458
2024-04-14 00:00:00,69.48065845106697,14.609451897535468,74.08924655662828
2024-04-14 01:00:00,68.88770348112146,14.84685498008223,61.03667290234249
2024-04-14 02:00:00,69.38106651380384,17.044342827981314,66.59290678467688
2024-04-14 03:00:00,72.1394731369,17.526324344090362,61.6071735685693
2024-04-14 04:00:00,,19.298858196107428,59.12215257880361
2024-04-14 05:00:00,76.51309133716804,21.54372520902813,56.45056967936613
2024-04-14 06:00:00,72.35585557834445,21.536168263542773,53.139885371955025
2024-04-14 07:00:00,72.29346392652475,22.95460188740668,57.21131208650821
2024-04-14 08:00:00,66.25906788005213,23.98078926281938,53.034675505669284
2024-04-14 09:00:00,69.13056941027266,25.794172726335297,49.397735908549286
2024-04-14 10:00:00,68.4981000677549,32.190910021923116,51.71828111832707
2024-04-14 11:00:00,62.37264175061352,30.50403219705481,44.21867758675281
2024-04-14 12:00:00,62.059383247808015,27.10849588730877,45.01397890878209
2024-04-14 13:00:00,63.67434630312635,26.91003964458242,43.89482663166883
2024-04-14 14:00:00,56.47714650211047,28.736790312897007,49.18039583782586
2024-04-14 15:00:00,61.262204589712695,27.715918184635292,53.40424631676191
2024-04-14 16:00:00,56.95718358201213,26.26843736944429,55.6689559938052
2024-04-14 17:00:00,57.47657923984438,23.454795204742773,58.37335477764991
2024-04-14 18:00:00,56.00593234205491,21.824364035995796,57.06054837335974
2024-04-14 19:00:00,60.577023198320006,20.647298018105644,65.0078868565344
2024-04-14 20:00:00,66.8577775487576,18.620250208811125,65.6701366074629
2024-04-14 21:00:00,65.7335679814676,13.943232009847671,68.49288974150909
2024-04-14 22:00:00,63.063565491460814,15.616102690703864,62.92735281891557
2024-04-14 23:00:00,70.4331090140512,14.046550208012071,68.77872714699447
2024-04-15 00:00:00,68.8148053058882,15.245295986471916,64.6898451630971
2024-04-15 01:00:00,73.93630943562655,19.417881819621133,65.66694590646611
2024-04-15 02:00:00,75.49355097595351,16.45229650517287,66.40698005845616
2024-04-15 03:00:00,68.48204551133918,16.611310971053012,63.22773401563985
2024-04-15 04:00:00,73.33432563857022,19.79052210276811,58.45934050157745
2024-04-15 05:00:00,78.47791576441494,20.864029726374874,58.015682890460944
2024-04-15 06:00:00,76.32701095314394,22.588132286632646,51.58297126086606
2024-04-15 07:00:00,73.19849649892699,24.661324146219325,55.87566848974551
2024-04-15 08:00:00,72.24396390156284,28.37916099076152,50.41572213939405
2024-04-15 09:00:00,69.03280639753527,25.366503658849446,52.136120822794275
2024-04-15 10:00:00,70.60801047861675,28.725262734026863,47.02441251936922
2024-04-15 11:00:00,74.40912302887187,27.464547202049314,46.69106002898354
2024-04-15 12:00:00,68.65596606746055,29.777717704879148,46.430274770514735
2024-04-15 13:00:00,70.74216037758951,27.475319667942923,51.53018079138812
2024-04-15 14:00:00,65.82181494939724,27.477864287444074,49.155354294812746
2024-04-15 15:00:00,65.14089557823893,26.536621588373176,54.61148858103778
2024-04-15 16:00:00,66.08770605976183,26.866143407082703,54.45567855480202
2024-04-15 17:00:00,62.11619183167294,25.097569537236705,53.06009175027094
2024-04-15 18:00:00,62.18545771380324,20.255995672975068,59.16240528155856
2024-04-15 19:00:00,65.42717318631453,20.265174439682475,60.052229464092036
2024-04-15 20:00:00,68.25746444640393,17.506588203351747,65.15582462107109
2024-04-15 21:00:00,65.67577951776155,15.288345656748858,63.68423469865833
2024-04-15 22:00:00,67.11480882294224,15.633998302914694,69.97419601467719
2024-04-15 23:00:00,71.22565809577333,14.806643312138402,67.77231034911743
2024-04-16 00:00:00,74.06518596739359,18.39740308088373,67.21526827599382
2024-04-16 01:00:00,76.84838636805324,15.844662971481501,68.29998438231358
2024-04-16 02:00:00,74.17712195607207,14.009157672452835,67.48083514705499
2024-04-16 03:00:00,82.80504042521599,16.259568925854943,62.94975312057612
2024-04-16 04:00:00,77.15615083950752,19.929936613600983,58.66018970215273
2024-04-16 05:00:00,77.84845084789825,23.112086566299727,53.5650759597198
2024-04-16 06:00:00,77.56769886074036,19.779623362866776,53.69668515638742
2024-04-16 07:00:00,85.18370063148612,21.179839176522577,51.456969383380056
2024-04-16 08:00:00,77.05045174616552,28.119351245520527,51.19657582061557
2024-04-16 09:00:00,73.34318699396752,27.495207316624885,48.476878759311006
2024-04-16 10:00:00,75.92470209595439,26.84656800186384,50.06057416723795
2024-04-16 11:00:00,72.97915467333178,29.50996150459484,46.467541821823275
2024-04-16 12:00:00,69.8863581441485,25.30995316537637,48.19813881997694
2024-04-16 13:00:00,69.5585430767078,28.76620649325952,52.29971457014756
2024-04-16 14:00:00,63.86404468902278,28.521127468471587,51.783495223022
2024-04-16 15:00:00,63.11984644907185,28.243725663658754,52.84990614577825
2024-04-16 16:00:00,59.472324658456394,24.080545666790687,53.9069484441371
2024-04-16 17:00:00,60.4286309551262,23.931695341682175,56.41692150821233
2024-04-16 18:00:00,68.27653233809563,20.704405523516733,58.461657318644654
2024-04-16 19:00:00,68.36900520882276,20.54580394222688,61.64748283554271
2024-04-16 20:00:00,66.63230868360536,17.2465151486918,66.96023240872587
2024-04-16 21:00:00,71.71828574738036,16.478911356870125,66.10553335961377
2024-04-16 22:00:00,69.5614731099723,14.543680620802567,64.28482558943752
2024-04-16 23:00:00,71.2853635092061,16.150109954529707,72.42042323264945
2024-04-17 00:00:00,73.81018681140566,16.20183156331933,68.45917124075363
2024-04-17 01:00:00,75.49056816905153,14.910050418036107,63.142895536561234
2024-04-17 02:00:00,76.94782311203093,15.99135536645313,63.96644549376343
2024-04-17 03:00:00,81.89650787722123,15.022224551207195,63.27721595707148
2024-04-17 04:00:00,80.15138058996753,18.080452692790193,64.84967068426961
2024-04-17 05:00:00,81.20235457960196,20.11798022042324,55.22971885435316
2024-04-17 06:00:00,80.89536866525533,25.66911032744173,57.85191134736435
2024-04-17 07:00:00,79.86788644779999,22.254979479634034,56.498716067431
2024-04-17 08:00:00,74.19708358353374,27.549848134253313,49.35729642544855
2024-04-17 09:00:00,71.74012015974914,28.345349751157645,48.645961915005024
2024-04-17 10:00:00,73.28888179006067,28.455068792777265,45.74996861867501
2024-04-17 11:00:00,69.93773397068028,31.223549461896578,47.49134714729924
2024-04-17 12:00:00,68.84055264103895,29.520947661649608,48.24926680125191
2024-04-17 13:00:00,66.63327787486905,29.306303657958633,50.988870957361144
2024-04-17 14:00:00,71.0521942209202,27.98780891226678,53.65439086568555
2024-04-17 15:00:00,60.0008545032778,28.662743903691975,51.12975983844535
2024-04-17 16:00:00,57.48552191280622,27.035056927335607,50.493496888409844
2024-04-17 17:00:00,63.31960787617988,22.93578511322292,57.946888051808955
2024-04-17 18:00:00,62.17202556378885,20.153053927562034,61.32203427594592
2024-04-17 19:00:00,64.10198399533864,19.90409379192906,63.62354421921237
2024-04-17 20:00:00,66.0637406854261,17.379946009843458,64.25438469309313
2024-04-17 21:00:00,69.06699203802243,16.96131812723248,66.97213428700418
2024-04-17 22:00:00,64.22821523678836,17.670235562066757,71.44787028377115
2024-04-17 23:00:00,68.86221353360713,14.598296898855121,68.95433542240627
2024-04-18 00:00:00,72.87496589537376,14.940047266163795,66.72583720038308
2024-04-18 01:00:00,75.44073694175798,15.319751044708202,65.40975949510428
2024-04-18 02:00:00,80.02121355686306,17.125625408596413,64.64643691767132
2024-04-18 03:00:00,79.62453026007444,13.904607464115601,67.09184990457723
2024-04-18 04:00:00,77.14645219440908,17.650619587328148,60.12993867720978
2024-04-18 05:00:00,75.07319030252116,20.48406385347357,57.95051413869878
2024-04-18 06:00:00,74.97049072090394,23.680110538997223,54.20602562163393
2024-04-18 07:00:00,74.70844199354096,23.12306988920903,55.747458393605235
2024-04-18 08:00:00,76.70462935392683,22.87282621154115,55.828525324996825
2024-04-18 09:00:00,72.87078433487545,27.817343492657997,50.46627858573419
2024-04-18 10:00:00,67.50074244070333,27.172670482135118,48.54767399657276
2024-04-18 11:00:00,67.46615474784016,27.09594746129705,48.091957082935586
2024-04-18 12:00:00,67.72987899759569,28.125916454401487,42.37997476514482
2024-04-18 13:00:00,64.6530511138319,28.503145283305383,51.20262312286716
2024-04-18 14:00:00,63.40429582985573,27.215535296137922,51.26434822812389
2024-04-18 15:00:00,62.15606178846676,23.86195498836731,54.070855126652084
2024-04-18 16:00:00,62.85710292889814,26.755892675641796,53.63315406376536
2024-04-18 17:00:00,59.17864930458287,25.596558373507975,57.03885780255662
2024-04-18 18:00:00,58.13206253759156,22.912130787875768,59.56062810976727
2024-04-18 19:00:00,58.42590680125748,18.595506745687615,65.55405746018218
2024-04-18 20:00:00,61.790608273862645,18.21791185247377,64.12416822035786
2024-04-18 21:00:00,57.41947483826675,17.041122690372845,71.86690484311872
2024-04-18 22:00:00,64.04155833411602,16.776134318895714,68.73641431042807
2024-04-18 23:00:00,65.74343855653659,16.174195900181978,64.81079335001067
2024-04-19 00:00:00,65.69603753627081,13.972156681710105,67.33789252976065
2024-04-19 01:00:00,68.18169148170279,15.353312994955601,65.03106623245333
2024-04-19 02:00:00,73.40496421621383,16.57801473997028,59.58511163731573
2024-04-19 03:00:00,73.3511958881423,19.088403782699416,66.99867735028528
2024-04-19 04:00:00,73.87476121693801,19.486309155754043,62.346046806575494
2024-04-19 05:00:00,74.4261395991477,21.29294604660789,59.33301829474791
2024-04-19 06:00:00,73.71301086005843,22.117357279101366,55.825318699724164
2024-04-19 07:00:00,74.74549463393691,25.786376119002476,49.544956078269415
2024-04-19 08:00:00,71.20297688548736,26.073667914342938,49.71988933924669
2024-04-19 09:00:00,66.36069075940362,25.744224394062304,51.444197899115856
2024-04-19 10:00:00,70.35200206885789,30.02689578466619,45.712691662653
2024-04-19 11:00:00,65.30134057716913,29.738545365578158,41.670576709372966
2024-04-19 12:00:00,61.579104732576845,28.379738370420124,47.77297671765711
2024-04-19 13:00:00,58.028952514473886,28.090190629664463,48.98535207708616
2024-04-19 14:00:00,59.82969374997643,28.47738358968856,51.2678407291709
2024-04-19 15:00:00,57.31426662717259,27.59820618168073,54.82129660878642
2024-04-19 16:00:00,60.4264716734682,25.776209171883632,57.00582407955244
2024-04-19 17:00:00,55.60899993115629,24.24756545853795,58.646924513110065
2024-04-19 18:00:00,54.35801457708099,24.379940324406746,63.57701892124067
2024-04-19 19:00:00,59.0146976711953,21.68842709741211,59.202575547966106
2024-04-19 20:00:00,60.9173537888564,18.76688982777146,66.33252234805892
2024-04-19 21:00:00,60.59681873589439,18.368087344768668,68.22659994618648
2024-04-19 22:00:00,64.16627543674957,14.49228870857056,64.56035254769012
2024-04-19 23:00:00,64.07630085875608,15.795617085902032,64.24282347829403
2024-04-20 00:00:00,66.38464100852171,17.533028889626355,65.7944029467019
2024-04-20 01:00:00,71.18277177875486,14.933254962427046,65.00640043155626
2024-04-20 02:00:00,71.99485601851897,14.751134673442145,66.95461647062203
2024-04-20 03:00:00,71.18952483187702,16.13732808766355,61.46365304077228
2024-04-20 04:00:00,75.59255941801706,16.97451374772065,58.44731915532158
2024-04-20 05:00:00,67.21218221342572,19.089600012904004,56.47091565826458
2024-04-20 06:00:00,77.13586596999517,21.481288661973274,58.208390384360634
2024-04-20 07:00:00,67.87914342249078,21.843939488867328,53.032608435943075
2024-04-20 08:00:00,68.5286483589295,25.521865667528953,50.48080462474236
2024-04-20 09:00:00,67.88189781183893,28.21293551160706,49.064732215402735
2024-04-20 10:00:00,66.4884859874997,26.791319174285555,51.570892572925615
2024-04-20 11:00:00,65.94526582484265,30.88847827712196,46.127070683491894
2024-04-20 12:00:00,59.731962520708336,29.715108923938633,51.62951246445933
2024-04-20 13:00:00,60.525733948733574,30.20429360389733,49.86598670945923
2024-04-20 14:00:00,57.51291277483514,27.14120945109818,50.52788373319641
2024-04-20 15:00:00,58.10252854744242,28.146082786198914,59.2522512448356
2024-04-20 16:00:00,56.78113798397464,23.971292539446637,52.77271082447771
2024-04-20 17:00:00,56.35336569321042,25.058079816889165,57.1157856010814
2024-04-20 18:00:00,55.39450926245014,22.240575075711703,57.507112353114785
2024-04-20 19:00:00,56.54533787869975,20.962818392261347,65.38115492634061
2024-04-20 20:00:00,60.47958205611813,16.854167552125073,69.29404014599449
2024-04-20 21:00:00,63.6852589782746,15.797154752507051,70.83506099135617
2024-04-20 22:00:00,61.63347352160186,16.77394167906353,70.71913014575537
2024-04-20 23:00:00,63.58848060660467,13.910832010062864,67.50594883051009
2024-04-21 00:00:00,68.69281803989664,15.648488808938772,66.74615581916605
2024-04-21 01:00:00,69.74689142280263,13.324526286932192,62.48232960660942
2024-04-21 02:00:00,73.2006592855289,17.125266071242123,70.16075164981977
2024-04-21 03:00:00,71.12453582100699,15.324719891018379,64.17244519537235
2024-04-21 04:00:00,69.27241268197255,19.273219912750506,59.35829818885219
2024-04-21 05:00:00,72.70631719027622,21.064149991386273,61.320142222467474
2024-04-21 06:00:00,72.15629484055962,21.024519454198554,52.97989825707531
2024-04-21 07:00:00,72.7410976747027,24.626570509635897,54.01655508555658
2024-04-21 08:00:00,70.30089218065245,25.864619168667044,50.497359352406896
2024-04-21 09:00:00,72.26904465468913,26.19536886963638,50.936438811856796
2024-04-21 10:00:00,68.1277944736896,26.65020126878408,48.18180788914407
2024-04-21 11:00:00,67.31275200459915,26.01380481568183,44.37268027222194
2024-04-21 12:00:00,64.7371311448284,29.48951006621957,48.5296826687844
2024-04-21 13:00:00,63.79568234426161,26.570756904116607,51.961906316844335
2024-04-21 14:00:00,61.045018580735764,28.195659705708685,50.85589117349886
2024-04-21 15:00:00,61.37207048938169,26.580919965791175,54.93778780397243
2024-04-21 16:00:00,57.16996858461791,26.45079988561368,52.79798583478887
2024-04-21 17:00:00,62.59147843731453,23.38886961643239,57.934348016825204
2024-04-21 18:00:00,59.22453272331379,21.538773099114188,59.02691431330424
2024-04-21 19:00:00,57.55053513131052,21.212885670285637,64.86745210026179
2024-04-21 20:00:00,62.52741595179712,18.96908124071776,65.14979671752012
2024-04-21 21:00:00,62.0936269299612,17.492870871750295,68.38543822868544
2024-04-21 22:00:00,67.71757657162831,16.5947967992412,70.37853432828527
2024-04-21 23:00:00,74.19824844799065,13.088718243486628,69.72904643780348
2024-04-22 00:00:00,68.72111086885252,16.059504151981773,68.34205434862483
2024-04-22 01:00:00,73.30281579202034,16.09597552759554,64.16472339156618
2024-04-22 02:00:00,71.0258461987087,14.514465793501618,65.064102535199
2024-04-22 03:00:00,77.20092291423094,16.708539868549742,61.6672739949608
2024-04-22 04:00:00,75.0143896340739,18.444969797321047,59.72803055926444
2024-04-22 05:00:00,76.04512385119102,19.99997118612007,57.06366462312465
2024-04-22 06:00:00,74.55237360149566,22.467403953195756,52.96199561201881
2024-04-22 07:00:00,77.56805158443667,25.81564681028156,48.106653527166095
2024-04-22 08:00:00,77.30933432378838,27.014473418741208,49.25857456731552
2024-04-22 09:00:00,74.42675607125055,25.112640597501574,49.82319459196597
2024-04-22 10:00:00,69.67642867814095,28.93307581291956,44.9702991235407
2024-04-22 11:00:00,73.26648686285365,30.62198743137298,48.03920559117906
2024-04-22 12:00:00,66.47877932028705,29.541531928964883,53.09141279788637
2024-04-22 13:00:00,61.05450388513286,30.28885337928408,51.89738735028585
2024-04-22 14:00:00,65.29834490833004,30.879356450472397,55.0377859609358
2024-04-22 15:00:00,60.75144808359654,28.382940832855642,53.97781969233133
2024-04-22 16:00:00,65.27714842387448,25.849032033898755,58.330584106441
2024-04-22 17:00:00,61.49204754346502,25.274857179436232,56.190088173831285
2024-04-22 18:00:00,64.51665590827623,22.20284296633512,58.97733978346941
2024-04-22 19:00:00,67.09936856988213,20.221730944881877,56.152149484656135
2024-04-22 20:00:00,63.15992888952847,18.008020070000903,68.03643149697074
2024-04-22 21:00:00,65.839712865056,19.23903123405946,70.51106398739408
2024-04-22 22:00:00,69.63397426738698,14.79202204119014,66.27631514952267
2024-04-22 23:00:00,74.78600009460953,17.383834030525772,67.36512073400691
2024-04-23 00:00:00,72.24882338423271,15.69980977323652,65.77460297866337
2024-04-23 01:00:00,75.26055673221684,13.279490571253742,67.61688791653853
2024-04-23 02:00:00,78.96971558387412,16.452531183696628,67.8833991751237
2024-04-23 03:00:00,78.41072462529077,14.110215420981804,58.64307006529698
2024-04-23 04:00:00,80.27577590906833,19.375711223563737,61.61178677763084
2024-04-23 05:00:00,76.50585045452253,21.427590760466938,57.30832057070263
2024-04-23 06:00:00,85.49692370041275,21.17070166208678,55.69529552889246
2024-04-23 07:00:00,76.31912363177652,23.984700090054805,54.147485004186
2024-04-23 08:00:00,76.69563320842232,28.23582040725021,50.458426091202234
2024-04-23 09:00:00,76.57729460913644,26.241702082339287,49.080778828641236
2024-04-23 10:00:00,79.29884982192314,26.57970720461178,47.806053818222885
2024-04-23 11:00:00,69.03744750818787,30.835809547471,50.425790504470704
2024-04-23 12:00:00,74.3387077255145,31.747622066743112,49.38764163742794
2024-04-23 13:00:00,70.25411677981991,28.766654724610547,49.89120480649911
2024-04-23 14:00:00,67.28866367632878,29.4782260760627,47.75155288540362
2024-04-23 15:00:00,62.81106120452523,28.82781375004921,52.05355064196743
2024-04-23 16:00:00,66.51003041901689,24.46052207444604,57.65848244982151
2024-04-23 17:00:00,63.10141276236525,23.132305146203475,58.09424143280921
2024-04-23 18:00:00,67.47436575900198,23.72322431841705,62.237019124998106
2024-04-23 19:00:00,63.15634584831552,22.54728667447423,67.41627950081872
2024-04-23 20:00:00,66.75371826938354,19.288033204244357,67.66758298488767
2024-04-23 21:00:00,67.82889587255757,15.818512436791181,66.89314988209304
2024-04-23 22:00:00,67.72718282571572,18.719707729888636,66.38178533740117
2024-04-23 23:00:00,74.43176542173406,14.495159959039905,61.61612600986025
2024-04-24 00:00:00,76.27647978901433,14.530807106359967,67.2382959567087
2024-04-24 01:00:00,79.49979221729834,15.717792184261889,65.84522279830222
2024-04-24 02:00:00,73.93051594853145,18.113646762509642,66.04698329785339
2024-04-24 03:00:00,81.88328730802097,18.245818898867647,62.61523693256404
2024-04-24 04:00:00,86.07338917216816,19.080811700506143,59.78722780243344
2024-04-24 05:00:00,79.26923860576005,20.836870626447553,53.55150267373265
2024-04-24 06:00:00,84.55258164424019,22.060920536100358,53.06188997609968
2024-04-24 07:00:00,78.67789647968246,24.59312863604352,54.19162760200087
2024-04-24 08:00:00,75.9710435395135,21.95861589122834,55.21870126596698
2024-04-24 09:00:00,75.63196879760791,26.53449702560761,49.09593250279174
2024-04-24 10:00:00,76.54983056012647,28.40002853537444,49.160269421044845
2024-04-24 11:00:00,70.57468207340469,27.150061066956017,50.38119539238201
2024-04-24 12:00:00,68.16500919775336,29.540852644936184,46.313506896608814
2024-04-24 13:00:00,69.21450901089383,28.475221074642825,50.25678107036921
2024-04-24 14:00:00,65.2631701509005,30.519843804132762,49.077706922303776
2024-04-24 15:00:00,65.49231494988359,29.151975083606878,55.16206109622667
2024-04-24 16:00:00,64.42904347218645,24.84787220323517,55.790317168853804
2024-04-24 17:00:00,64.54004761663509,23.600560519524496,58.74612953495392
2024-04-24 18:00:00,62.481132825909924,21.896473408148022,58.63169395747858
2024-04-24 19:00:00,65.06024848918801,19.55594341765899,64.76758089902641
2024-04-24 20:00:00,63.54900285021504,18.773034977639767,70.28285011494222
2024-04-24 21:00:00,70.1865307194771,15.988657635252098,64.14047479927363
2024-04-24 22:00:00,67.84092101235967,14.354960704596557,66.80986074377192
2024-04-24 23:00:00,73.35024357554714,16.110314929436864,68.57901868542022
2024-04-25 00:00:00,72.26916728137617,15.881341417910535,69.62527379288014
2024-04-25 01:00:00,75.43566831095782,14.112477152452596,65.26138832462135
2024-04-25 02:00:00,74.49654029059788,17.191319776576126,57.988492086509055
2024-04-25 03:00:00,75.49756876468143,16.1660437108624,66.39797373541003
2024-04-25 04:00:00,74.0891399906127,18.854431333253203,62.489455749985986
2024-04-25 05:00:00,75.27338170916424,21.336748301939497,53.64263117378312
2024-04-25 06:00:00,76.94750214955124,21.952942409414955,53.89288756952726
2024-04-25 07:00:00,77.29430530578327,24.448370592714287,56.92045607381896
2024-04-25 08:00:00,77.98941625260659,24.776998498556946,54.54842323427926
2024-04-25 09:00:00,72.60911373443935,26.674694251506452,51.686346018853264
2024-04-25 10:00:00,69.34193999332716,27.77397462325839,47.90046065220964
2024-04-25 11:00:00,66.00917878275355,27.716271098867157,48.207468547031276
2024-04-25 12:00:00,67.94868863948554,28.752516171637904,48.01342722429377
2024-04-25 13:00:00,68.55889372694516,26.593415165614395,52.16034542032759
2024-04-25 14:00:00,65.85096490542615,27.374562580492206,48.73932617189624
2024-04-25 15:00:00,63.08967776557548,26.55092177758865,50.98550086278943
2024-04-25 16:00:00,62.211815048911745,25.141348346506508,57.9374960160654
2024-04-25 17:00:00,64.12152724955375,23.473636891498153,57.88909636122006
2024-04-25 18:00:00,61.26503903736728,21.91353012019654,64.03435883965936
2024-04-25 19:00:00,62.248605235859415,20.8594848096031,61.321219482547896
2024-04-25 20:00:00,61.150598309425554,19.72432390378605,64.93412191101827
2024-04-25 21:00:00,60.75789552498126,16.140581214106696,64.35422157573473
2024-04-25 22:00:00,64.47833143571677,14.253340975963969,67.6776649664496
2024-04-25 23:00:00,67.77708112643683,13.779657038836184,64.303632657503
2024-04-26 00:00:00,69.85080115822528,14.317915910327102,66.44017471050354
2024-04-26 01:00:00,75.80895893991286,14.74582937103323,63.069619375524255
2024-04-26 02:00:00,73.52827435999363,14.85982768083237,66.8058758948434
2024-04-26 03:00:00,77.39271723172367,15.23568920174447,64.79147334939928
2024-04-26 04:00:00,73.75001431325235,17.861430841536034,56.26253362481498
2024-04-26 05:00:00,74.32544106083557,20.442263952441472,61.33471436375257
2024-04-26 06:00:00,71.56383028216017,22.833041252168996,61.655347365024895
2024-04-26 07:00:00,72.05481807358458,23.03134104136567,53.1150159668407
2024-04-26 08:00:00,73.4074260439575,24.921803048999294,49.32614653757313
2024-04-26 09:00:00,71.01075170265588,25.652369835919444,56.40057243966306
2024-04-26 10:00:00,70.2481766160214,28.0181629879665,45.04332049135337
2024-04-26 11:00:00,66.7346426837522,27.57368069615611,48.050266167172744
2024-04-26 12:00:00,62.82692562366121,29.80237893853768,48.78979741868913
2024-04-26 13:00:00,67.50395313365902,26.261267695315716,52.702615013286426
2024-04-26 14:00:00,59.96880660472912,27.55869628505778,51.82827962595164
2024-04-26 15:00:00,61.16999751114911,27.371297743174168,51.75341526052764
2024-04-26 16:00:00,56.697264329971475,25.757368322852365,53.03384862300417
2024-04-26 17:00:00,58.13598777939778,27.581980445290856,57.14544544938455
2024-04-26 18:00:00,59.623674138273515,22.489720034395145,58.070872048661776
2024-04-26 19:00:00,59.36420650132847,18.78259024870394,63.11956329946177
2024-04-26 20:00:00,54.348432407537636,18.36635005407526,63.660577362214774
2024-04-26 21:00:00,61.944974150763436,14.56350766484078,62.92515955461956
2024-04-26 22:00:00,66.42737739227107,15.82498252449378,70.79712273382788
2024-04-26 23:00:00,66.94068100051416,14.072240736175505,66.75581869142741
2024-04-27 00:00:00,68.12777698037637,16.281546385784225,64.48891625045242
2024-04-27 01:00:00,65.72778512198062,14.46916283154276,66.23960620162525
2024-04-27 02:00:00,69.56614239603715,15.774349891395788,65.24199672678536
2024-04-27 03:00:00,73.38570173243822,16.160471553727486,58.63383318605275
2024-04-27 04:00:00,73.59253708595365,20.93439189259443,61.417309618840456
2024-04-27 05:00:00,76.23641098644912,19.738526811716692,55.38210607827455
2024-04-27 06:00:00,72.39388057654386,24.565579860870734,59.68938157195134
2024-04-27 07:00:00,73.03120780884747,24.951545782683514,54.30990128019187
2024-04-27 08:00:00,70.82578455406873,26.174893418269512,49.929182212861605
2024-04-27 09:00:00,66.8213849741471,27.465973874550098,47.476826536362736
2024-04-27 10:00:00,62.014899245993554,28.61349404399347,48.078322468200355
2024-04-27 11:00:00,67.0065228092491,26.06273917293956,49.53197685395823
2024-04-27 12:00:00,63.681826439357515,28.60956324818894,48.27700641564627
2024-04-27 13:00:00,59.52360869848819,29.94470194368156,48.79684894431313
2024-04-27 14:00:00,55.940923200221874,27.993721769627555,51.074857915178455
2024-04-27 15:00:00,60.28291052531462,24.982481682781398,51.49035267190719
2024-04-27 16:00:00,57.05171689879331,25.42663376919184,54.55379473186735
2024-04-27 17:00:00,57.92706191317244,26.197481038475225,52.78551890273717
2024-04-27 18:00:00,61.85414934930799,23.745648401748834,63.02250602815644
2024-04-27 19:00:00,53.93482524568162,20.101461071169684,63.74699445080329
2024-04-27 20:00:00,58.16547745768951,19.832028987882104,63.13742820178145
2024-04-27 21:00:00,61.88475394174381,16.53714270317921,71.40709149123249
2024-04-27 22:00:00,68.02688458847861,13.552401951951516,67.87679946387152
2024-04-27 23:00:00,62.7177449212926,13.944266832595229,65.40964107006201
2024-04-28 00:00:00,72.51019845104433,17.188044275911476,69.8011018165666
2024-04-28 01:00:00,71.01817054544208,14.854928901415649,67.65537457911792
2024-04-28 02:00:00,72.2545957288755,15.597084602383633,66.05751777557612
2024-04-28 03:00:00,73.32205045453352,16.630479056909273,61.93561098837155
2024-04-28 04:00:00,73.01438098685077,21.165791225401843,61.714429760470246
2024-04-28 05:00:00,76.80205343379424,22.464609165789277,57.34560427444656
2024-04-28 06:00:00,71.639953135373,25.10629232682788,56.80166317809028
2024-04-28 07:00:00,74.6951929237589,23.589070021156957,48.23763886497363
2024-04-28 08:00:00,71.84504902236822,25.913874284245775,49.844248530687075
2024-04-28 09:00:00,70.29746372240344,24.82644789911636,53.64513370667615
2024-04-28 10:00:00,74.78842505323892,30.129886023056624,46.42307309860842
2024-04-28 11:00:00,68.76616739741218,27.126589412248475,46.490404256267034
2024-04-28 12:00:00,66.77414626848308,29.30348578926768,47.22083839098428
2024-04-28 13:00:00,66.52558835722685,27.22525724533757,46.302730622433565
2024-04-28 14:00:00,58.806501473415885,27.237764269057205,45.40823024756373
2024-04-28 15:00:00,65.31108257764295,25.777580064836364,52.42353400369134
2024-04-28 16:00:00,54.83550380823784,24.648974635053595,55.75145810917888
2024-04-28 17:00:00,58.69235094979407,23.056961531309113,57.86873732865283
2024-04-28 18:00:00,59.85733719639461,21.232423687105268,60.225994046154504
2024-04-28 19:00:00,62.789557269130206,21.35493416077548,63.10760217712565
2024-04-28 20:00:00,64.23379026925419,16.953192089712697,67.62817149074259
2024-04-28 21:00:00,64.59906823876062,17.359010529513437,66.18413857302124
2024-04-28 22:00:00,66.69794707733524,17.64296498673678,66.22405182017263
2024-04-28 23:00:00,67.39527814594614,14.520044305657684,67.29718628777978
2024-04-29 00:00:00,68.64901836256165,13.994913552953358,69.10762516228276
2024-04-29 01:00:00,75.81366374582747,14.915784740724078,70.19032123420243
2024-04-29 02:00:00,76.82012049007223,17.589437465213976,63.50070846394277
2024-04-29 03:00:00,80.73491513638837,17.3220032150287,63.24733446757193
2024-04-29 04:00:00,76.4999621782115,17.756299987549554,61.434084055866364
2024-04-29 05:00:00,79.79003227282885,20.86569399594473,55.51855498317859
2024-04-29 06:00:00,78.06850313637955,20.456790990228555,55.46285246700708
2024-04-29 07:00:00,79.95415686691558,24.765636630337777,49.33581535664518
2024-04-29 08:00:00,78.44904107802259,26.072050230782185,46.5063064287859
2024-04-29 09:00:00,75.53687881244534,26.518815608711485,50.25661198188584
2024-04-29 10:00:00,72.52345805415725,26.88815770866524,47.38105488378257
2024-04-29 11:00:00,73.62751764664435,27.520127492826493,48.50570101905305
2024-04-29 12:00:00,70.40902950696926,29.748744270884274,48.29600429458828
2024-04-29 13:00:00,65.1627331476217,30.482053487508278,46.89874584049614
2024-04-29 14:00:00,62.91436612749547,27.169946980650746,50.81579643322417
2024-04-29 15:00:00,63.63163850855452,27.591488853277568,49.91724673746206
2024-04-29 16:00:00,68.34245025598946,22.578162173957665,58.88924044397803
2024-04-29 17:00:00,66.50498118076064,22.99326849279775,54.61007413784934
2024-04-29 18:00:00,61.69541301737743,21.956517493981266,60.09872727360366
2024-04-29 19:00:00,62.73693955459735,18.914709900507855,60.39432102988236
2024-04-29 20:00:00,70.0078938435108,17.188891075294233,66.49712074526752
2024-04-29 21:00:00,66.08435378663306,16.11536115263769,65.83167560964043
2024-04-29 22:00:00,71.60299330659556,16.346891993165993,66.36259146383742
2024-04-29 23:00:00,71.5809562820673,14.97625859020776,70.13300386262888
