timestamp,demand,temperature,humidity
2024-01-01 00:00:00,57.67765232218769,14.24507122951685,68.64364834818085
2024-01-01 01:00:00,55.24739052018712,13.54815985107521,67.5260667195326
2024-01-01 02:00:00,60.69363596349534,15.47634227876775,69.41466827172322
2024-01-01 03:00:00,59.48611403384119,17.98124392571293,61.80830218132247
2024-01-01 04:00:00,61.2597389531473,16.898769937914995,60.42307330805619
2024-01-01 05:00:00,57.34887545082296,18.707651726307322,62.5907572301812
2024-01-01 06:00:00,55.66281674272844,23.368819223261088,56.18179125611766
2024-01-01 07:00:00,59.361865441343674,24.092294931998268,57.751332693328976
2024-01-01 08:00:00,59.64706915598172,24.045788421097573,57.884628926842844
2024-01-01 09:00:00,54.56570004199147,27.117140924278054,51.20128379858597
2024-01-01 10:00:00,53.287792516355445,26.800063989164595,53.01007337983665
2024-01-01 11:00:00,54.33007043171651,27.54584906681263,48.115769296650356
2024-01-01 12:00:00,52.270352934196374,28.86294340734905,53.193500808567904
2024-01-01 13:00:00,49.87175575145427,25.374523330181315,52.70433133090697
2024-01-01 14:00:00,50.13314731781638,24.90781377961374,54.81863467472161
2024-01-01 15:00:00,44.48239343965604,25.459869565037646,53.88606981991151
2024-01-01 16:00:00,45.56683221207165,23.230753319498366,53.51792005515938
2024-01-01 17:00:00,49.22212188445043,23.412513837161818,61.258130161873765
2024-01-01 18:00:00,46.750771854340314,19.637963886718182,57.17086352472405
2024-01-01 19:00:00,48.326243096080674,16.940401609728156,63.706623769393666
2024-01-01 20:00:00,53.134567825747574,19.448473153382334,68.71691569672885
2024-01-01 21:00:00,48.216784088346216,15.358034690371094,68.27397297374254
2024-01-01 22:00:00,54.83504323909581,14.606101778648597,73.56418904857615
2024-01-01 23:00:00,59.32729834729453,11.618434023511803,71.56277288145444
2024-01-02 00:00:00,56.984264403230966,12.683425913212226,67.05858646578768
2024-01-02 01:00:00,61.20088851542653,13.921940187396787,67.86251208368854
2024-01-02 02:00:00,59.766144079864745,12.778319105483256,66.24553427431783
2024-01-02 03:00:00,60.82928313302497,16.2602461686194,60.544558091634684
2024-01-02 04:00:00,64.26241193111781,16.34904196512179,59.97837411471181
2024-01-02 05:00:00,65.25088009005586,18.62131653704117,58.59809773255035
2024-01-02 06:00:00,65.51698470645418,20.0974400816559,52.580077336937464
2024-01-02 07:00:00,64.77809153105886,25.719560115032316,55.618733670629105
2024-01-02 08:00:00,60.90570503569422,24.729754162893098,53.01335935768848
2024-01-02 09:00:00,61.96016059621962,24.716734465465255,48.02353661266112
2024-01-02 10:00:00,56.367632908652126,28.729007896538075,52.31719972659172
2024-01-02 11:00:00,57.63926956687559,26.413178222211478,52.7896818617274
2024-01-02 12:00:00,53.497215266466775,28.813295392507133,51.874253760560606
2024-01-02 13:00:00,52.89218337287855,25.30493851134835,51.39560092791762
2024-01-02 14:00:00,51.07484064985709,25.502911455035647,55.114644348700715
2024-01-02 15:00:00,45.18015005104115,26.59859271270279,57.200550901191725
2024-01-02 16:00:00,45.15556725445782,25.857699869993116,58.43913751837653
2024-01-02 17:00:00,47.54065753196247,23.19819526005386,57.9384693739131
2024-01-02 18:00:00,44.61305778530575,20.826527576417643,63.02087331970063
2024-01-02 19:00:00,50.76898669106233,18.607201618347165,67.48870162706369
2024-01-02 20:00:00,52.515720647596694,15.032217014448866,64.8723883841496
2024-01-02 21:00:00,53.214692248001626,14.616932828508837,73.03907698189103
2024-01-02 22:00:00,51.90372425310443,13.813851315177029,67.37925510163815
2024-01-02 23:00:00,58.475211950095996,15.341239642160364,69.08101753335033
2024-01-03 00:00:00,62.10495521278362,14.015427434352691,67.01211844658579
2024-01-03 01:00:00,61.247987794376265,11.110996069787888,68.3524057238606
2024-01-03 02:00:00,62.46853399791003,14.9909354257089,62.008406799090736
2024-01-03 03:00:00,63.49132678857828,15.119075720476422,63.13489550295821
2024-01-03 04:00:00,64.88926038890888,16.23461699954105,59.59906840505127
2024-01-03 05:00:00,63.33179023949333,19.976371594992397,60.33834586973074
2024-01-03 06:00:00,62.99508011016505,22.546499283743923,60.15674703284959
2024-01-03 07:00:00,63.894338817218625,24.338063016943195,57.11501546778637
2024-01-03 08:00:00,65.68235635542612,23.491173715166045,47.70689056717384
2024-01-03 09:00:00,56.678738710266664,25.839482295122277,57.310945498259755
2024-01-03 10:00:00,56.68067012291076,27.992085675488635,52.04486741495056
2024-01-03 11:00:00,51.896488038379275,29.70776138785155,49.058752148767496
2024-01-03 12:00:00,55.96668753372911,27.781238643232065,51.699487360875736
2024-01-03 13:00:00,49.452717562650726,27.965955232172284,52.646245922196776
2024-01-03 14:00:00,46.291733163815124,25.83568806737425,51.968917176942156
2024-01-03 15:00:00,49.28361560739757,24.508990922778107,55.99479166835519
2024-01-03 16:00:00,49.73336012975471,25.968788733591296,56.151947875026536
2024-01-03 17:00:00,47.09910901048111,24.975502881125145,58.989095018274924
2024-01-03 18:00:00,47.036737990459876,20.891984817629517,60.61367356653497
2024-01-03 19:00:00,47.725198151129874,20.564156508569138,60.91832177565085
2024-01-03 20:00:00,51.49963877838914,17.79245403757146,66.72855220621739
2024-01-03 21:00:00,49.07160787697644,14.729019509193208,69.25747722535078
2024-01-03 22:00:00,52.092200056800785,15.046902879879338,69.98054142679254
2024-01-03 23:00:00,52.998467074987225,16.06261115253094,71.04981313158808
2024-01-04 00:00:00,54.18111855683614,13.446260941335073,69.50418296163879
2024-01-04 01:00:00,56.91983857129668,16.102521786552995,66.46241488851769
2024-01-04 02:00:00,63.25223810350013,10.575191815482096,68.46312069175691
2024-01-04 03:00:00,61.561070759294836,16.92955289766372,61.10620615039516
2024-01-04 04:00:00,62.689792219752114,17.380570602357256,60.077692949641474
2024-01-04 05:00:00,61.902802564461055,18.610346136032305,57.5894998214419
2024-01-04 06:00:00,62.23746974525565,21.137641164803245,60.37076874192561
2024-01-04 07:00:00,59.397024064371145,19.959789466367546,57.856971285350205
2024-01-04 08:00:00,58.0558086860261,24.420492168243726,54.85430206193356
2024-01-04 09:00:00,56.98610667071312,26.838969716166726,54.88559602896955
2024-01-04 10:00:00,54.28064122894597,29.712031595495557,49.108460607368414
2024-01-04 11:00:00,53.076600897081555,27.467038369757542,51.87148779965245
2024-01-04 12:00:00,49.96858332380441,27.287259595660217,50.993731492440475
2024-01-04 13:00:00,47.402174211333104,27.49180813179121,54.32297662565234
2024-01-04 14:00:00,51.982263920550956,28.868293704936402,53.34797838794057
2024-01-04 15:00:00,46.33672706241077,26.79642752338864,54.53764277897477
2024-01-04 16:00:00,44.97208807011928,23.955359694349468,59.0228998904798
2024-01-04 17:00:00,42.98191459748047,23.71104398793893,62.190422917978076
2024-01-04 18:00:00,42.79089192747926,21.14561632402207,60.65850841880569
2024-01-04 19:00:00,43.943180184147145,20.511824647530425,64.34731082161905
2024-01-04 20:00:00,46.644566618216906,16.19692035918398,63.71785944657478
2024-01-04 21:00:00,43.618294092117544,15.205205921204259,61.54907609032759
2024-01-04 22:00:00,46.521590071987866,13.916647241918481,69.19448151513593
2024-01-04 23:00:00,50.925294459137206,11.560283880633811,70.52226339063658
2024-01-05 00:00:00,53.84274024324448,13.944180415596865,69.34849945931843
2024-01-05 01:00:00,54.52938310543592,14.14713921110182,62.920324339674046
2024-01-05 02:00:00,59.809090021130835,14.51247965658039,65.48683745548774
2024-01-05 03:00:00,54.877105774200096,15.344818441038164,58.9541305998723
2024-01-05 04:00:00,57.90602900826017,15.126943886924375,65.75362417505814
2024-01-05 05:00:00,61.79765365029947,18.42788917758306,57.28486354470479
2024-01-05 06:00:00,58.79242132067233,20.48592822520984,60.80913761772708
2024-01-05 07:00:00,59.43275600025975,21.737726934436456,57.86467410921038
2024-01-05 08:00:00,59.77306068791499,24.508071432500977,51.384563087980915
2024-01-05 09:00:00,52.148436528570485,26.909377144120914,49.37380898777068
2024-01-05 10:00:00,50.77796800177401,30.32446938019909,52.18259310436423
2024-01-05 11:00:00,48.763490106705056,28.50631041641577,48.88918990704232
2024-01-05 12:00:00,43.27637659673149,28.886325586084148,51.5628791687939
2024-01-05 13:00:00,44.60131997134546,28.132774823518766,50.99870238892276
2024-01-05 14:00:00,45.87667637379146,24.61703370543473,49.183142933157
2024-01-05 15:00:00,43.04719322163948,26.263530045725275,49.923829952188854
2024-01-05 16:00:00,42.68344446784545,24.840345314911545,58.23733921531379
2024-01-05 17:00:00,39.35089515089188,26.63600600699685,58.596105634173426
2024-01-05 18:00:00,40.238538438720184,20.711458552828322,60.946646863637326
2024-01-05 19:00:00,44.91198992876167,19.51117817523154,66.23965959773447
2024-01-05 20:00:00,42.932561636143646,17.197932345442123,69.29756672226003
2024-01-05 21:00:00,46.54713052983948,13.943682084671597,67.1128668306554
2024-01-05 22:00:00,47.30492409042094,16.21904369338925,67.84183566932695
2024-01-05 23:00:00,52.293291520300144,14.88345585186215,70.25035758278472
2024-01-06 00:00:00,53.16339328056785,14.686547920564571,65.30099351235268
2024-01-06 01:00:00,51.47304499293671,12.391475120639882,68.35211127092919
2024-01-06 02:00:00,52.38864931002784,16.60900093802086,67.74367596023433
2024-01-06 03:00:00,58.332411613920996,13.593922546912461,66.20057552104407
2024-01-06 04:00:00,56.603209148470256,18.1302856407004,57.48748964966654
2024-01-06 05:00:00,55.46786979879462,22.344540600446045,58.096611825477694
2024-01-06 06:00:00,59.34502954764477,19.51419551230393,55.474970462018646
2024-01-06 07:00:00,56.714583828749994,22.09169624386475,55.74971738602304
2024-01-06 08:00:00,54.82494616152052,24.89947704763145,54.83790041874106
2024-01-06 09:00:00,54.89843169984095,25.548087377724787,55.94754738455502
2024-01-06 10:00:00,50.764962104549305,25.16919538178408,50.069253862478206
2024-01-06 11:00:00,51.84317042853453,28.34728815937705,49.756068754226966
2024-01-06 12:00:00,45.71486700119231,26.906544429410843,54.18084761059526
2024-01-06 13:00:00,45.93457300939177,28.95483234312078,52.9472137122658
2024-01-06 14:00:00,46.58692407486364,26.1160541770326,56.805167747290994
2024-01-06 15:00:00,38.62015742566125,28.628202466425428,56.221820007524585
2024-01-06 16:00:00,40.808926532910796,23.57512006149565,54.77783704729414
2024-01-06 17:00:00,43.442145077657514,22.458050563960388,56.667179113055504
2024-01-06 18:00:00,43.4139503656721,22.220275826054486,58.45059078327534
2024-01-06 19:00:00,42.879437798607185,17.212560687080185,66.15512958689617
2024-01-06 20:00:00,42.67260515101131,17.59118990190621,69.33545308839645
2024-01-06 21:00:00,47.532288680939544,17.65741327252454,72.4176339875259
2024-01-06 22:00:00,51.19711358989077,12.093584619774866,70.80109576740972
2024-01-06 23:00:00,48.02228154978703,14.03250709063044,71.90709644383746
2024-01-07 00:00:00,49.90477632009315,13.889824191372636,67.24329160496741
2024-01-07 01:00:00,54.51340277744887,14.92829061049795,64.90318909220031
2024-01-07 02:00:00,58.15967033005561,12.649383405299588,68.48915936172284
2024-01-07 03:00:00,57.60856845689645,13.716014221474447,65.54420188059848
2024-01-07 04:00:00,59.578869947571626,18.032912348425363,62.597982341774944
2024-01-07 05:00:00,57.20733532420084,19.50433417158085,60.96842870158249
2024-01-07 06:00:00,54.12712111321284,21.375739275518804,58.47859230022283
2024-01-07 07:00:00,56.77168268091778,23.46081515251437,58.70954214963395
2024-01-07 08:00:00,56.89033284971019,23.72996291763223,56.87350293136345
2024-01-07 09:00:00,54.07090738093597,26.651681404640627,53.56632224679093
2024-01-07 10:00:00,50.39810842318855,27.9347992383313,53.42117474480571
2024-01-07 11:00:00,47.42965538952393,27.172916570128457,52.28515638106194
2024-01-07 12:00:00,46.82129117133759,31.298661766717135,50.15374323331182
2024-01-07 13:00:00,48.5505421880314,28.955193078535704,54.097183053222885
2024-01-07 14:00:00,48.17488547928142,25.70823528257933,50.1498012971729
2024-01-07 15:00:00,46.464655489860476,27.288131271849867,58.1347288807397
2024-01-07 16:00:00,42.2619169527178,23.287977494659025,54.68432124466223
2024-01-07 17:00:00,40.98494396713013,24.12176974388258,60.71450821698678
2024-01-07 18:00:00,44.50666014342244,22.737893368511145,60.21648650985726
2024-01-07 19:00:00,46.8464829791204,17.827833684203558,65.88347245768605
2024-01-07 20:00:00,47.08582747251917,18.695064193866497,66.27914796585915
2024-01-07 21:00:00,44.205066723781485,16.315870531505645,63.807338738651616
2024-01-07 22:00:00,48.749317659137624,15.737899711608442,69.7450815141478
2024-01-07 23:00:00,52.13675196402906,16.600745776812918,67.55519805791822
2024-01-08 00:00:00,56.514309359913796,13.131917825995695,70.89619923863505
2024-01-08 01:00:00,59.26692683302428,12.624952056295749,67.797542855896
2024-01-08 02:00:00,59.90993745521407,13.170537827178396,67.35251349414906
2024-01-08 03:00:00,61.44716596973074,14.472983713652704,62.10607761246196
2024-01-08 04:00:00,61.55276683793595,17.13434743587886,60.85604082735424
2024-01-08 05:00:00,62.904242319599376,19.57058512395609,58.8534034097473
2024-01-08 06:00:00,62.094963675844504,21.415036198995015,59.8123847946837
2024-01-08 07:00:00,60.678483764931215,24.181917711822937,59.69344271951372
2024-01-08 08:00:00,58.7728034273484,24.76950283781687,51.62310958996391
2024-01-08 09:00:00,57.45289984990179,28.483601974635057,54.897891727584266
2024-01-08 10:00:00,56.66650256592778,27.098205278526347,45.882474019084135
2024-01-08 11:00:00,53.07093626342416,32.324697447052436,48.01452649726927
2024-01-08 12:00:00,52.202951708687216,29.43850102164751,48.90972142293143
2024-01-08 13:00:00,52.86711848144265,26.9587073625436,48.824499642338225
2024-01-08 14:00:00,49.24330274647414,25.888851781291635,49.67706799485215
2024-01-08 15:00:00,45.89832318648833,27.02700948176386,56.53249728034449
2024-01-08 16:00:00,48.567257882260265,24.414805822011232,57.13545934975766
2024-01-08 17:00:00,43.68259283632355,24.01214357940704,60.948513494012786
2024-01-08 18:00:00,44.88740539876743,21.709856436860303,64.05555312122644
2024-01-08 19:00:00,48.92760412077876,18.949613792745815,65.16404248293132
2024-01-08 20:00:00,51.16326649763733,15.979809422897407,68.00836897105485
2024-01-08 21:00:00,49.70609700843507,13.424428304072102,67.62039791845424
2024-01-08 22:00:00,52.972528665538235,13.835037043516204,65.72584896583724
2024-01-08 23:00:00,54.50516451994336,15.040154494317207,71.644535452052
2024-01-09 00:00:00,57.022165775572645,13.821140616195306,67.22055210464879
2024-01-09 01:00:00,62.49025655917316,11.886948134764015,65.45523788715388
2024-01-09 02:00:00,63.242722313348665,14.76458086039348,65.91916634116792
2024-01-09 03:00:00,62.91613416317751,16.274675210694152,62.217972701758704
2024-01-09 04:00:00,63.2568781850431,15.924213845698315,61.28579545094913
2024-01-09 05:00:00,61.55247333755198,19.28944482064936,60.86013480390868
2024-01-09 06:00:00,66.80838740058468,21.087313077668984,58.54148294219263
2024-01-09 07:00:00,64.63490107849768,21.22668739152297,53.255424833935976
2024-01-09 08:00:00,60.11349122788513,25.286681040522385,52.41677553694924
2024-01-09 09:00:00,61.34777135314835,27.144477648451435,54.89160387786568
2024-01-09 10:00:00,57.48590610190798,29.11976739314619,52.54766785773326
2024-01-09 11:00:00,55.147415775964085,29.82514677522035,56.187662598371354
2024-01-09 12:00:00,55.410141283645224,26.433495948064362,54.25698799775221
2024-01-09 13:00:00,50.94420127909523,26.837706137295324,55.06650403733991
2024-01-09 14:00:00,49.19074507225187,28.26774342919627,50.166367593181555
2024-01-09 15:00:00,49.181828817612406,27.073979785267433,57.40965087908354
2024-01-09 16:00:00,47.1256807253314,25.522571529459082,57.53786158983504
2024-01-09 17:00:00,47.83377633074934,28.720240074250988,58.62254549115433
2024-01-09 18:00:00,52.095829480728085,21.856335766039795,62.74940975725397
2024-01-09 19:00:00,47.63528345889843,20.762205622002025,66.86302883652868
2024-01-09 20:00:00,47.22988072699285,18.681002645239822,67.61604000818942
2024-01-09 21:00:00,48.28090027165999,16.673786018059634,65.59804413070479
2024-01-09 22:00:00,54.61451202552337,14.031905604656192,70.54947972058318
2024-01-09 23:00:00,55.102079835084325,14.894010133571886,67.40603114481009
2024-01-10 00:00:00,59.69830729657693,12.340762178193643,69.23504023401233
2024-01-10 01:00:00,61.18418882019026,13.40032839272197,67.03585346536711
2024-01-10 02:00:00,59.443416935125796,13.77676414987305,65.81679540133986
2024-01-10 03:00:00,60.097995720438426,15.81951035018038,66.41560743760132
2024-01-10 04:00:00,63.842415588538714,20.72198785001023,59.72888710638298
2024-01-10 05:00:00,65.78115293518583,16.257959372843448,64.86298768569236
2024-01-10 06:00:00,62.67742143201014,22.029390285561753,53.117913420841134
2024-01-10 07:00:00,60.3536355280916,20.52206903148437,54.005830791862905
2024-01-10 08:00:00,62.79436448739139,24.042102201315807,54.561568694175406
2024-01-10 09:00:00,61.925232385522655,27.93672675435017,53.666556782028316
2024-01-10 10:00:00,58.17892354767488,27.5916105570265,51.05547826196913
2024-01-10 11:00:00,54.18673154252151,26.62782653027405,50.856523242496145
2024-01-10 12:00:00,53.67459421650552,27.427044436110048,52.333042776717434
2024-01-10 13:00:00,48.15365010217677,29.263840320570022,51.62809767229583
2024-01-10 14:00:00,52.06565322216373,26.399640580807603,57.11899211415832
2024-01-10 15:00:00,48.329789944882386,26.627988743272088,57.59837278557899
2024-01-10 16:00:00,43.88758182923621,24.818357759855733,59.85268947159134
2024-01-10 17:00:00,46.61563316913134,21.963742316860234,57.584608191573906
2024-01-10 18:00:00,47.37090582670281,24.21591613398803,62.13090034490839
2024-01-10 19:00:00,47.20958455899529,20.009735695208143,63.748835128198266
2024-01-10 20:00:00,49.64868329603578,14.21228612001356,63.84995759145526
2024-01-10 21:00:00,48.66579898720152,15.976380613255042,68.69463909392437
2024-01-10 22:00:00,54.41914653942093,13.512129774464128,67.34921804215207
2024-01-10 23:00:00,53.54629715142117,15.034206305026322,70.63850957462559
2024-01-11 00:00:00,53.01945371951133,12.311218892350949,66.0178535293658
2024-01-11 01:00:00,58.492884753529836,13.583451640631635,72.0918301661645
2024-01-11 02:00:00,62.14170817640857,15.262290390087392,64.1231293841988
2024-01-11 03:00:00,60.504691924225945,16.99533193235604,65.04825584300113
2024-01-11 04:00:00,66.30139178601877,15.4495553894163,64.30901968189289
2024-01-11 05:00:00,63.20388962526189,18.557105307969643,58.573398924499806
2024-01-11 06:00:00,62.749906634228445,20.287582033258495,59.8018002026597
2024-01-11 07:00:00,60.581531036788135,21.961148989408333,52.42704100549896
2024-01-11 08:00:00,58.497104626309365,27.39818136042165,57.26633321727746
2024-01-11 09:00:00,56.59492331293739,26.91077342534055,52.24114452835446
2024-01-11 10:00:00,54.97871640843467,25.603864596880708,49.815639043476196
2024-01-11 11:00:00,53.485811890398075,29.621236617750174,50.252045568931415
2024-01-11 12:00:00,47.931480224517564,31.68323429551895,53.328965736880185
2024-01-11 13:00:00,45.85394281394139,29.79314158799473,50.74463313631394
2024-01-11 14:00:00,45.03566884573829,25.21613557945229,51.762644745764064
2024-01-11 15:00:00,49.64834117491445,25.576949749599788,54.94615850604064
2024-01-11 16:00:00,44.9091431243983,26.65036672377995,54.72822331215245
2024-01-11 17:00:00,45.360156337314876,21.879638639840685,64.55135976985454
2024-01-11 18:00:00,42.117412477138906,21.665729142219334,60.913384927885836
2024-01-11 19:00:00,46.31653712372578,20.220808241875133,66.57904196545104
2024-01-11 20:00:00,46.75070357643239,15.85960429263285,66.88763623979835
2024-01-11 21:00:00,48.556076481358446,15.607411107008202,65.332893507855
2024-01-11 22:00:00,49.54997369694533,9.64290846151313,68.6784456635698
2024-01-11 23:00:00,53.02905066087715,12.218974840830551,70.96000694827687
2024-01-12 00:00:00,53.42695241520503,13.121147772910259,68.22267909888588
2024-01-12 01:00:00,55.175253569370724,11.883881529884695,70.77701099868752
2024-01-12 02:00:00,58.481140747542156,16.95342642751416,68.91774951263363
2024-01-12 03:00:00,56.33277434069623,13.551487074159906,66.7972871366458
2024-01-12 04:00:00,60.57196571385586,16.589933269954535,61.18022947524023
2024-01-12 05:00:00,60.567636874193724,19.2549680276602,57.30039388054624
2024-01-12 06:00:00,56.45999654001769,23.161909933599205,56.13665958067033
2024-01-12 07:00:00,56.86681597493762,20.787349611499735,55.99060235166686
2024-01-12 08:00:00,55.521043797297,26.494745628232398,55.000505753151955
2024-01-12 09:00:00,54.80767295284589,26.318650450428493,46.77684285403895
2024-01-12 10:00:00,52.5025079784284,26.02292755181135,51.28638455936903
2024-01-12 11:00:00,50.852009708962626,28.9375989085629,51.39522306330796
2024-01-12 12:00:00,51.36058439042636,28.798589543360205,50.612806922609494
2024-01-12 13:00:00,45.32126652307068,27.34411838142983,55.433955963479754
2024-01-12 14:00:00,40.79635858259149,27.59989365586831,54.690489154948224
2024-01-12 15:00:00,44.88313967797029,25.725330463606486,58.77547977020228
2024-01-12 16:00:00,45.40619608798858,24.92027601787684,57.13072729320173
2024-01-12 17:00:00,42.503296047072816,23.93433885005048,62.34369373126726
2024-01-12 18:00:00,39.57383641846521,23.379025224218076,66.41703739224151
2024-01-12 19:00:00,43.52120495305379,17.202133913490805,67.77923362318163
2024-01-12 20:00:00,41.16849801604625,20.44955006198442,63.633607047107034
2024-01-12 21:00:00,48.24806812065562,12.768567441817188,67.16003844020399
2024-01-12 22:00:00,45.49083849586271,14.277131829063336,67.8304206729771
2024-01-12 23:00:00,49.50895749887978,14.638032112558864,70.22313633769082
2024-01-13 00:00:00,50.35352088653397,13.921487801602549,70.40921632413796
2024-01-13 01:00:00,54.73604695575499,12.821507023101091,65.69699694899558
2024-01-13 02:00:00,55.31915131280746,14.192626096080819,66.53355731547127
2024-01-13 03:00:00,57.480879437895474,14.957197739112644,59.450181669609705
2024-01-13 04:00:00,58.36493594401201,16.365952864583644,65.93423392042739
2024-01-13 05:00:00,55.6711764219868,20.33326030726265,58.7190643983083
2024-01-13 06:00:00,58.79032204513717,21.53552322894755,57.81028844368863
2024-01-13 07:00:00,56.916118660912616,21.90177844537786,54.725875715029844
2024-01-13 08:00:00,53.16215537207036,26.099399813149876,56.50110790685464
2024-01-13 09:00:00,57.610324851140014,26.764250140213992,45.11200526244666
2024-01-13 10:00:00,52.20715408916583,28.714483706641687,51.265141707583616
2024-01-13 11:00:00,48.884932904202934,29.188886960053424,50.735453106255754
2024-01-13 12:00:00,50.49496809507549,27.256507483616893,50.172576594419176
2024-01-13 13:00:00,49.58923715411849,27.404172136872557,56.52133773002911
2024-01-13 14:00:00,43.1311654391308,28.616130936068203,51.417715322181664
2024-01-13 15:00:00,43.19654383747852,27.218856257049286,57.42949044308913
2024-01-13 16:00:00,40.06057471122099,24.718647609053793,58.56126056584245
2024-01-13 17:00:00,41.67513240346846,23.117133913232134,63.153798131338796
2024-01-13 18:00:00,41.2889345332896,22.916497343682632,60.66139869397888
2024-01-13 19:00:00,43.82120244530049,18.171500078477386,62.66757775219052
2024-01-13 20:00:00,45.333654703630145,18.070646071755128,69.1041357993724
2024-01-13 21:00:00,47.867989700622935,15.393410162450063,68.85753190488519
2024-01-13 22:00:00,49.09507850929218,14.178287666775908,64.83098906990972
2024-01-13 23:00:00,48.005414987302636,15.403721580812773,67.65173746384183
2024-01-14 00:00:00,50.99094518686575,14.738124523482044,69.65928907122176
2024-01-14 01:00:00,53.87803823836682,14.975820756832952,69.88863918792643
2024-01-14 02:00:00,55.74948373357643,16.463027682348198,64.66588439769659
2024-01-14 03:00:00,60.00034972456258,15.728204903549992,57.21436002545765
2024-01-14 04:00:00,56.55117189494083,18.272929456942453,63.63742937026531
2024-01-14 05:00:00,58.63886252073929,18.593457026840877,56.949198275140155
2024-01-14 06:00:00,60.61101890181596,21.486249528732586,52.6272815987713
2024-01-14 07:00:00,57.377380359308205,22.74592825671737,48.4191851875397
2024-01-14 08:00:00,57.970225577432316,24.895493947489026,55.67099111981542
2024-01-14 09:00:00,54.811133454255284,27.196036397054485,52.52731499195249
2024-01-14 10:00:00,54.23369218424114,26.267859503533067,50.74252661161775
2024-01-14 11:00:00,50.20654822862078,31.38302461069621,54.4725609074069
2024-01-14 12:00:00,51.19906412232298,26.990973927750446,52.89997927095605
2024-01-14 13:00:00,45.15355379504901,26.42316077798643,56.24652147274485
2024-01-14 14:00:00,44.62133249756839,29.232356838633386,50.15420028890356
2024-01-14 15:00:00,45.16157298710269,27.490794899843532,55.41362344011501
2024-01-14 16:00:00,44.908856089972204,25.686179725578295,53.628845156707264
2024-01-14 17:00:00,46.95253407724807,23.883661102165334,59.42654417036127
2024-01-14 18:00:00,43.96966263059272,20.981629840729678,61.70783177150589
2024-01-14 19:00:00,49.24855982373619,17.71297560450244,66.06653409315764
2024-01-14 20:00:00,46.02215680702388,17.363706837290614,66.47787073353369
2024-01-14 21:00:00,52.29753239055014,14.6809565738327,69.35274647975966
2024-01-14 22:00:00,52.7610786242286,15.967489071743394,70.45193276944883
2024-01-14 23:00:00,52.24123572005899,13.534970230578793,74.38732169345785
2024-01-15 00:00:00,56.920041837075786,12.261754204811233,67.90509079838631
2024-01-15 01:00:00,58.00245975254384,13.27347754035249,65.44167188239398
2024-01-15 02:00:00,60.97890515550253,15.124206653030164,66.97917006896996
2024-01-15 03:00:00,60.92459028826428,14.851112311894928,62.49429993215109
2024-01-15 04:00:00,62.01240494305726,16.0166694066504,66.03427332701413
2024-01-15 05:00:00,65.00605551192896,19.424387978968877,59.291954902636945
2024-01-15 06:00:00,61.779329903789716,21.367449856663058,56.25668767439242
2024-01-15 07:00:00,63.16359959035161,22.180728075212144,54.32171069712221
2024-01-15 08:00:00,59.92458358538501,24.043442541572514,55.432082528000215
2024-01-15 09:00:00,61.654342466001616,26.65137576493553,51.811403907861326
2024-01-15 10:00:00,55.70069142774659,25.323064016137312,49.70250051307247
2024-01-15 11:00:00,54.07074692317891,26.133248035603145,55.16337979405883
2024-01-15 12:00:00,55.7396861701566,27.422333668121347,49.16624296174401
2024-01-15 13:00:00,49.86693295240814,27.924272969600242,52.29468655102251
2024-01-15 14:00:00,52.286254304247706,27.96155187678032,55.26680434834667
2024-01-15 15:00:00,48.97944843708826,28.51633518432342,51.4216622239573
2024-01-15 16:00:00,46.795464510460285,26.03648943480305,58.87127984759218
2024-01-15 17:00:00,43.64814282359469,22.701235043323724,57.36223081129875
2024-01-15 18:00:00,47.906880923181376,20.971475688146075,64.38632835800765
2024-01-15 19:00:00,49.36811038760098,17.555063114774423,62.093372470202475
2024-01-15 20:00:00,52.79340651616328,17.22223029601149,68.09588361030106
2024-01-15 21:00:00,55.677015270968745,15.2637111827207,70.55881129979669
2024-01-15 22:00:00,52.9731649332564,14.988887312123875,70.84692375068363
2024-01-15 23:00:00,58.598008010694016,12.514709887503503,69.62829162059526
2024-01-16 00:00:00,60.1148429686474,14.279019771361758,68.11508007927739
2024-01-16 01:00:00,62.29982287123138,16.054664672335832,66.35317969322286
2024-01-16 02:00:00,63.8236255325623,14.341669248931415,70.04154775772174
2024-01-16 03:00:00,59.761161979557095,16.299266724249264,62.75126194958089
2024-01-16 04:00:00,63.97142211304672,18.285215987566673,59.736706221997736
2024-01-16 05:00:00,62.88559904753131,18.457026453902305,61.66342233758205
2024-01-16 06:00:00,64.02207497876749,21.33613872271565,55.680286586111215
2024-01-16 07:00:00,65.59081623789835,22.96003143944148,53.12484125633475
2024-01-16 08:00:00,62.79889047658457,24.896514147823197,50.02702831389666
2024-01-16 09:00:00,63.24229234545854,25.14378618311591,50.99849676728878
2024-01-16 10:00:00,59.354059040725424,27.531955789771686,51.09988000365715
2024-01-16 11:00:00,53.80142382192157,28.991441134036194,51.607729319151744
2024-01-16 12:00:00,48.95332002292441,30.676715411692562,53.684933174147105
2024-01-16 13:00:00,52.522860645447906,29.68334993629581,53.52301617510448
2024-01-16 14:00:00,49.584007900005275,30.724964214650676,53.158858420438094
2024-01-16 15:00:00,48.074834282744014,25.152279514567056,55.00451080905062
2024-01-16 16:00:00,45.31568200645142,26.058480955081084,58.94602226636526
2024-01-16 17:00:00,47.46720706274211,23.216155846876443,63.181425407321356
2024-01-16 18:00:00,47.95555764355054,24.284704399826566,62.6451569046307
2024-01-16 19:00:00,51.787265421647774,17.84640973369836,63.32717286447405
2024-01-16 20:00:00,52.17604519810879,15.990417236728772,63.881796027965
2024-01-16 21:00:00,56.62700290470904,14.797610172934913,64.18121547302938
2024-01-16 22:00:00,54.266339662690065,11.318965885152005,70.3590066167104
2024-01-16 23:00:00,59.554056739379014,12.96692377031086,70.4449463090989
2024-01-17 00:00:00,60.08851795921478,12.361301007669454,70.13674124936827
2024-01-17 01:00:00,62.83953884686513,13.981146982546292,67.4725800181798
2024-01-17 02:00:00,62.30465582661172,15.017443435282464,69.8812978954084
2024-01-17 03:00:00,65.6332243295509,18.51095539992464,63.289703763538014
2024-01-17 04:00:00,65.33541008012958,18.67563575727903,64.71754449894081
2024-01-17 05:00:00,64.03346120424177,18.1935016782374,59.90314276252618
2024-01-17 06:00:00,64.99416472591736,19.652377992977435,56.14975168237893
2024-01-17 07:00:00,63.12563901137117,23.679021595528695,56.98132576829441
2024-01-17 08:00:00,63.863153255046875,22.76965018946903,54.66012926603101
2024-01-17 09:00:00,57.353608689097136,29.050489007680675,53.098203264107426
2024-01-17 10:00:00,57.79060728815141,29.264350709465173,51.50986361853889
2024-01-17 11:00:00,57.09113199876457,27.540680219010948,50.90526729570792
2024-01-17 12:00:00,54.989853182521074,25.930298206363684,57.27759754557448
2024-01-17 13:00:00,54.145481175556974,30.27525225841613,55.16641297893045
2024-01-17 14:00:00,51.827335796944496,27.32338076050439,55.44310620678486
2024-01-17 15:00:00,48.303225694433884,28.160025326859287,55.779497895508335
2024-01-17 16:00:00,49.23486524339008,22.358358511808564,60.18852159556891
2024-01-17 17:00:00,48.64389729409911,22.04208030383831,61.294986940978625
2024-01-17 18:00:00,48.834355325350465,21.00786554957728,62.39488328785772
2024-01-17 19:00:00,45.14249065254132,19.129328052378252,63.741089186835225
2024-01-17 20:00:00,49.72347526375586,16.57490179278112,66.1616676865222
2024-01-17 21:00:00,48.19311536554844,16.63097403962216,59.86816429436484
2024-01-17 22:00:00,56.77860754994928,12.903378827542797,69.21983453484569
2024-01-17 23:00:00,55.668372907031944,13.541987075300076,67.7788097997241
2024-01-18 00:00:00,57.56713739384856,13.680443447567848,72.67500743230885
2024-01-18 01:00:00,61.22427847546255,14.52721455392009,67.84258881108934
2024-01-18 02:00:00,61.57269590342414,15.572231788750035,63.39155248184157
2024-01-18 03:00:00,60.4956008373747,14.009736003344043,64.3752996146797
2024-01-18 04:00:00,63.26606700203121,14.948828743896566,59.714068693266356
2024-01-18 05:00:00,61.80101097820057,20.975372394578923,61.183518539281266
2024-01-18 06:00:00,58.846085456849906,21.4984710179693,58.39799700492605
2024-01-18 07:00:00,60.443119073435334,21.81841303343406,57.894599077770735
2024-01-18 08:00:00,58.74822841264397,27.07672796328373,51.65883449008466
2024-01-18 09:00:00,57.687860046301076,26.476812810338394,52.290791606510446
2024-01-18 10:00:00,52.16983996868531,29.26413630447901,47.89411307483179
2024-01-18 11:00:00,55.88163755722357,28.34572141928318,52.753736954811785
2024-01-18 12:00:00,50.260472029491574,31.59112188732298,52.603845514498666
2024-01-18 13:00:00,48.58426141942618,30.877454960832836,53.44528391850898
2024-01-18 14:00:00,48.315643870926785,27.12174430566468,53.640086547713395
2024-01-18 15:00:00,44.120980147794775,27.76065728533067,56.536932226972006
2024-01-18 16:00:00,46.04187670378995,25.7180639243777,61.681476364848784
2024-01-18 17:00:00,43.55377144157178,24.994090174567443,59.287264357395024
2024-01-18 18:00:00,43.79107272156207,19.552614809129796,62.675984365197785
2024-01-18 19:00:00,46.68623431265769,20.08793435172885,61.78468425204643
2024-01-18 20:00:00,49.67062852374721,18.837636730274415,64.19330862668303
2024-01-18 21:00:00,51.09836069876529,13.058589911466278,68.03876186679321
2024-01-18 22:00:00,53.295541783433194,12.729921702618054,71.45316630335637
2024-01-18 23:00:00,52.63545098777099,10.69670803619185,68.35929793937107
2024-01-19 00:00:00,51.752495380884376,13.095889748333164,68.10354111332128
2024-01-19 01:00:00,59.33331446997685,14.83186968652595,66.77701552279905
2024-01-19 02:00:00,61.654046632554824,16.758345049760713,65.02706935356812
2024-01-19 03:00:00,62.45603139390709,15.807841311730547,65.23742863927211
2024-01-19 04:00:00,58.44430398460216,19.69292331835689,58.58622729297607
2024-01-19 05:00:00,58.491047337596484,16.98870497440877,63.20234894166686
2024-01-19 06:00:00,58.07419456482216,18.444926340967235,56.00707284875363
2024-01-19 07:00:00,55.29798351011208,22.857821289924008,57.304758713595476
2024-01-19 08:00:00,56.52458604649451,25.32609817340886,50.46104247583643
2024-01-19 09:00:00,58.500037569827505,26.25425873675793,53.87787169230565
2024-01-19 10:00:00,53.73799197306732,24.394027378323425,52.98652908293464
2024-01-19 11:00:00,51.521308570896764,28.11076363789882,51.96050518001474
2024-01-19 12:00:00,51.79969074312731,26.54329574924272,48.820596258898895
2024-01-19 13:00:00,45.536940172612844,29.248952520413074,52.82964183993528
2024-01-19 14:00:00,48.64452251739946,28.045087897528536,50.67839850748502
2024-01-19 15:00:00,47.92502973108234,24.893481179408138,54.86809186225951
2024-01-19 16:00:00,42.868517351722716,23.979199623994983,60.244161346465546
2024-01-19 17:00:00,41.94005840974478,21.352322555435546,61.99175481767685
2024-01-19 18:00:00,44.30577671409058,20.90598135409025,62.367328762273715
2024-01-19 19:00:00,42.53908500721923,20.491570642483,62.06298356019291
2024-01-19 20:00:00,43.291529670351736,15.771410930496671,67.97793031111429
2024-01-19 21:00:00,49.19939019186379,16.452768914377756,67.84268172830497
2024-01-19 22:00:00,51.21037867401758,13.709423044058084,62.89254344102555
2024-01-19 23:00:00,51.70901000774196,12.566247054438474,70.9565745657913
2024-01-20 00:00:00,50.58261306868445,13.339454460068163,68.63275035192738
2024-01-20 01:00:00,53.12378105039292,12.20269281920293,70.80035675401764
2024-01-20 02:00:00,56.93802597792203,13.674335513595924,63.625784733571884
2024-01-20 03:00:00,56.95106442458553,13.899882302217648,56.55824046701011
2024-01-20 04:00:00,57.09197357262262,20.19708769937449,63.02708105178571
2024-01-20 05:00:00,60.80293521614556,19.111752489688644,60.728909191705036
2024-01-20 06:00:00,59.90044082445508,19.950411738011034,53.443949525061214
2024-01-20 07:00:00,59.97743550409141,23.262112704370214,53.053751135333556
2024-01-20 08:00:00,54.45612544068807,24.581507925463697,60.52408332862083
2024-01-20 09:00:00,53.65244861033262,25.971846459599274,51.44174483055551
2024-01-20 10:00:00,53.62115538738363,28.41644057844846,53.13406500433895
2024-01-20 11:00:00,50.63779643468161,29.380705262238944,49.37335043157904
2024-01-20 12:00:00,51.07136907034862,27.70424827858421,46.080910316265474
2024-01-20 13:00:00,47.188186372287575,27.38071633620101,51.78012574895029
2024-01-20 14:00:00,48.297183131246314,27.082612982655824,52.972027568605775
2024-01-20 15:00:00,45.33048756673824,22.85041911179576,54.500304403329096
2024-01-20 16:00:00,45.40165511603605,22.477213406702155,57.38402650531118
2024-01-20 17:00:00,41.34502194748729,24.991454239435814,60.66067067911401
2024-01-20 18:00:00,42.29800089782835,23.46745157025199,61.95407902778805
2024-01-20 19:00:00,45.73519268043578,18.68530310239663,61.33998458013155
2024-01-20 20:00:00,48.47748142366078,18.114835444583687,67.57942300958379
2024-01-20 21:00:00,48.36632408970129,16.16357437291618,62.92079924575388
2024-01-20 22:00:00,47.67771609409039,19.123130684299575,63.56743879339112
2024-01-20 23:00:00,54.0046458032954,15.434918669983842,70.84795123675391
2024-01-21 00:00:00,49.571402043070904,13.30812361277885,69.96088311694001
2024-01-21 01:00:00,53.42949055812522,12.322245641931339,67.6507402213749
2024-01-21 02:00:00,59.48271468682744,12.095139991230312,62.87533976879126
2024-01-21 03:00:00,58.79817787368893,16.001894594901717,62.73022264831487
2024-01-21 04:00:00,61.265918490180375,16.115473882073495,61.67250453670642
2024-01-21 05:00:00,60.57459552237756,16.925476597334587,56.010265078564885
2024-01-21 06:00:00,61.086390541535046,20.03014067363607,55.823056949019325
2024-01-21 07:00:00,57.855501777893785,21.318820832847237,57.13082584544171
2024-01-21 08:00:00,58.27117083148397,27.28071245260883,57.20430238004416
2024-01-21 09:00:00,57.562217323908115,27.625760494323238,51.157184484293666
2024-01-21 10:00:00,56.61569079172758,27.483231566408367,53.19788844918864
2024-01-21 11:00:00,55.20694246879752,30.46435990550304,46.21484982353133
2024-01-21 12:00:00,50.57287389419057,28.616052461471426,52.95529566618238
2024-01-21 13:00:00,49.01273787356203,26.95251739517565,50.195900329121315
2024-01-21 14:00:00,43.032816176523866,29.779876644287803,54.40440301109092
2024-01-21 15:00:00,44.25711072026832,27.111665924426163,54.88061895440069
2024-01-21 16:00:00,45.19221607701709,23.194130768510345,60.97166361853694
2024-01-21 17:00:00,47.00248363041869,22.65563482114346,57.813910879150065
2024-01-21 18:00:00,44.67385350688656,19.68657261992298,63.89838714982721
2024-01-21 19:00:00,48.644940252923135,16.984657565284643,63.80123134175868
2024-01-21 20:00:00,47.626320701000544,18.639266321297452,65.96819733565484
2024-01-21 21:00:00,48.770632800468945,18.560824101806034,67.33459390116188
2024-01-21 22:00:00,53.099241823433786,12.406958110888036,66.57914967536632
2024-01-21 23:00:00,53.38850049976563,14.600010157867848,68.96475258523333
2024-01-22 00:00:00,56.0780309769107,12.52403614631726,68.5367118812971
2024-01-22 01:00:00,55.584753088349004,13.024868227184918,68.39732925507678
2024-01-22 02:00:00,60.30586690376984,13.616218585258393,66.57522389491105
2024-01-22 03:00:00,61.40934330601527,14.400712986581194,66.49498637403049
2024-01-22 04:00:00,61.83141724675919,17.322782441917326,64.63814294604117
2024-01-22 05:00:00,64.12903448894228,17.81243198711449,57.373441695430486
2024-01-22 06:00:00,64.1346232998783,21.405685238669772,59.8425598455544
2024-01-22 07:00:00,62.3659502353207,22.86578567409507,52.53415893222544
2024-01-22 08:00:00,62.92431883577987,24.391577929700325,55.10567868966542
2024-01-22 09:00:00,60.719963231946814,24.941955365836705,53.75511832769719
2024-01-22 10:00:00,56.61459058327456,26.63003353253082,46.528375334242156
2024-01-22 11:00:00,53.94037573027273,29.377530535906622,51.232448116323525
2024-01-22 12:00:00,53.524623705642846,29.251375781436572,50.13542727999754
2024-01-22 13:00:00,52.79799393660276,26.77811082997023,50.30885822110155
2024-01-22 14:00:00,52.72797418763895,27.644188986527187,57.013169796068546
2024-01-22 15:00:00,50.67638738330397,27.430381543956823,53.86580214840647
2024-01-22 16:00:00,47.594355491567924,22.24589207831793,55.65468627128228
2024-01-22 17:00:00,47.588682070925955,23.756183126838728,60.189237350012654
2024-01-22 18:00:00,50.212719183681784,20.0060643615813,64.04334577166873
2024-01-22 19:00:00,51.41475736593371,19.914755164620836,64.14587853497453
2024-01-22 20:00:00,53.38090350482272,16.105111265186355,69.27988739485198
2024-01-22 21:00:00,53.60932193121709,12.989375990104175,69.12166778897016
2024-01-22 22:00:00,52.9462476252692,12.063495814791978,63.24780413727305
2024-01-22 23:00:00,55.204541104868625,13.82768372282405,67.67633259123248
2024-01-23 00:00:00,59.869030125965104,13.889583752582222,67.28872718822238
2024-01-23 01:00:00,62.66498451748468,12.399081365175364,68.99263101763349
2024-01-23 02:00:00,60.47501739798519,15.462698159782782,59.801918389743754
2024-01-23 03:00:00,65.67991704880424,13.204419047697364,70.87252427179438
2024-01-23 04:00:00,66.73034120505434,17.150880302028973,63.65693664315821
2024-01-23 05:00:00,63.8421135716696,17.242332862087412,60.37219200979415
2024-01-23 06:00:00,67.92438400080044,20.02224583829683,60.624547885125274
2024-01-23 07:00:00,63.944841528671205,23.012240845243447,61.35913513203158
2024-01-23 08:00:00,66.06750646814243,23.45937995207406,55.81290558079222
2024-01-23 09:00:00,60.56702030746064,25.72646754255425,54.577804107119164
2024-01-23 10:00:00,56.903627157893865,29.0046297422049,51.633392624559356
2024-01-23 11:00:00,56.55717840397036,27.379105892883278,50.64618561658263
2024-01-23 12:00:00,54.556819707083704,29.753538168097712,50.11717895338616
2024-01-23 13:00:00,52.828527695035184,26.54988341518156,50.140491386653665
2024-01-23 14:00:00,50.87165913197368,28.289896795256244,51.91850372007234
2024-01-23 15:00:00,50.29686622777542,28.465653789885955,52.123610089142396
2024-01-23 16:00:00,50.377789508687464,21.04253324980919,57.480949967364666
2024-01-23 17:00:00,49.51851363397186,21.745799955063266,55.78833105693402
2024-01-23 18:00:00,46.283510043993076,21.865608190770825,62.80666271628202
2024-01-23 19:00:00,51.710799619315864,18.75428908266656,64.40917347989405
2024-01-23 20:00:00,51.92628716149163,17.80671881005705,66.73129927664561
2024-01-23 21:00:00,57.420767450462534,14.790721361027188,66.48889970900998
2024-01-23 22:00:00,54.50333736259138,14.634694152826045,76.38548336205284
2024-01-23 23:00:00,54.7896828000914,13.5220404497439,72.40028975045078
2024-01-24 00:00:00,60.865015023918744,15.25167309248971,65.5819761863898
2024-01-24 01:00:00,62.81675421310977,14.13718756778381,68.37639885262715
2024-01-24 02:00:00,61.58269629273174,15.01121346472955,64.84394567333568
2024-01-24 03:00:00,61.99705059598832,15.078883691917138,61.96380068323148
2024-01-24 04:00:00,68.80880898741489,16.51859066389125,58.97919122811303
2024-01-24 05:00:00,68.89081680701551,18.41001988000151,61.08054172689825
2024-01-24 06:00:00,60.16316652076752,21.59167821356735,55.967178006403415
2024-01-24 07:00:00,63.79063616929807,22.30966611703848,57.91956506006297
2024-01-24 08:00:00,66.2819955384747,25.184662285344647,56.12049450564709
2024-01-24 09:00:00,59.45769912176119,29.416402056867334,55.640557328968704
2024-01-24 10:00:00,57.5528705510748,28.801877583530803,49.175700648213116
2024-01-24 11:00:00,56.41103228438475,27.755408398916256,52.18841402673002
2024-01-24 12:00:00,51.91049654904332,30.301820883245917,52.88780310500412
2024-01-24 13:00:00,49.246760899603956,27.632330637635704,51.020325928180135
2024-01-24 14:00:00,53.67746558349325,24.43800372561651,51.706609075838934
2024-01-24 15:00:00,46.43480776548075,24.79117139252296,59.52380166443983
2024-01-24 16:00:00,49.98664527714138,21.943812118461295,58.239368283407416
2024-01-24 17:00:00,50.40836995209721,22.41387261220697,61.58991937677913
2024-01-24 18:00:00,45.68573505826123,21.027627568784506,60.274181376352736
2024-01-24 19:00:00,46.81843299924889,21.57351313014413,61.45178883369446
2024-01-24 20:00:00,53.03748268247177,17.740391060646285,64.94033659444867
2024-01-24 21:00:00,53.6341966796361,15.368048347887587,67.484175165585
2024-01-24 22:00:00,52.703370711070434,15.748917843391904,66.03278241955822
2024-01-24 23:00:00,59.79527630876683,10.438853339320177,68.97538797837404
2024-01-25 00:00:00,60.58030989273593,13.853421837162848,64.47206946643041
2024-01-25 01:00:00,60.3906661896395,14.911854093662399,64.99411007788532
2024-01-25 02:00:00,60.75209465827837,12.286930102946904,68.04123915137114
2024-01-25 03:00:00,61.726954916771405,17.412330205911267,66.00947630069469
2024-01-25 04:00:00,63.947935312099574,17.757744611241655,61.34967949245565
2024-01-25 05:00:00,63.29080398979546,18.43592529087979,57.45558922730767
2024-01-25 06:00:00,64.5940752273153,21.949172799159385,55.10211971526226
2024-01-25 07:00:00,58.00167954942827,26.347182124975518,54.566829385146846
2024-01-25 08:00:00,57.55330703655693,25.022799382587632,55.24733519843436
2024-01-25 09:00:00,59.00761453179607,26.675631738349566,54.52638559430086
2024-01-25 10:00:00,55.62001164103298,26.806149179072925,50.06533822469344
2024-01-25 11:00:00,53.14962815811187,26.96967714297084,48.11626893503804
2024-01-25 12:00:00,48.08595935160574,29.74550372481637,51.97627665806421
2024-01-25 13:00:00,50.15212781745257,26.960317958304714,50.14693393937533
2024-01-25 14:00:00,47.8812436574749,27.602539884212465,52.34040737216798
2024-01-25 15:00:00,48.398579446503845,25.586814688751506,58.81319022609255
2024-01-25 16:00:00,45.91171043581096,25.468469738619625,59.73841716549176
2024-01-25 17:00:00,45.1847833182319,23.441635996199302,60.394935780628735
2024-01-25 18:00:00,47.592889923302316,22.55630991638676,59.149573903140805
2024-01-25 19:00:00,44.250943578099616,18.293832563449033,65.02849141867665
2024-01-25 20:00:00,49.23130978268705,16.84518759705994,69.02060425764762
2024-01-25 21:00:00,46.5916369286763,14.228553567427536,66.85514446964606
2024-01-25 22:00:00,50.16539505497359,13.838369581502583,72.0711176615684
2024-01-25 23:00:00,51.10208247813204,14.321507042399269,72.23186322379551
2024-01-26 00:00:00,56.98998999084936,14.635482924968027,72.85266451696033
2024-01-26 01:00:00,57.671912188554806,12.372308316565524,68.55733645038836
2024-01-26 02:00:00,58.59603438632664,15.809218351775183,67.8324402801941
2024-01-26 03:00:00,57.43060575706489,17.73015592930819,68.03546822082785
2024-01-26 04:00:00,59.94194618826282,17.870152354835444,63.447856248595194
2024-01-26 05:00:00,58.35471684415418,21.87405088056814,58.74691473052446
2024-01-26 06:00:00,61.281150761964255,19.839316201344648,56.54927150275758
2024-01-26 07:00:00,57.79427275007309,21.07416078330185,56.09638738443443
2024-01-26 08:00:00,60.9767316537501,22.081919626643515,50.409635414455536
2024-01-26 09:00:00,51.8659379686506,28.547367326132875,51.84762407752967
2024-01-26 10:00:00,51.99019362801518,28.476739012914294,54.04803535897405
2024-01-26 11:00:00,54.60704694492311,28.161066690802304,45.52186537208679
2024-01-26 12:00:00,48.50086913327781,28.91995293947973,55.14287281788468
2024-01-26 13:00:00,45.25044459148085,26.55621012622044,55.01170691269788
2024-01-26 14:00:00,44.90076960707015,31.163818497808585,52.486627429744836
2024-01-26 15:00:00,43.31255328534223,26.497132631861984,56.85847706967954
2024-01-26 16:00:00,41.74094642707546,24.91409219190733,57.678497911342966
2024-01-26 17:00:00,40.87985471012599,24.029792774117077,63.07497592109662
2024-01-26 18:00:00,49.01263625940636,21.721513847605145,64.78607926284754
2024-01-26 19:00:00,43.65700155789444,19.394683198149803,60.999823192042534
2024-01-26 20:00:00,42.33620905330803,16.064288316831984,67.83211706433929
2024-01-26 21:00:00,50.28188909293167,16.403901676804953,67.28015899995181
2024-01-26 22:00:00,49.95886074254222,17.327846216329274,68.90041386289681
2024-01-26 23:00:00,49.45012071332923,15.7736863720645,67.17957024757546
2024-01-27 00:00:00,51.421559502272814,15.889779939959094,73.0636751094037
2024-01-27 01:00:00,57.361389275318984,12.988732788185198,70.39438318381637
2024-01-27 02:00:00,57.12926948172637,13.020402241228846,64.51453312074645
2024-01-27 03:00:00,54.550834299045675,15.508018760951478,61.16347348272449
2024-01-27 04:00:00,62.73932489761332,17.33358736843298,61.36518982847807
2024-01-27 05:00:00,58.136145606840145,20.700144439437512,61.08625661522845
2024-01-27 06:00:00,62.75553577764228,18.461303055427617,58.27114320394297
2024-01-27 07:00:00,60.176434533691925,25.235468317459738,58.63283206192064
2024-01-27 08:00:00,54.88087608231763,24.512988152131495,55.61083827477317
2024-01-27 09:00:00,57.32309174899461,25.662979253978005,54.62969393032238
2024-01-27 10:00:00,52.10482780139282,25.977033965492982,52.123806064924494
2024-01-27 11:00:00,47.60110175659607,25.762158689369347,47.526753174472525
2024-01-27 12:00:00,47.4976953918319,29.734755875942874,50.81742123553109
2024-01-27 13:00:00,47.69554425508024,28.35442064795065,54.85599571571167
2024-01-27 14:00:00,44.80051369610031,25.56024917877174,53.50723164800946
2024-01-27 15:00:00,43.9983525524311,24.360682700803682,56.757725921559434
2024-01-27 16:00:00,45.71558820332695,24.246322951064755,56.87375780596188
2024-01-27 17:00:00,42.588377938318104,25.444675126203077,57.42547037864536
2024-01-27 18:00:00,42.05809126963469,20.610612972954613,62.02101124580721
2024-01-27 19:00:00,46.71272112515991,16.804142732054103,65.27261860758152
2024-01-27 20:00:00,46.521508163904706,16.881385403871175,64.72474173202528
2024-01-27 21:00:00,42.996117116166154,15.287613786479417,67.20495052191829
2024-01-27 22:00:00,51.93744957200152,10.459479507204342,66.34467433163668
2024-01-27 23:00:00,53.24616651926879,13.674114003055248,71.79811229391024
2024-01-28 00:00:00,54.61068422534273,13.153598204686983,67.95719304263152
2024-01-28 01:00:00,58.22439592877937,14.799865850052115,71.42611749687549
2024-01-28 02:00:00,56.36091460086429,17.278243614034654,70.18583065703126
2024-01-28 03:00:00,59.80561627547266,17.38654668542247,64.29738508819565
2024-01-28 04:00:00,57.29502563450329,16.84666696416774,59.80824957455426
2024-01-28 05:00:00,61.73810507930692,17.399068298618634,54.78525530566678
2024-01-28 06:00:00,63.07862076278483,24.860039704874687,53.99053591151038
2024-01-28 07:00:00,57.43420216575653,23.029970489290598,52.06541293775354
2024-01-28 08:00:00,56.97923911237275,24.770893937869257,57.08221303797494
2024-01-28 09:00:00,55.2726860337004,26.267113228234017,52.49533283400745
2024-01-28 10:00:00,54.97418144781489,27.792317669535045,52.280678873628354
2024-01-28 11:00:00,50.36967412784117,28.027903079282098,45.44894747766219
2024-01-28 12:00:00,51.640427287878154,27.639506989679646,48.311751490355206
2024-01-28 13:00:00,50.909915505465655,27.424155285307442,54.42347080705564
2024-01-28 14:00:00,48.470752579682475,27.446060623059406,54.352974250277576
2024-01-28 15:00:00,42.92225168593727,25.488163702198424,55.131986803285905
2024-01-28 16:00:00,48.01002094285677,23.68073132598434,59.08273449057758
2024-01-28 17:00:00,47.63771559575707,23.100788179806784,64.08949451533931
2024-01-28 18:00:00,47.86142816951621,20.6175341738689,61.776765247080164
2024-01-28 19:00:00,47.301101426771694,21.314846644605037,64.67342450664512
2024-01-28 20:00:00,50.28820745241861,13.273545287410531,66.84545332750702
2024-01-28 21:00:00,52.527265379195335,17.333959418984733,73.77450272224497
2024-01-28 22:00:00,55.85301630353029,16.373937260363117,63.44494177555403
2024-01-28 23:00:00,54.131168542149915,10.645470954219785,70.70805753697202
2024-01-29 00:00:00,59.628495921838436,12.985968608879476,68.406326814704
2024-01-29 01:00:00,59.48599464117371,13.19839500383826,69.21115794952033
2024-01-29 02:00:00,61.464043965508544,12.393541929540037,64.72052964569214
2024-01-29 03:00:00,59.82615515551263,14.529974109714558,64.37758742285406
2024-01-29 04:00:00,63.42610909068635,15.5841362318011,64.10789785458655
2024-01-29 05:00:00,61.40824750305375,21.68726282686642,67.78227550260966
2024-01-29 06:00:00,62.274665438092406,22.40351758972114,59.69071906758248
2024-01-29 07:00:00,59.86431916624843,24.848475480760154,53.379836004923874
2024-01-29 08:00:00,60.177759287402715,25.832508096064736,52.57663976426419
2024-01-29 09:00:00,59.38749956045721,24.60972320207336,51.072236094980425
2024-01-29 10:00:00,58.06272656764157,26.708410128963624,46.8175596318234
2024-01-29 11:00:00,52.367431896471146,28.978505539009852,50.1747745207464
2024-01-29 12:00:00,51.5537874845532,26.666808286662082,53.13874026795274
2024-01-29 13:00:00,52.27182235712963,29.313941342426602,49.02019106824809
2024-01-29 14:00:00,49.114269364986285,27.13470243114607,56.257245596947456
2024-01-29 15:00:00,51.7307899500857,25.74106964757479,56.719437052710575
2024-01-29 16:00:00,48.80910549478926,25.816439952305466,55.83504528914974
2024-01-29 17:00:00,49.692686549400925,23.607537805497948,59.64617590665522
2024-01-29 18:00:00,52.3514635332426,20.458550751271513,66.32517592502519
2024-01-29 19:00:00,49.19347265953824,20.797851866777535,66.33386953376467
2024-01-29 20:00:00,51.01477054707829,15.628405008600158,66.38592016792435
2024-01-29 21:00:00,55.039656958516055,16.620602551517248,67.20002034165744
2024-01-29 22:00:00,56.49450225450097,15.39446135856933,68.88485511273069
2024-01-29 23:00:00,57.65217134552237,13.291236643861064,67.72059110514424
2024-01-30 00:00:00,62.55792318682328,13.989199533363177,63.43145867230412
2024-01-30 01:00:00,62.569051578132424,11.878885938254005,72.8996734103968
2024-01-30 02:00:00,63.63755866153177,15.89085000042704,66.75227352867759
2024-01-30 03:00:00,65.41618579439803,15.419345936436274,65.49536816280626
2024-01-30 04:00:00,64.3888781239035,16.465915469221514,62.18460203123049
2024-01-30 05:00:00,65.91202778632474,20.632371000486366,58.162207998188784
2024-01-30 06:00:00,69.03102661206873,19.943484464185648,57.20581739170531
2024-01-30 07:00:00,66.38042054109295,20.828450893723627,51.50151309451431
2024-01-30 08:00:00,64.75461021693093,22.41505623971407,59.328755214454354
2024-01-30 09:00:00,61.293437491677665,27.212315785917554,49.11949136988416
2024-01-30 10:00:00,61.10570344985435,25.57454649963878,48.7267518537804
2024-01-30 11:00:00,58.62833581762163,30.876634970144586,49.899351989034
2024-01-30 12:00:00,58.08347854950338,25.377105888174416,54.52685687552927
2024-01-30 13:00:00,52.53184685516835,30.78912824960312,52.242043864096615
2024-01-30 14:00:00,52.69047536979814,27.81171672918728,50.54569947924487
2024-01-30 15:00:00,52.23250552901907,26.15823119109356,58.63584590189335
2024-01-30 16:00:00,48.66939260931649,23.93262136978657,59.49813016104085
2024-01-30 17:00:00,50.43475414572308,23.53984700979715,61.34608739304129
2024-01-30 18:00:00,46.37513415285623,20.943547946362596,64.11870700884977
2024-01-30 19:00:00,52.31964171793041,20.713809984755894,70.48590475145596
2024-01-30 20:00:00,54.460055469959336,17.421341472993202,71.82669826826911
2024-01-30 21:00:00,56.029900251212105,15.922151783293781,66.07744027655168
2024-01-30 22:00:00,56.27183691045736,13.959391153295943,72.7530449186295
2024-01-30 23:00:00,59.532781386434145,13.670137867250379,69.95792047439726
2024-01-31 00:00:00,63.72793223963141,13.961702653338088,69.94107197694593
2024-01-31 01:00:00,66.20772458728472,11.19030371384709,63.56355155495163
2024-01-31 02:00:00,64.97595047789028,12.482531338458145,65.93799661720855
2024-01-31 03:00:00,65.54723553924099,16.811595282134867,62.46794102415868
2024-01-31 04:00:00,68.6222960781431,17.506298157191846,64.39951844315597
2024-01-31 05:00:00,63.70844853386687,18.782882157202064,62.67770125100695
2024-01-31 06:00:00,65.14771793624377,21.02765089959814,52.48441271653665
2024-01-31 07:00:00,67.60369272968448,23.462515396311318,55.44491283998958
2024-01-31 08:00:00,65.94042692918595,23.940360479535745,56.44069273130668
2024-01-31 09:00:00,62.823833944276394,25.13584377079566,51.73907396015651
2024-01-31 10:00:00,56.675728878151574,27.788958411029757,53.129326675904316
2024-01-31 11:00:00,57.80719213876594,26.776884530745452,51.87791366906771
2024-01-31 12:00:00,53.94115414590218,29.112379133571707,52.160818143279975
2024-01-31 13:00:00,54.55944155043486,25.690568290811232,51.527483920769264
2024-01-31 14:00:00,49.281818814139505,29.03892398437179,50.59458695898161
2024-01-31 15:00:00,47.777966243177964,27.012197082518828,52.696174631437486
2024-01-31 16:00:00,45.20133880215451,25.134044601470762,59.4440098802155
2024-01-31 17:00:00,51.113390773081676,24.415179314187267,60.048645638797176
2024-01-31 18:00:00,47.85432855666538,23.498211666693894,61.98309079440442
2024-01-31 19:00:00,50.030753918717124,20.580412259258463,63.44027489419422
2024-01-31 20:00:00,52.2221573630069,14.488688653002447,65.600988916977
2024-01-31 21:00:00,51.69731212492515,13.777333690997377,70.41150812028019
2024-01-31 22:00:00,52.793708439279655,13.567581605073292,67.85522223193156
2024-01-31 23:00:00,54.94611049109671,13.794692878148219,65.64733821674608
2024-02-01 00:00:00,57.57846251442813,14.276488530703684,70.55246187545205
2024-02-01 01:00:00,62.000745425418216,12.66694058310179,67.28203697439824
2024-02-01 02:00:00,60.85359209983369,14.78495961833225,66.44245069451077
2024-02-01 03:00:00,67.64194458990468,14.563624742570997,68.51894576599881
2024-02-01 04:00:00,66.546884390384,16.332723295512057,62.277970012546625
2024-02-01 05:00:00,66.53645798203424,16.948865516458593,60.72295918279695
2024-02-01 06:00:00,63.78342942055898,19.615150130833534,54.72331986583155
2024-02-01 07:00:00,66.30238756492346,20.913615929844358,54.95082636912258
2024-02-01 08:00:00,61.2596993700175,23.286190120534016,55.15985408234269
2024-02-01 09:00:00,58.60662014404526,27.883763553810773,48.31733703133686
2024-02-01 10:00:00,57.90803760722258,26.07109219513545,51.808780296187656
2024-02-01 11:00:00,55.173621803516134,32.193016794424096,51.25197768161202
2024-02-01 12:00:00,53.68111694975433,29.239976851321334,51.409886202366955
2024-02-01 13:00:00,49.630185925794,28.521697882710345,54.798668612585644
2024-02-01 14:00:00,48.089920916146575,26.20765385811148,54.47213525644241
2024-02-01 15:00:00,48.56778059590123,27.353765678012564,59.195179745891
2024-02-01 16:00:00,48.09172263316475,23.886543260643432,55.186654805091926
2024-02-01 17:00:00,45.42142696900742,23.124157560237194,60.3398114180459
2024-02-01 18:00:00,42.266592004317985,24.84012680740317,62.540538371897405
2024-02-01 19:00:00,46.79930288069237,18.914767312144242,61.82686376561223
2024-02-01 20:00:00,49.46824538669335,18.973909989428567,68.7546985359073
2024-02-01 21:00:00,54.4385566604833,14.641934503412063,73.60591189869203
2024-02-01 22:00:00,49.77527986651179,14.452326735871235,68.65081725039201
2024-02-01 23:00:00,52.66251865267403,16.411757256285274,70.26255272068441
2024-02-02 00:00:00,55.70315738561559,12.559549413318349,68.90462862613991
2024-02-02 01:00:00,59.910452029540174,16.474229139827393,66.01026695929207
2024-02-02 02:00:00,58.99211755094752,15.566437374799872,61.81206033617392
2024-02-02 03:00:00,59.04202746392455,14.852998977259466,62.73556629226179
2024-02-02 04:00:00,62.00883611517036,18.198611608583118,58.84947545354325
2024-02-02 05:00:00,60.39981880635278,20.517688836171278,64.26025519514786
2024-02-02 06:00:00,58.19299368061078,21.932714943325735,57.38285435926946
2024-02-02 07:00:00,58.726588527794675,20.58580575843302,54.635201677382
2024-02-02 08:00:00,62.2880263473336,23.659294236262756,55.85892353129066
2024-02-02 09:00:00,57.2675022255184,25.93202290557179,49.40139360880034
2024-02-02 10:00:00,54.5639226251948,27.383540384733212,49.38950746838705
2024-02-02 11:00:00,51.42324637566474,29.17545184349399,51.17018067312155
2024-02-02 12:00:00,50.60718257730552,28.76655150139988,53.87859004195708
2024-02-02 13:00:00,49.123226896395636,26.24142715910287,53.45998397886191
2024-02-02 14:00:00,46.675008092219365,28.065487304892326,54.256851825610674
2024-02-02 15:00:00,44.90469569715777,27.219179476824927,55.69529433808999
2024-02-02 16:00:00,45.68275345660377,25.589685671896607,58.67121823289426
2024-02-02 17:00:00,43.51215691811571,24.56231392660083,60.504132262822964
2024-02-02 18:00:00,41.792206022274705,22.250883231823494,59.75444071898051
2024-02-02 19:00:00,43.68920397648431,19.747627280573617,64.61519805408287
2024-02-02 20:00:00,42.39115783047206,17.14475143281204,63.679739383384415
2024-02-02 21:00:00,52.95156290864716,13.205257740827019,67.99693499131195
2024-02-02 22:00:00,51.67380368870942,15.149236800315636,67.49171258288101
2024-02-02 23:00:00,50.881204366355945,14.067087833576663,75.34845405695715
2024-02-03 00:00:00,53.72767932080847,13.90736825579306,68.59359647722238
2024-02-03 01:00:00,55.428676879062735,11.840433439101496,64.28362971840613
2024-02-03 02:00:00,61.49430915107836,12.883224661004185,66.02851050398661
2024-02-03 03:00:00,55.97162707162066,17.276428421100256,65.79839686409487
2024-02-03 04:00:00,60.36319428596399,17.1906672692149,66.51278127130408
2024-02-03 05:00:00,59.5044066102499,20.081108207789963,58.52636900015321
2024-02-03 06:00:00,61.139511476394354,21.042477564195686,53.714558659018145
2024-02-03 07:00:00,58.65892274122916,22.985777047512578,57.54209252857755
2024-02-03 08:00:00,53.306720098549185,26.157425708963917,50.184542204572146
2024-02-03 09:00:00,55.28820952904937,25.529233766572876,51.115382762171315
2024-02-03 10:00:00,51.5968744155441,27.639371693794782,50.66261634962093
2024-02-03 11:00:00,51.82973600200329,27.551030764110422,50.82591636674973
2024-02-03 12:00:00,52.52607373123015,27.848255658851528,53.02957870608416
2024-02-03 13:00:00,44.03609909836454,27.780685511965103,50.49668566022413
2024-02-03 14:00:00,44.134685968860595,27.828391185833816,52.951715838904114
2024-02-03 15:00:00,43.77153457334947,25.58517792640394,55.464324117626305
2024-02-03 16:00:00,42.72729006029616,26.63363418836047,58.044623487874354
2024-02-03 17:00:00,45.745320291408476,21.59923188493959,60.2445679367697
2024-02-03 18:00:00,44.108975509965454,20.71969253375805,63.41938584397911
2024-02-03 19:00:00,46.43248194175785,18.399260574319857,66.60959877410416
2024-02-03 20:00:00,44.96670837357712,19.42046682653075,67.34554631980645
2024-02-03 21:00:00,49.06024060054295,15.99153130586818,68.92819244283297
2024-02-03 22:00:00,51.66192691900682,16.052576280819682,64.73777451973535
2024-02-03 23:00:00,52.13741436480056,11.527215743276578,69.1255692479142
2024-02-04 00:00:00,56.69275000463995,13.900575398803888,69.89210130660565
2024-02-04 01:00:00,57.046025249335614,15.090002496267127,69.61658162048607
2024-02-04 02:00:00,60.93298720676645,14.628235455529847,64.63308409509456
2024-02-04 03:00:00,59.35518328878877,17.294919703698817,62.85240181277826
2024-02-04 04:00:00,62.02205509332923,16.474067324849553,60.894119717713714
2024-02-04 05:00:00,60.78583401480575,21.172878322009446,61.341034749728564
2024-02-04 06:00:00,60.08059051906263,24.448347185428705,60.255331231387956
2024-02-04 07:00:00,60.91183650451465,22.396884997609316,54.48134973177104
2024-02-04 08:00:00,60.378606262160446,24.081746217898807,55.905944753388674
2024-02-04 09:00:00,54.24598998140209,28.483377574575677,52.51447088885162
2024-02-04 10:00:00,57.60899122450613,29.864548746979295,50.99595312049238
2024-02-04 11:00:00,49.858520028235056,27.460153656438038,50.47153942545508
2024-02-04 12:00:00,50.27892095553645,27.869719774356213,53.173195974903734
2024-02-04 13:00:00,49.51817850844066,27.82176678387729,53.019715907907674
2024-02-04 14:00:00,49.69831434649869,25.478514761831914,59.32560253844015
2024-02-04 15:00:00,50.35289558580427,24.92532293917282,53.36943839250674
2024-02-04 16:00:00,43.0916039473296,23.243788849871855,58.96588284915213
2024-02-04 17:00:00,45.51614333145115,21.78944649061281,58.67699747547092
2024-02-04 18:00:00,42.445885105179286,20.947972668920077,60.15615393845111
2024-02-04 19:00:00,47.81393812735827,19.410179260535852,64.47283215741244
2024-02-04 20:00:00,49.291672911585856,19.57575073922122,66.70734222919647
2024-02-04 21:00:00,55.25957763217601,14.199168079992749,75.08966252171018
2024-02-04 22:00:00,53.26860052969123,15.981293069331581,68.23296789739364
2024-02-04 23:00:00,57.78967592669343,13.434573036493706,66.17455317628828
2024-02-05 00:00:00,59.237241882649116,13.42580443552135,69.37585923033764
2024-02-05 01:00:00,58.69032662228369,14.767785541081835,62.607628540194
2024-02-05 02:00:00,59.52853388468011,12.820726439273287,66.13406907416834
2024-02-05 03:00:00,63.64204981981901,16.2703137603769,64.54006320573792
2024-02-05 04:00:00,61.15753081831616,17.499678312319556,64.31587236328593
2024-02-05 05:00:00,66.92690462573242,19.797534057743142,62.434055623569506
2024-02-05 06:00:00,63.65783346167253,21.433752965861824,56.411704546808075
2024-02-05 07:00:00,64.71305528588758,26.624093048135194,55.12346496342538
2024-02-05 08:00:00,61.315305110474206,23.79339002362285,51.72073689279433
2024-02-05 09:00:00,61.07390776869262,25.506805426396433,49.38561497892086
2024-02-05 10:00:00,59.26452719869544,26.560479738746107,52.081404511849975
2024-02-05 11:00:00,56.49974417118314,27.41122801842763,47.8160361285085
2024-02-05 12:00:00,53.86248166918543,27.543919309040223,50.27010031196876
2024-02-05 13:00:00,52.839860520114115,30.02796849382931,49.71783646619195
2024-02-05 14:00:00,48.768920687682716,29.625946900368085,55.010246935046574
2024-02-05 15:00:00,48.081355325684484,25.44718141827502,60.0035752481661
2024-02-05 16:00:00,52.093493032158094,23.501466640343757,54.41665863706893
2024-02-05 17:00:00,50.38015817821914,23.648266172848558,55.367453792756095
2024-02-05 18:00:00,50.19878891193543,20.17166543357853,62.01715419254736
2024-02-05 19:00:00,53.94653495000111,20.00825488836449,64.53924448989454
2024-02-05 20:00:00,51.787173110594054,17.554384531276824,66.91060929757217
2024-02-05 21:00:00,57.482884060727585,13.42308296860505,66.678427345974
2024-02-05 22:00:00,56.063117594121614,16.82606727361188,68.19173418953801
2024-02-05 23:00:00,55.87496158386049,16.449372812475296,69.91877602635151
2024-02-06 00:00:00,64.93058230559386,12.58081696427342,71.2944096682137
2024-02-06 01:00:00,64.78467550904504,13.174003962928023,62.90660670826431
2024-02-06 02:00:00,64.20446415358481,14.933607557704013,65.44161243310049
2024-02-06 03:00:00,67.25890995379909,16.198384326081246,65.03452198485265
2024-02-06 04:00:00,65.5190182382223,18.23781640900926,60.034431144395995
2024-02-06 05:00:00,67.99173885010215,22.074163969880495,64.32792407941832
2024-02-06 06:00:00,61.849656937313334,20.73457915875886,56.08210389350547
2024-02-06 07:00:00,64.06137510058323,21.743696971461222,55.39676828248173
2024-02-06 08:00:00,67.03339962544169,22.68102115797826,55.02609421142687
2024-02-06 09:00:00,62.431579175114415,25.206905798986167,50.72755939393546
2024-02-06 10:00:00,60.90536113788311,27.445500069072477,46.690234943887326
2024-02-06 11:00:00,55.09198107485218,30.936280492444705,49.928363682708664
2024-02-06 12:00:00,60.54339187729651,27.723583051445743,53.880268953215975
2024-02-06 13:00:00,56.82323108548526,28.580125624626373,51.363533548977095
2024-02-06 14:00:00,52.4557793842242,27.47055618427426,51.5199532156737
2024-02-06 15:00:00,50.554406382255344,28.08589076907117,57.81418052375674
2024-02-06 16:00:00,51.992091731531985,28.540398638810487,56.843691354019434
2024-02-06 17:00:00,54.99476154498963,22.144839678888626,58.72459796587454
2024-02-06 18:00:00,53.396235658984416,20.265840836222598,62.703011630080866
2024-02-06 19:00:00,56.192067393788626,20.625098477334785,66.42687552404695
2024-02-06 20:00:00,51.7528252190922,18.272837234439482,72.31824486001014
2024-02-06 21:00:00,53.04478793297915,18.46676012970506,69.86231890320357
2024-02-06 22:00:00,54.900075783420164,15.3807017496056,71.59293235257248
2024-02-06 23:00:00,60.486052733259555,13.21661816665141,67.73508450253036
2024-02-07 00:00:00,61.59381287193824,14.385982246038465,66.12866217167796
2024-02-07 01:00:00,62.78368208765538,15.418611673706318,67.95005700810778
2024-02-07 02:00:00,66.44866719928382,15.735532743412728,66.63188581882791
2024-02-07 03:00:00,68.47115817075708,16.457610187761844,61.80371814658865
2024-02-07 04:00:00,63.519489916387265,18.850012034383607,61.891135081162496
2024-02-07 05:00:00,65.53576099699816,20.812800547399736,60.99829400429784
2024-02-07 06:00:00,67.83775205374995,23.073238486556278,58.571612081622696
2024-02-07 07:00:00,64.60839095403165,23.91420766965321,56.76071963346078
2024-02-07 08:00:00,62.80524212427116,24.499322879524634,54.36345079466471
2024-02-07 09:00:00,64.36583229918672,26.523371388549066,50.9382497177649
2024-02-07 10:00:00,57.200544256616,29.30495397814584,50.021915996776315
2024-02-07 11:00:00,57.71428479627962,27.019040190687125,48.00262150501531
2024-02-07 12:00:00,56.64728570858927,29.05300996330935,55.76860516136113
2024-02-07 13:00:00,52.90743677221379,27.65443547867697,52.2393972774882
2024-02-07 14:00:00,53.682962006342436,27.53830776278559,53.073906329833875
2024-02-07 15:00:00,49.04929250129751,28.220978652810107,53.17801979636884
2024-02-07 16:00:00,53.12586739774105,25.036648602029867,65.00977334989682
2024-02-07 17:00:00,49.34691738520066,23.010797660503076,57.31667991944265
2024-02-07 18:00:00,51.90275673872317,18.960215788530217,61.25725159190722
2024-02-07 19:00:00,52.09808504667989,20.178237510772163,65.53959209071517
2024-02-07 20:00:00,50.71245828363163,18.218226271711586,67.86449344503951
2024-02-07 21:00:00,48.94009511630795,18.941581226059164,70.18905877209913
2024-02-07 22:00:00,56.840049401256394,14.043142119187234,73.21235370602471
2024-02-07 23:00:00,57.923135336906036,14.084281794327948,70.26539413865179
2024-02-08 00:00:00,60.696166766737264,13.874075525566132,66.05325543668496
2024-02-08 01:00:00,60.51262664994285,16.121736222477182,67.15186582125563
2024-02-08 02:00:00,62.40919275732897,14.361866173036171,67.13354196196359
2024-02-08 03:00:00,68.46104044315516,16.11523142975644,69.67056510376466
2024-02-08 04:00:00,61.53556456910424,18.16184476457473,58.83485770986198
2024-02-08 05:00:00,66.50464045104262,19.338770846465607,63.00644126306328
2024-02-08 06:00:00,63.515142396488756,20.33034957817403,58.12041451794324
2024-02-08 07:00:00,62.75723102507301,23.232277827616464,57.59457633807375
2024-02-08 08:00:00,60.78377277068958,26.360447624789614,53.38105217773141
2024-02-08 09:00:00,58.69705804230362,24.76352790978238,50.09968979062431
2024-02-08 10:00:00,58.99669561253123,27.694645039603536,53.183849511901734
2024-02-08 11:00:00,58.692119118142955,27.194262474759235,52.636077567764055
2024-02-08 12:00:00,53.84094823723231,30.292569943387264,53.73680997774764
2024-02-08 13:00:00,52.04526220531368,25.95966333999239,52.172509777493545
2024-02-08 14:00:00,47.612481697707,26.656807757475843,52.13648391102143
2024-02-08 15:00:00,48.74971901339831,26.869118671495904,51.603032512440215
2024-02-08 16:00:00,50.9732810975093,27.098286043851658,59.7190617644257
2024-02-08 17:00:00,46.23359481726794,22.842517446659528,61.059723706109914
2024-02-08 18:00:00,46.538139114848434,20.167200709960245,59.91491482376281
2024-02-08 19:00:00,45.99966078625479,21.88059276589196,63.15356581675831
2024-02-08 20:00:00,48.82734422851231,15.077979149375745,65.1970640008001
2024-02-08 21:00:00,46.161331046297015,12.398490206170965,64.0867675541039
2024-02-08 22:00:00,53.35368078760816,15.16483114669671,66.64912644508873
2024-02-08 23:00:00,53.24629941618587,13.00247496630311,66.16542410798411
2024-02-09 00:00:00,54.0369052040438,11.96815077430393,67.66213490688178
2024-02-09 01:00:00,59.83780083308261,14.818090973781015,65.94748488823602
2024-02-09 02:00:00,57.78904391450496,14.870510542273529,62.296448728512146
2024-02-09 03:00:00,61.19306491814362,14.850581194995726,69.55647557642398
2024-02-09 04:00:00,65.63023181854658,15.329543401993439,65.46072323349573
2024-02-09 05:00:00,58.794314853903856,20.367543154151335,58.05245144620019
2024-02-09 06:00:00,58.285088833841876,21.975301766937868,58.35168208571141
2024-02-09 07:00:00,61.20033005426357,22.792379042599773,56.54366272455346
2024-02-09 08:00:00,60.74767351807083,27.51995549407132,56.613753606254704
2024-02-09 09:00:00,54.405771381205405,24.69817370940993,50.15925879928991
2024-02-09 10:00:00,56.677611872278675,25.20690277199614,54.03693452335452
2024-02-09 11:00:00,54.23131940085175,27.206581592346087,49.63023673948266
2024-02-09 12:00:00,46.37476554849564,28.431620975466753,47.96701155297682
2024-02-09 13:00:00,50.19651692009981,28.609452871152076,54.01611276422627
2024-02-09 14:00:00,48.90718859741212,27.133336441598814,56.86293502962698
2024-02-09 15:00:00,45.14574102136014,26.831383953670684,61.969772433826805
2024-02-09 16:00:00,47.68261291080266,22.872690863714254,54.67131543135171
2024-02-09 17:00:00,46.32056449327998,25.106789744378847,61.747299212701726
2024-02-09 18:00:00,45.088591723522704,20.876773232411352,61.30486829643869
2024-02-09 19:00:00,44.49891029775636,20.734800909113424,66.45839677631
2024-02-09 20:00:00,44.85252507645519,17.764088019566625,62.687737152600796
2024-02-09 21:00:00,48.437380173883746,16.381828969831577,64.63730419481344
2024-02-09 22:00:00,51.66404637834091,15.359460391965097,66.75364537868545
2024-02-09 23:00:00,52.15663067079496,14.427119142857931,69.19741011417021
2024-02-10 00:00:00,50.33733820120768,14.464084139801315,67.09062927025577
2024-02-10 01:00:00,59.075290890900405,15.749285098030589,69.44186449384357
2024-02-10 02:00:00,59.070212887390596,14.799591226168857,68.93119757632377
2024-02-10 03:00:00,58.878702376472546,16.760204777483626,65.99894385311337
2024-02-10 04:00:00,62.53481273384233,17.11539645856917,66.37634050507502
2024-02-10 05:00:00,63.249780429427155,21.219032984905173,61.0395665736387
2024-02-10 06:00:00,54.89568096880054,19.985411546910807,54.6283868182269
2024-02-10 07:00:00,59.73188853105184,25.64255348763512,58.90844128384601
2024-02-10 08:00:00,55.14971527680665,24.68976307403335,52.123148380306155
2024-02-10 09:00:00,58.013174711619556,24.157138205721967,54.48181761515399
2024-02-10 10:00:00,54.68453946599073,27.68734715074946,55.241003104786145
2024-02-10 11:00:00,53.77170621965847,27.2228662109557,52.141720026826
2024-02-10 12:00:00,48.52250031432331,29.760965323483084,47.56627053048668
2024-02-10 13:00:00,44.55539690711311,27.265507728214494,49.91024094966558
2024-02-10 14:00:00,45.98664749806496,26.825915378561113,56.942900136533794
2024-02-10 15:00:00,46.935791895507855,23.468989762480902,55.07719328589289
2024-02-10 16:00:00,46.9019700824765,24.071540521126444,57.86956243143272
2024-02-10 17:00:00,43.31832526768682,19.305323848325475,61.89706104040909
2024-02-10 18:00:00,47.80147793000774,18.624145764771356,64.0701785611234
2024-02-10 19:00:00,44.40244074881107,20.199479145947628,65.1969995309634
2024-02-10 20:00:00,47.817686058165954,18.428700237976454,65.8422901026278
2024-02-10 21:00:00,48.06068308800587,16.334885483778315,67.01255751972899
2024-02-10 22:00:00,52.28719284837134,13.054345256922947,70.83807949982995
2024-02-10 23:00:00,55.516789875307325,13.68398926861903,70.38392382766948
2024-02-11 00:00:00,53.36957884495547,13.494596191364147,68.05008243505718
2024-02-11 01:00:00,57.157772411812296,12.01800926904314,70.49950941654285
2024-02-11 02:00:00,59.357538471627535,16.759906924267405,66.04137574285447
2024-02-11 03:00:00,65.2881221440583,17.0127425769644,62.370844564163946
2024-02-11 04:00:00,60.0576214096853,16.918553739255557,60.43194465866417
2024-02-11 05:00:00,66.0105537806317,19.099185920223015,57.55314790922587
2024-02-11 06:00:00,65.66859169913528,21.312574211921095,56.9896035525683
2024-02-11 07:00:00,61.781637844217144,19.878540535632304,58.5843106958406
2024-02-11 08:00:00,59.083257526149026,24.379233926219012,51.62330101674483
2024-02-11 09:00:00,56.93796876645098,25.28032448690238,52.676960768485294
2024-02-11 10:00:00,56.29486920550972,25.992760513540926,49.66494419932996
2024-02-11 11:00:00,51.32875255439143,27.822793257838992,50.349227396821405
2024-02-11 12:00:00,50.95447876384263,31.196529790274283,47.53156453343519
2024-02-11 13:00:00,52.9167091544755,29.205707989068582,51.654425793048624
2024-02-11 14:00:00,47.689966893516214,26.63842204370917,53.151775519808595
2024-02-11 15:00:00,46.938847410029624,27.1621750309334,56.850719860089214
2024-02-11 16:00:00,43.03158497124652,26.849033154879017,58.22883087721579
2024-02-11 17:00:00,47.15718575093304,24.328093362638015,57.00401968761951
2024-02-11 18:00:00,48.105088696490675,21.089445554880577,65.03986701603175
2024-02-11 19:00:00,48.947828805528125,18.088451995172566,65.02575760055478
2024-02-11 20:00:00,49.35223818712707,18.297334970420547,66.85994482362254
2024-02-11 21:00:00,51.21397826274547,16.286927219233604,67.77127275059708
2024-02-11 22:00:00,54.69886427631173,15.847599301658336,67.39893881854607
2024-02-11 23:00:00,56.1278426270046,14.708314005354941,69.54450584937182
2024-02-12 00:00:00,58.93524677899772,15.074329072979003,69.88230352642316
2024-02-12 01:00:00,61.21197967004381,12.95270348549106,63.42698940569595
2024-02-12 02:00:00,64.18461068899032,16.480900570068297,65.01705893731382
2024-02-12 03:00:00,65.16178214582442,15.993098548139377,63.86263257399113
2024-02-12 04:00:00,64.33045517769774,20.36289130893781,62.96979792015842
2024-02-12 05:00:00,68.5690840507409,18.02507543459671,62.98327751481778
2024-02-12 06:00:00,64.85331935751006,23.6039457047479,55.74127655758525
2024-02-12 07:00:00,66.50931089113035,23.238009013462968,54.25509538295567
2024-02-12 08:00:00,64.19906230364025,23.772872994578098,52.354703692704874
2024-02-12 09:00:00,57.54539823781761,25.577472107817478,50.201952390678784
2024-02-12 10:00:00,61.91819069969639,27.01466956609174,50.43870132561775
2024-02-12 11:00:00,57.376283273427376,28.880692616770865,52.92700554996993
2024-02-12 12:00:00,54.728696581384426,29.28425323205325,48.672078824987544
2024-02-12 13:00:00,54.20785966725297,27.38389369126013,53.275307353822384
2024-02-12 14:00:00,50.92867342660223,27.458658639991757,49.38128339427502
2024-02-12 15:00:00,50.19147069842501,29.51670639681707,54.0966550088943
2024-02-12 16:00:00,48.14244197599537,27.341314755151224,56.846905343532214
2024-02-12 17:00:00,52.602090079799325,23.595628342780063,64.1871491822851
2024-02-12 18:00:00,50.24519490063486,21.05700521725235,61.64236564404098
2024-02-12 19:00:00,50.46138304702823,19.238904151808477,58.996891316372334
2024-02-12 20:00:00,50.695209110113616,18.170276959095926,61.36673876352592
2024-02-12 21:00:00,55.900033310828995,14.162510293303185,67.87930259992652
2024-02-12 22:00:00,57.61803522412363,14.118744665481803,70.22775957607634
2024-02-12 23:00:00,60.829379425982765,11.252680192015644,69.93863964406813
2024-02-13 00:00:00,59.317845587188685,14.098834683907919,69.1122577011041
2024-02-13 01:00:00,60.22789801430336,14.726350212386091,70.6998776278241
2024-02-13 02:00:00,66.67135912617395,13.780029778167666,65.01498297883637
2024-02-13 03:00:00,69.01038628995778,18.05767928603571,66.7372763900669
2024-02-13 04:00:00,65.64787318686986,15.41135150549663,58.24933419335687
2024-02-13 05:00:00,71.31413201998835,16.862294841416176,57.73763041765499
2024-02-13 06:00:00,67.55659464667347,21.336677727839827,53.153025106747855
2024-02-13 07:00:00,65.95459175235972,24.51179029218707,54.81288674832552
2024-02-13 08:00:00,63.58993362333414,27.2758915371868,53.520385926155164
2024-02-13 09:00:00,60.80776827146019,25.61497446459574,52.491025096506526
2024-02-13 10:00:00,62.90933135139299,29.113211778530083,51.46137594561617
2024-02-13 11:00:00,57.61386518558876,28.186680992917,48.68111667297068
2024-02-13 12:00:00,55.662691079754815,28.241059050088772,50.83106545236531
2024-02-13 13:00:00,56.67580924104024,29.56993360339805,48.46215469442565
2024-02-13 14:00:00,49.758517611921185,28.47367484600344,57.04411140715172
2024-02-13 15:00:00,49.996150070127044,23.938712623422717,54.74093481775508
2024-02-13 16:00:00,50.99001529078096,26.96481052458877,56.44841329646777
2024-02-13 17:00:00,51.748173892054716,25.01127986949035,63.97235082110995
2024-02-13 18:00:00,53.013393384174265,20.061655947735918,59.22375507204944
2024-02-13 19:00:00,51.95213299107183,19.652562461887353,61.68603221491999
2024-02-13 20:00:00,58.974427229828535,17.99104527942418,63.623410218507495
2024-02-13 21:00:00,55.45402213543852,16.08770978983677,67.62455017981127
2024-02-13 22:00:00,57.87373767567969,13.679351740848558,69.77241151069565
2024-02-13 23:00:00,58.967442441123985,12.748121250924882,70.84918867029458
2024-02-14 00:00:00,62.87096007201204,13.461668893512831,75.1233207303391
2024-02-14 01:00:00,64.67364563897125,15.514649831720984,62.17064749855811
2024-02-14 02:00:00,68.08829221251044,15.320209703508297,67.88580000349002
2024-02-14 03:00:00,64.13381831508757,15.140777642971692,63.10717356856942
2024-02-14 04:00:00,66.82332389203157,18.40754806597252,60.86333353370117
2024-02-14 05:00:00,69.85521810682404,14.786043230785637,58.45056967936515
2024-02-14 06:00:00,67.98295973354409,22.723148550558285,55.398704417057644
2024-02-14 07:00:00,67.37963319988472,20.331572170101534,59.7113120865088
2024-02-14 08:00:00,66.3094543923175,24.20633858789516,55.741782286855916
2024-02-14 09:00:00,61.980986341807814,24.62379601695982,52.26376131233351
2024-02-14 10:00:00,64.85096979382902,25.553168314801916,54.68420694461588
2024-02-14 11:00:00,60.10484318939401,29.9856838782358,47.21867758675281
2024-02-14 12:00:00,53.93398435581227,27.798448198032162,47.979904735071116
2024-02-14 13:00:00,51.992209310194454,28.76419951976405,46.76085203545321
2024-02-14 14:00:00,50.667266477322954,27.424809660064618,51.88750261901273
2024-02-14 15:00:00,52.68789035436634,27.018862099733887,55.90424631676181
2024-02-14 16:00:00,48.10506937678792,24.86523283659045,57.92777503890814
2024-02-14 17:00:00,50.31955513907114,21.01665450198606,60.373354777649766
2024-02-14 18:00:00,51.02927750158418,22.49440022917066,58.801729328257125
2024-02-14 19:00:00,51.71492427257158,18.31822228698943,66.50788685653524
2024-02-14 20:00:00,54.03710789312338,14.915127152010218,66.96302982627627
2024-02-14 21:00:00,52.64772842059727,15.054526399652152,69.62686433772487
2024-02-14 22:00:00,56.758114332306555,16.755949157568235,63.961426992626464
2024-02-14 23:00:00,56.93475151405258,15.03088891600224,69.77872714699447
2024-02-15 00:00:00,59.841983601407236,12.977021798388211,65.72391933680778
2024-02-15 01:00:00,62.904816397906124,13.231669746354365,66.80092050268172
2024-02-15 02:00:00,64.27158376166636,14.022356894790493,67.69987327727009
2024-02-15 03:00:00,64.1618677925447,18.811821116441998,64.72773401563995
2024-02-15 04:00:00,63.81420587964656,17.822903178347197,60.2005214564745
2024-02-15 05:00:00,64.85786109319108,19.70391963251761,60.01568289046108
2024-02-15 06:00:00,64.50656091512622,22.545425181047733,53.84179030596816
2024-02-15 07:00:00,61.37089875202942,23.29932657680871,58.37566848974564
2024-02-15 08:00:00,61.71172437653902,24.36143678126903,53.12282892058067
2024-02-15 09:00:00,61.647739681372485,26.008776085271453,55.00214622657849
2024-02-15 10:00:00,55.89761821815157,27.387788639262094,49.99033834565832
2024-02-15 11:00:00,58.470326949552245,28.188610342403216,49.69106002898354
2024-02-15 12:00:00,56.09143214671246,29.59144431545547,49.396200596803766
2024-02-15 13:00:00,49.469826109805105,28.32236252587896,54.39620619517277
2024-02-15 14:00:00,52.41644481196994,28.594150644206632,51.86246107599999
2024-02-15 15:00:00,48.5686580589278,26.182225988736146,57.11148858103769
2024-02-15 16:00:00,48.64387605648429,24.86795278547434,56.71449759990388
2024-02-15 17:00:00,47.185329540662515,19.94384181147091,55.060091750270814
2024-02-15 18:00:00,49.239588074054176,22.374491512053833,60.90358623645647
2024-02-15 19:00:00,49.170521077568694,19.57858987557813,61.552229464092896
2024-02-15 20:00:00,47.885118791944286,18.747015164789463,66.44871783988448
2024-02-15 21:00:00,50.32302699781073,11.352316073810602,64.81820929487381
2024-02-15 22:00:00,49.820651025657725,17.637371528787725,71.0082701883881
2024-02-15 23:00:00,55.963396503414494,13.546171860599284,68.77231034911743
2024-02-16 00:00:00,58.20938007610329,15.162274225106275,68.24934244970478
2024-02-16 01:00:00,61.21394619294944,12.19569741214367,69.43395897852892
2024-02-16 02:00:00,60.55801253689967,15.423970329210555,68.77372836586855
2024-02-16 03:00:00,60.17859550341346,14.11657579634044,64.4497531205762
2024-02-16 04:00:00,61.476484927350086,16.314346558956014,60.40137065704926
2024-02-16 05:00:00,64.02761386280625,21.92990419253144,55.565075959719906
2024-02-16 06:00:00,61.2863903826894,20.71397639885479,55.95550420148951
2024-02-16 07:00:00,61.358242599920395,23.267292148038365,53.95696938338016
2024-02-16 08:00:00,57.24405336412841,26.05510159603308,53.90368260180181
2024-02-16 09:00:00,58.30118118097207,27.046823690858012,51.34290416309494
2024-02-16 10:00:00,54.86444503680615,27.720818886098687,53.02649999352705
2024-02-16 11:00:00,55.38272599221085,28.791885200867274,49.467541821823275
2024-02-16 12:00:00,51.843473910289035,32.10512337785741,51.16406464626598
2024-02-16 13:00:00,48.463986175090575,28.158015501617676,55.16573997393221
2024-02-16 14:00:00,47.26825138784163,27.79683909845579,54.490602004208455
2024-02-16 15:00:00,44.71467479360141,27.87928245291055,55.34990614577862
2024-02-16 16:00:00,42.09580894600858,26.408288899436954,56.16576748923948
2024-02-16 17:00:00,42.94607800568685,24.721688296609386,58.41692150821223
2024-02-16 18:00:00,45.59291883820797,21.95809533304405,60.202838273542575
2024-02-16 19:00:00,47.508100690440806,17.344349792635573,63.14748283554261
2024-02-16 20:00:00,47.50344949446544,19.700147298451768,68.25312562753965
2024-02-16 21:00:00,49.384452689862016,13.977181051572918,67.23950795582927
2024-02-16 22:00:00,53.10311983189478,14.958762669475266,65.31889976314855
2024-02-16 23:00:00,54.32005231013763,12.624142527802938,73.42042323264945
2024-02-17 00:00:00,57.22786033984742,13.40379248011051,69.4932454144646
2024-02-17 01:00:00,53.824226969617214,14.248699918287144,64.27687013277713
2024-02-17 02:00:00,51.28094185806224,14.986845294792028,65.25933871257698
2024-02-17 03:00:00,60.937015892108576,16.329580272453736,64.7772159570711
2024-02-17 04:00:00,57.93824248165204,19.670566903587925,66.59085163916612
2024-02-17 05:00:00,60.67147226892411,19.739158614002076,57.22971885435325
2024-02-17 06:00:00,60.659888224396305,20.633765047063676,60.11073039246702
2024-02-17 07:00:00,63.06615454635943,24.387273590701575,58.99871606743109
2024-02-17 08:00:00,58.95562560101195,26.534205733386766,52.06440320663478
2024-02-17 09:00:00,57.784849976268816,24.461889136193506,51.51198731878952
2024-02-17 10:00:00,56.25130776244347,28.39129063315803,48.715894444963965
2024-02-17 11:00:00,53.246195448569146,29.296202810634348,50.49134714729924
2024-02-17 12:00:00,49.93813462417501,28.053654744960014,51.21519262754096
2024-02-17 13:00:00,50.46216282893652,30.308003917135526,53.854896361146075
2024-02-17 14:00:00,45.1864398049222,27.27010714783442,56.36149764687202
2024-02-17 15:00:00,46.521870110467766,26.491665539106563,53.62975983844574
2024-02-17 16:00:00,42.07490502407205,24.490392263574314,52.75231593351224
2024-02-17 17:00:00,45.6197944170655,22.964511409641176,59.94688805180939
2024-02-17 18:00:00,46.55018454392558,19.355587369657204,63.06321523084436
2024-02-17 19:00:00,50.64361801261618,16.8987808378396,65.12354421921229
2024-02-17 20:00:00,44.280431838636204,19.64175759483772,65.54727791190646
2024-02-17 21:00:00,49.139790152447254,14.42625711862327,68.10610888321969
2024-02-17 22:00:00,54.33266450063516,13.017720947432338,72.4819444574822
2024-02-17 23:00:00,55.93857477683187,10.525471132426443,69.95433542240627
2024-02-18 00:00:00,57.108559416771094,12.541557378465747,67.7599113740939
2024-02-18 01:00:00,57.14870857689815,11.770921612720743,66.54373409131992
2024-02-18 02:00:00,58.41465523992706,16.967832211821303,65.93933013648484
2024-02-18 03:00:00,63.90245608998279,17.211424775114647,68.59184990457683
2024-02-18 04:00:00,62.621159387149355,16.217774482233224,61.87111963210737
2024-02-18 05:00:00,62.53814272653365,22.437510869747413,59.95051413869834
2024-02-18 06:00:00,61.75030976474187,22.4726482304873,56.46484466673658
2024-02-18 07:00:00,59.54414703634436,22.453895763005946,58.247458393604866
2024-02-18 08:00:00,63.51073588475884,21.000891427689677,58.535632106182675
2024-02-18 09:00:00,58.78470182925002,29.739714717785294,53.33230398951868
2024-02-18 10:00:00,61.96992075397078,25.410831828237768,51.51359982286201
2024-02-18 11:00:00,53.39317049522524,25.776345576732623,51.091957082935586
2024-02-18 12:00:00,53.640368203617314,30.03385564801446,45.345900591434
2024-02-18 13:00:00,47.3370298024499,31.90407230667694,54.0686485266521
2024-02-18 14:00:00,49.11852436880759,29.571599756149066,53.971455009310375
2024-02-18 15:00:00,50.03495889720962,27.149164538977903,56.57085512665195
2024-02-18 16:00:00,43.182685259037505,25.64213151249782,55.89197310886778
2024-02-18 17:00:00,46.802850144070135,24.221266176439592,59.03885780255707
2024-02-18 18:00:00,46.64109770859041,22.138392884680318,61.30180906466463
2024-02-18 19:00:00,47.80011063768422,19.48064429768526,67.05405746018255
2024-02-18 20:00:00,51.405662750925295,17.406301655927848,65.41706143917122
2024-02-18 21:00:00,55.165898823167495,15.602809449251591,73.00087943933424
2024-02-18 22:00:00,54.91173014146748,13.373862588316866,69.77048848413926
2024-02-18 23:00:00,57.46641874932403,13.334543687531788,65.81079335001067
2024-02-19 00:00:00,60.28225770325433,10.960564778706921,68.37196670347177
2024-02-19 01:00:00,61.411027473394235,13.608046862639826,66.16504082866895
2024-02-19 02:00:00,61.192631907885314,13.021922810890295,60.878004856128875
2024-02-19 03:00:00,67.47498474053629,14.041315165277226,68.49867735028441
2024-02-19 04:00:00,66.05904774279897,17.51984122673026,64.08722776147306
2024-02-19 05:00:00,66.03739016457597,21.14686059124769,61.333018294748065
2024-02-19 06:00:00,63.532317923516246,22.37747490900365,58.08413774482679
2024-02-19 07:00:00,64.28517053491287,20.58539193283396,52.04495607826903
2024-02-19 08:00:00,63.4505715686734,23.26555779514439,52.42699612043253
2024-02-19 09:00:00,58.440044605136045,27.71445764088139,54.31022330290008
2024-02-19 10:00:00,56.79454716667292,26.02145943807583,48.67861748894211
2024-02-19 11:00:00,56.436109107922434,27.907493972172492,44.670576709372966
2024-02-19 12:00:00,56.64155786540313,29.32507814853683,50.738902543946
2024-02-19 13:00:00,53.10544236815517,26.791927014872616,51.85137748087111
2024-02-19 14:00:00,50.42822591980798,27.65325378760231,53.974947510357765
2024-02-19 15:00:00,50.40131800964924,24.30226261652187,57.321296608786305
2024-02-19 16:00:00,50.18653869334885,23.847948534073208,59.26464312465537
2024-02-19 17:00:00,49.88976393215484,23.42081573948268,60.646924513109916
2024-02-19 18:00:00,56.34422457280894,18.6105093997024,65.31819987613915
2024-02-19 19:00:00,53.95848996830571,19.71956926867195,60.702575547966504
2024-02-19 20:00:00,55.845468230378806,17.220543301610153,67.62541556687228
2024-02-19 21:00:00,57.78408739996379,16.525434072726714,69.36057454240226
2024-02-19 22:00:00,55.484370560446386,14.84068067271374,65.594426721401
2024-02-19 23:00:00,56.77126586874712,15.801766947792757,65.24282347829403
2024-02-20 00:00:00,59.8314991704785,13.687836753971862,66.82847712041257
2024-02-20 01:00:00,66.99547017054707,13.11144799114414,66.14037502777187
2024-02-20 02:00:00,64.90511601348668,14.688255726165014,68.24750968943516
2024-02-20 03:00:00,64.45459830264775,16.511646184655348,62.96365304077238
2024-02-20 04:00:00,67.07220351905555,17.323290105488457,60.188500110219735
2024-02-20 05:00:00,67.73461669147224,19.11974469853687,58.470915658263586
2024-02-20 06:00:00,68.9524145653996,19.94701246828988,60.46720942946324
2024-02-20 07:00:00,67.89680535973486,21.94679146194215,55.53260843594223
2024-02-20 08:00:00,64.68039000723566,22.646092092300584,53.18791140592898
2024-02-20 09:00:00,64.66455009892812,28.92766597367936,51.93075761918752
2024-02-20 10:00:00,61.456727883629135,25.629395675296283,54.536818399214724
2024-02-20 11:00:00,59.82166956146379,27.205085900474128,49.127070683491894
2024-02-20 12:00:00,59.68529879971965,27.422389101646203,54.59543829074866
2024-02-20 13:00:00,54.289075619746136,29.586830262584662,52.73201211324362
2024-02-20 14:00:00,53.265180087280044,27.052766010945412,53.234990514382844
2024-02-20 15:00:00,54.06311123574754,28.17491396790959,61.752251244835506
2024-02-20 16:00:00,50.814986262310114,23.739764063634368,55.03152986958067
2024-02-20 17:00:00,51.28365354644355,23.35963408160473,59.11578560108241
2024-02-20 18:00:00,53.9167447838555,19.74697942011043,59.248293308012684
2024-02-20 19:00:00,56.860945846686285,22.27658085339118,66.8811549263405
2024-02-20 20:00:00,56.850957073616925,15.468602371455678,70.58693336480786
2024-02-20 21:00:00,57.72366933268897,16.161430206441647,71.9690355875714
2024-02-20 22:00:00,59.670638333062286,15.455474793014975,71.75320431946658
2024-02-20 23:00:00,58.51399580316494,14.37625494900928,68.50594883051009
2024-02-21 00:00:00,63.226273486368534,13.222068511683437,67.78022999287701
2024-02-21 01:00:00,64.67554391539534,13.560825253231837,63.61630420282477
2024-02-21 02:00:00,67.38460867414476,14.570526679585384,71.45364486863333
2024-02-21 03:00:00,68.05174935146772,15.47619613865822,65.67244519537145
2024-02-21 04:00:00,68.67780543349816,18.695818675192125,61.09947914374923
2024-02-21 05:00:00,67.12954756122933,22.374641664117917,63.320142222467595
2024-02-21 06:00:00,68.30669128721425,20.163762322488104,55.238717302177406
2024-02-21 07:00:00,65.2677783664505,20.886438368900208,56.5165550855567
2024-02-21 08:00:00,65.01477935450248,24.617576927473102,53.20446613359395
2024-02-21 09:00:00,65.57577709162014,30.172864865380618,53.80246421564074
2024-02-21 10:00:00,62.66172904573443,26.28967867642875,51.14773371543316
2024-02-21 11:00:00,58.55656323535478,30.70311890533405,47.37268027222194
2024-02-21 12:00:00,60.3628028239886,31.01655122111466,51.49560849507344
2024-02-21 13:00:00,52.87413812592867,27.414061334606053,54.82793172062842
2024-02-21 14:00:00,51.0392940970412,28.34866514716123,53.56299795468612
2024-02-21 15:00:00,55.022480875206,28.74589579359191,57.43778780397235
2024-02-21 16:00:00,51.48639711922984,24.181308388519078,55.05680487989234
2024-02-21 17:00:00,50.693134413950375,22.63577229811523,59.9343480168251
2024-02-21 18:00:00,49.154516403582704,20.127478629077263,60.76809526820106
2024-02-21 19:00:00,53.62644699860402,17.536722065691954,66.36745210026167
2024-02-21 20:00:00,54.87316777774641,16.276083682401076,66.44268993633388
2024-02-21 21:00:00,53.59121909041843,13.860788740957533,69.5194128249015
2024-02-21 22:00:00,56.94841754527741,14.555934674005535,71.41260850199617
2024-02-21 23:00:00,58.89014148821131,12.600596456244112,70.72904643780348
2024-02-22 00:00:00,61.61316372291335,13.850678867686122,69.37612852233579
2024-02-22 01:00:00,61.29452926749981,11.421712833526493,65.29869798778152
2024-02-22 02:00:00,66.90012193242639,15.001129819938326,66.35699575401173
2024-02-22 03:00:00,67.06168430589462,16.946992583514227,63.16727399496043
2024-02-22 04:00:00,66.32232476883615,14.259396536142805,61.46921151416206
2024-02-22 05:00:00,65.67203531143018,19.619942016502506,59.063664623124744
2024-02-22 06:00:00,64.88739872430925,22.84150348870963,55.22081465712149
2024-02-22 07:00:00,63.45634203886304,21.12668131023227,50.60665352716521
2024-02-22 08:00:00,61.552795990375486,27.258858580256398,51.965681348501754
2024-02-22 09:00:00,60.62973795586692,26.931829372948094,52.68921999575048
2024-02-22 10:00:00,62.51355494792954,26.43767274474565,47.93622494982965
2024-02-22 11:00:00,58.797597214416356,28.16079008068146,51.03920559117906
2024-02-22 12:00:00,56.497679042622856,29.337490368782582,56.05733862417571
2024-02-22 13:00:00,53.380233823324616,28.358451784286704,54.763412754070515
2024-02-22 14:00:00,48.514104426916575,28.303324517052953,57.74489274212227
2024-02-22 15:00:00,49.76593752820957,24.922290469280167,56.477819692331714
2024-02-22 16:00:00,50.57546436881671,25.004041236054196,60.589403151543394
2024-02-22 17:00:00,46.24511800855902,20.82057109291146,58.190088173830574
2024-02-22 18:00:00,49.76092412758428,20.833160907976914,60.71852073836784
2024-02-22 19:00:00,54.00571386071741,17.702995699533815,57.65214948465605
2024-02-22 20:00:00,53.18117576294273,16.146705086115578,69.32932471578451
2024-02-22 21:00:00,54.759244340872144,17.550838903916688,71.64503858360958
2024-02-22 22:00:00,54.08380647906117,16.141774652508182,67.31038932323342
2024-02-22 23:00:00,57.860551712716976,14.66926348419277,68.36512073400691
2024-02-23 00:00:00,57.15290570316163,11.861530852991132,66.80867715237432
2024-02-23 01:00:00,61.83771869626351,13.280943628289691,68.7508625127536
2024-02-23 02:00:00,62.54274320177413,16.324456021585547,69.17629239393723
2024-02-23 03:00:00,63.02712096979205,15.909274511560584,60.14307006529758
2024-02-23 04:00:00,65.05612784632388,20.728994309972393,63.35296773252844
2024-02-23 05:00:00,62.14320881581526,19.64883392082255,59.308320570702186
2024-02-23 06:00:00,62.49271576032101,21.288073674735006,57.95411457399402
2024-02-23 07:00:00,62.29000792401478,22.477468141965172,56.64748500418608
2024-02-23 08:00:00,58.28056616950944,24.950311357173128,53.165532872388894
2024-02-23 09:00:00,59.056297705349536,26.074596104328396,51.94680423242573
2024-02-23 10:00:00,52.66699761275685,28.55735354341607,50.77197964451184
2024-02-23 11:00:00,56.00459071563047,29.67949717235985,53.425790504470704
2024-02-23 12:00:00,52.46065849109318,27.321015809238077,52.35356746371712
2024-02-23 13:00:00,49.50010471799044,26.24759426683135,52.75723021028348
2024-02-23 14:00:00,47.17890295738933,24.740882468728323,50.458659666590094
2024-02-23 15:00:00,46.20784992827348,27.065287849268145,54.55355064196729
2024-02-23 16:00:00,48.09850632736326,23.09495009073904,59.91730149492503
2024-02-23 17:00:00,47.915073595861685,19.711806948840362,60.09424143280966
2024-02-23 18:00:00,44.751240057876345,21.582867906796572,63.97820007989546
2024-02-23 19:00:00,44.59882032132172,22.79835643788034,68.91627950081909
2024-02-23 20:00:00,49.91610965514086,17.240893632690156,68.96047620370102
2024-02-23 21:00:00,48.420973624335815,16.954435302778307,68.02712447830913
2024-02-23 22:00:00,52.22639272082051,14.627553509438204,67.41585951111222
2024-02-23 23:00:00,54.29700072225669,13.607221823045334,62.61612600986025
2024-02-24 00:00:00,56.643482954482984,14.878614724481652,68.27237013041952
2024-02-24 01:00:00,60.15542997835943,13.320144486548985,66.97919739451785
2024-02-24 02:00:00,57.39850863634783,14.905897942724547,67.33987651666735
2024-02-24 03:00:00,57.22811587286262,16.179245850394935,64.11523693256318
2024-02-24 04:00:00,61.0301138060811,16.247864319535505,61.528408757331015
2024-02-24 05:00:00,65.06134830081419,20.54692068603562,55.551502673732195
2024-02-24 06:00:00,65.71186674904699,20.737560364956682,55.32070902120231
2024-02-24 07:00:00,64.83268276705678,21.8075250990295,56.691627602001475
2024-02-24 08:00:00,59.00898347267816,25.55476476535554,57.92580804715282
2024-02-24 09:00:00,54.445161558085715,24.95559888621254,51.961957906576224
2024-02-24 10:00:00,50.972834233232746,27.537462264436794,52.126195247333655
2024-02-24 11:00:00,52.395938894407806,28.230765202201734,53.38119539238201
2024-02-24 12:00:00,50.451500545560364,30.128843348747367,49.2794327228977
2024-02-24 13:00:00,51.934280879971276,28.956491046487987,53.122806474153585
2024-02-24 14:00:00,49.5322047587337,27.45765009026563,51.784813703490634
2024-02-24 15:00:00,46.91308122106714,27.529950307699572,57.66206109622754
2024-02-24 16:00:00,43.67061874769827,26.83531132352596,58.04913621395624
2024-02-24 17:00:00,43.77457253101726,23.777858297797035,60.746129534953766
2024-02-24 18:00:00,46.74515998176902,21.015528929764933,60.372874912375956
2024-02-24 19:00:00,49.36016172735433,17.09110281320607,66.2675808990268
2024-02-24 20:00:00,50.28460528614946,15.652329505387076,71.57574333375639
2024-02-24 21:00:00,48.575256220090694,15.238862084568959,65.27444939548916
2024-02-24 22:00:00,54.26834476620641,13.590541168378012,67.84393491748281
2024-02-24 23:00:00,55.94710046093126,13.47509934835381,69.57901868542022
2024-02-25 00:00:00,55.13143142885391,13.58497488734566,70.65934796659124
2024-02-25 01:00:00,57.37875081362929,14.550095434367016,66.39536292083639
2024-02-25 02:00:00,62.03164249771716,14.399061304527974,59.281385305321834
2024-02-25 03:00:00,61.800457681902735,16.426451606840402,67.89797373541013
2024-02-25 04:00:00,66.37634583237404,17.34671162221512,64.23063670488305
2024-02-25 05:00:00,65.02200673424136,16.095657312200284,55.642631173783776
2024-02-25 06:00:00,62.47062951325132,19.590996909271503,56.15170661462877
2024-02-25 07:00:00,62.544644342402165,22.725011504686186,59.42045607381812
2024-02-25 08:00:00,61.8361981050947,22.9354578857385,57.25553001546589
2024-02-25 09:00:00,57.76468561924719,27.20319395389329,54.55237142263748
2024-02-25 10:00:00,54.94657423003817,29.79131677689878,50.86638647849874
2024-02-25 11:00:00,56.30194116391559,30.072586474713976,51.207468547031276
2024-02-25 12:00:00,55.158567165492585,28.179835693604687,50.9793530505831
2024-02-25 13:00:00,52.28615782168821,30.48053290244292,55.026370824112234
2024-02-25 14:00:00,52.89917057104747,27.718191714186382,51.44643295308312
2024-02-25 15:00:00,47.89454947215878,25.797671902222202,53.48550086278933
2024-02-25 16:00:00,52.070140063173966,23.82989600468872,60.19631506116676
2024-02-25 17:00:00,46.61085658639097,22.487438308537207,59.889096361221064
2024-02-25 18:00:00,47.11961685793109,20.41773477218818,65.77553979455726
2024-02-25 19:00:00,46.190991155763776,19.314481495294288,62.82121948254831
2024-02-25 20:00:00,50.43246789490462,17.490860971575074,66.22701512983164
2024-02-25 21:00:00,52.18588013111201,15.701268171331197,65.48819617195021
2024-02-25 22:00:00,56.349045506618495,15.160216726236117,68.7117391401605
2024-02-25 23:00:00,57.57191477512532,15.541525715011533,65.303632657503
2024-02-26 00:00:00,57.18495296528697,14.924331203161985,67.4742488842142
2024-02-26 01:00:00,61.77825014447817,11.528209350157132,64.20359397173986
2024-02-26 02:00:00,64.31886996566617,10.673927769263596,68.09876911365697
2024-02-26 03:00:00,61.411848967171444,17.098179007959896,66.29147334939937
2024-02-26 04:00:00,64.52423249018537,15.19968195237667,58.00371457971202
2024-02-26 05:00:00,65.15712715585235,18.72170905889191,63.33471436375155
2024-02-26 06:00:00,69.85322909994034,19.24483046091086,63.91416641012749
2024-02-26 07:00:00,66.53423728749655,20.238172181898427,55.61501596684082
2024-02-26 08:00:00,65.13643216870064,25.5621940923072,52.03325331875938
2024-02-26 09:00:00,59.5071204563908,27.44203359935314,59.26659784344783
2024-02-26 10:00:00,63.02706588755068,26.630424927293078,48.00924631764217
2024-02-26 11:00:00,62.224685407839736,24.357880258950594,51.050266167172744
2024-02-26 12:00:00,52.78311198313734,27.680633327621276,51.75572324497817
2024-02-26 13:00:00,53.2876844936814,28.83214970527185,55.56864041707108
2024-02-26 14:00:00,54.82278997732577,25.276823175222106,54.53538640713772
2024-02-26 15:00:00,53.20077028161533,26.578340738568105,54.25341526052854
2024-02-26 16:00:00,49.967491032030644,24.727035226240776,55.29266766810763
2024-02-26 17:00:00,50.4744149610089,23.810080087670364,59.14544544938444
2024-02-26 18:00:00,50.49583107985925,21.179370552621414,59.81205300355969
2024-02-26 19:00:00,53.53162253791167,17.599253750408877,64.61956329946165
2024-02-26 20:00:00,56.21787191319851,19.044857252496787,64.95347058102735
2024-02-26 21:00:00,54.610398539082865,15.458904781560733,64.05913415083562
2024-02-26 22:00:00,60.57300364685969,14.463852662351774,71.83119690753891
2024-02-26 23:00:00,59.41521223808396,12.355654364222158,67.75581869142741
2024-02-27 00:00:00,61.19548383035264,12.835076623212734,65.52299042416338
2024-02-27 01:00:00,66.88857424168059,12.428352231791596,67.37358079784141
2024-02-27 02:00:00,68.55374365651622,14.245390381731314,66.5348899455981
2024-02-27 03:00:00,68.69990715845123,18.264261861314388,60.133833186052385
2024-02-27 04:00:00,66.71982033580281,15.192148285602993,63.158490573737474
2024-02-27 05:00:00,68.5922296171718,16.638515064915666,57.38210607827466
2024-02-27 06:00:00,69.89488671497057,23.206755491240152,61.94820061705402
2024-02-27 07:00:00,68.02334920068334,22.627157322541322,56.80990128019198
2024-02-27 08:00:00,64.52570065807495,23.74639089201001,52.636288994047845
2024-02-27 09:00:00,65.10054017163189,27.863157889993172,50.34285194014668
2024-02-27 10:00:00,61.53480789573562,26.58676721877799,51.044248294489435
2024-02-27 11:00:00,63.50757297741748,30.98345826748832,52.53197685395823
2024-02-27 12:00:00,61.31934836360709,29.516888807008904,51.24293224193531
2024-02-27 13:00:00,57.98024742182679,27.512576584949517,51.6628743480978
2024-02-27 14:00:00,56.79529673862712,30.731152848281635,53.78196469636572
2024-02-27 15:00:00,54.071714846145504,25.394728474394178,53.990352671907125
2024-02-27 16:00:00,54.22783568121316,25.863143058014373,56.81261377696974
2024-02-27 17:00:00,55.45563951370187,23.390081708878625,54.78551890273759
2024-02-27 18:00:00,53.34645037119381,22.952611934098115,64.76368698305328
2024-02-27 19:00:00,53.07780652804834,21.401123956821646,65.24699445080418
2024-02-27 20:00:00,52.08284047192659,17.29800622359884,64.43032142059559
2024-02-27 21:00:00,57.759284484100434,14.566572335581425,72.54106608744799
2024-02-27 22:00:00,60.85876299070446,15.194767686025427,68.91087363758257
2024-02-27 23:00:00,63.577263894637554,12.738983248203835,66.40964107006201
2024-02-28 00:00:00,63.90511397962546,16.520080871289935,70.83517599027785
2024-02-28 01:00:00,64.47126141782644,13.960359299456012,68.789349175333
2024-02-28 02:00:00,63.42647063157429,13.956827144648631,67.35041099438965
2024-02-28 03:00:00,67.2491547710091,15.973719599898121,63.43561098837115
2024-02-28 04:00:00,69.07014518579314,15.229310565705346,63.455610715367854
2024-02-28 05:00:00,68.93639467608949,17.601436103965057,59.34560427444777
2024-02-28 06:00:00,69.55135402143738,22.80062086191621,59.06048222319184
2024-02-28 07:00:00,71.77842085530969,21.955801419811873,50.73763886497327
2024-02-28 08:00:00,66.94362092552348,23.179633525977202,52.551355311873294
2024-02-28 09:00:00,64.02616492744852,27.108279987689873,56.51115911046064
2024-02-28 10:00:00,61.254192937436734,29.2737467603777,49.3889989248978
2024-02-28 11:00:00,60.01152971094612,29.322873663165474,49.490404256267034
2024-02-28 12:00:00,55.80682085076662,29.994071528708723,50.186764217273456
2024-02-28 13:00:00,56.31059329098407,27.109251064313813,49.16875602621825
2024-02-28 14:00:00,55.39558020759008,25.362474528270695,48.115337028750204
2024-02-28 15:00:00,52.616083937680884,28.555301336832528,54.923534003691195
2024-02-28 16:00:00,53.105524609960234,24.265980241736607,58.01027715428128
2024-02-28 17:00:00,52.73436128648646,22.564893313586474,59.86873732865327
2024-02-28 18:00:00,47.93893815248871,22.99229121277367,61.96717500105295
2024-02-28 19:00:00,53.92898785560868,19.8932021758321,64.60760217712557
2024-02-28 20:00:00,52.77396765282569,17.933831658122738,68.92106470955594
2024-02-28 21:00:00,52.72710860639859,18.94420265845244,67.31811316923675
2024-02-28 22:00:00,55.768933648690876,13.53953212604662,67.25812599388338
2024-02-28 23:00:00,60.26558175488226,15.147316494953893,68.29718628777978
2024-02-29 00:00:00,61.44058268680493,13.585519687345627,70.1416993359937
2024-02-29 01:00:00,60.37608714757376,14.158444721126749,71.32429583041807
2024-02-29 02:00:00,65.44314590865878,16.797512111235513,64.79360168275592
2024-02-29 03:00:00,63.23861465096655,16.458452775535378,64.74733446757251
2024-02-29 04:00:00,67.02216795508731,18.057444118574196,63.17526501076285
2024-02-29 05:00:00,66.88326578172163,20.66761816769558,57.51855498317762
2024-02-29 06:00:00,68.39734115425064,20.452570905685935,57.72167151210972
2024-02-29 07:00:00,69.15420564171585,21.6823283372603,51.8358153566448
2024-02-29 08:00:00,61.38598903207852,23.182786208968423,49.21341320997255
2024-02-29 09:00:00,62.76085960005792,23.353765974835124,53.12263738567089
2024-02-29 10:00:00,58.36797343044538,30.57950122329361,50.34698071007138
2024-02-29 11:00:00,58.90710924205779,26.58963114858553,51.50570101905305
2024-02-29 12:00:00,55.81936056981742,28.168119564621342,51.261930120877466
2024-02-29 13:00:00,52.50554188669997,27.829223747334666,49.76477124428052
2024-02-29 14:00:00,50.42502129491885,27.956300575096975,53.52290321440986
2024-02-29 15:00:00,47.355696840892804,27.526906677708357,52.41724673746292
2024-02-29 16:00:00,51.019876112263866,26.040710232539567,61.14805948908095
2024-02-29 17:00:00,49.924187364192605,22.066526680415382,56.6100741378498
2024-02-29 18:00:00,51.074899657958454,20.749317429320623,61.839908228501024
2024-02-29 19:00:00,49.125486925881916,19.48272708746372,61.89432102988221
2024-02-29 20:00:00,50.134433693098615,16.87696331072441,67.79001396408087
2024-02-29 21:00:00,50.05666050926218,18.107717505130918,66.9656502058562
2024-02-29 22:00:00,55.29341873233559,15.24127189907408,67.39666563754848
2024-02-29 23:00:00,54.602684863201425,14.857872981906805,71.13300386262888
2024-03-01 00:00:00,62.31866836397122,14.494321903001119,68.76690891579543
2024-03-01 01:00:00,57.69370420218593,15.515767089060027,69.08583974889996
2024-03-01 02:00:00,62.62347684118588,14.776341809672193,63.910646189385346
2024-03-01 03:00:00,66.89944293675845,13.751451219167059,60.987957640181264
2024-03-01 04:00:00,65.06276317139526,17.84953192762894,62.597391311023465
2024-03-01 05:00:00,64.67761748145996,18.08182182104298,59.20288411126305
2024-03-01 06:00:00,61.96867316966609,20.207074977375466,59.236715275211985
2024-03-01 07:00:00,59.56408085452854,23.820688866401706,55.30022886834382
2024-03-01 08:00:00,62.13705634178092,26.607424607150282,54.14872731740776
2024-03-01 09:00:00,62.02378244622266,26.335208224003107,48.14731504108724
2024-03-01 10:00:00,56.32964325002226,27.958440047281492,56.02775991243403
2024-03-01 11:00:00,51.84962355449558,30.79776611412087,50.58939503741992
2024-03-01 12:00:00,47.72666636434094,28.861129769232853,53.05063498924629
2024-03-01 13:00:00,47.46845168902848,32.146968368438685,50.11554219039084
2024-03-01 14:00:00,48.48098639202642,28.343454996830722,54.406063724864644
2024-03-01 15:00:00,51.384598057795415,23.6621567201652,52.24288809118802
2024-03-01 16:00:00,47.904611669567366,25.88001243165689,58.80079818972644
2024-03-01 17:00:00,46.988257044920545,23.512880415593113,59.11006478903545
2024-03-01 18:00:00,45.5767908663126,22.934629131124098,62.40234766576121
2024-03-01 19:00:00,46.427324640578725,20.06862918863636,66.2449350753254
2024-03-01 20:00:00,51.857315870390394,17.042316024024206,63.282610252628054
2024-03-01 21:00:00,51.70831064105457,13.860251786666995,66.08299930752787
2024-03-01 22:00:00,48.816569068879645,14.191274585687747,69.83664313931851
2024-03-01 23:00:00,54.271568461667215,12.479775621518058,74.24555368636686
2024-03-02 00:00:00,55.608546422735685,12.629214825292916,68.34812659994789
2024-03-02 01:00:00,57.7638864379426,14.638423909462915,69.27206892886971
2024-03-02 02:00:00,61.071033502703244,17.009666228143875,66.09653235603294
2024-03-02 03:00:00,61.73891464858801,16.288706435835188,69.35561398689094
2024-03-02 04:00:00,62.72659587411444,15.456175406947061,57.961317238509196
2024-03-02 05:00:00,65.22141497085002,19.7257611640616,60.23655261167347
2024-03-02 06:00:00,60.28483102154407,22.794947229968415,53.60676851017215
2024-03-02 07:00:00,65.13652057410962,22.026468481789838,49.23357107365858
2024-03-02 08:00:00,58.82864667250791,24.548974249990316,54.37969410211586
2024-03-02 09:00:00,58.50589041862858,26.325333150992694,52.554515856308576
2024-03-02 10:00:00,56.03341762190571,26.31784305876003,50.59457521904293
2024-03-02 11:00:00,54.13441169282937,29.216864347933758,50.73451477490062
2024-03-02 12:00:00,53.40435532735412,28.31857777708833,59.05241614857652
2024-03-02 13:00:00,50.81774654174142,28.873742363028565,51.56033352086123
2024-03-02 14:00:00,47.48092137885917,26.16395226168034,54.91134987244634
2024-03-02 15:00:00,45.22236238272552,25.647113408413922,53.87658795096546
2024-03-02 16:00:00,51.427117562577656,25.833572036741522,58.40871003167859
2024-03-02 17:00:00,45.723947534722726,22.38189311013145,59.40441581236079
2024-03-02 18:00:00,47.632862782122324,23.590445776850245,61.303075199097776
2024-03-02 19:00:00,45.178636400573225,18.459402883309675,69.0472463305008
2024-03-02 20:00:00,48.958461003785764,17.58702708862784,69.30692343863983
2024-03-02 21:00:00,50.685253138976705,17.09558538891049,68.13609525255784
2024-03-02 22:00:00,54.67880151536559,12.377260872217317,62.932802596741624
2024-03-02 23:00:00,50.909304911345146,11.114343084860888,68.09747694186858
2024-03-03 00:00:00,59.18119175701846,11.211515528144858,75.45090134761436
2024-03-03 01:00:00,57.05320605421579,15.649432457972733,67.21757446746071
2024-03-03 02:00:00,62.6695438882482,13.677022252778015,69.12200496081307
2024-03-03 03:00:00,60.00904546241795,19.533998069603282,68.10485600488187
2024-03-03 04:00:00,62.35545630744045,16.403628602013615,62.87678119556246
2024-03-03 05:00:00,63.349926193441604,19.33568411652679,57.895445920329884
2024-03-03 06:00:00,60.740557962440604,23.31316492885159,51.58234776462027
2024-03-03 07:00:00,61.272408460668665,25.95028217050744,57.210408021522476
2024-03-03 08:00:00,58.33795743589191,27.842255364954518,51.59914896226259
2024-03-03 09:00:00,55.87627039573347,28.1158502047885,52.646147495659264
2024-03-03 10:00:00,59.55826033179184,29.0312843171005,48.18211671442494
2024-03-03 11:00:00,53.19855452978662,29.133234120969814,50.3369061488245
2024-03-03 12:00:00,53.38668174591543,29.667541614249956,51.39096520065095
2024-03-03 13:00:00,54.00652424862658,27.417665122675263,52.87725531855097
2024-03-03 14:00:00,49.686857567822756,26.26789220324968,50.84898350093998
2024-03-03 15:00:00,48.109944134389536,26.29823917278273,58.492277371903384
2024-03-03 16:00:00,49.459026959694015,24.49472306621261,56.17839163224696
2024-03-03 17:00:00,51.180121480728424,22.261300764278346,55.81382634886653
2024-03-03 18:00:00,46.836904115848775,22.044581171185374,62.05681285601425
2024-03-03 19:00:00,49.84119582132645,20.491814974586678,64.58593827256597
2024-03-03 20:00:00,48.5883004866109,17.38261032943792,66.76543461360824
2024-03-03 21:00:00,52.74520766539371,17.912994262683863,71.19955964327262
2024-03-03 22:00:00,56.67012733464465,12.792275800416473,68.10221034476184
2024-03-03 23:00:00,56.79815793076092,13.465067113912514,68.70095093907807
2024-03-04 00:00:00,59.9518502811787,12.424766519095792,65.93537148351884
2024-03-04 01:00:00,60.86163823811377,10.955751377222438,69.84561239127981
2024-03-04 02:00:00,64.78632847086023,14.380788442852554,66.82473369087431
2024-03-04 03:00:00,68.04867314172145,15.514077878525864,63.44993068176512
2024-03-04 04:00:00,63.73229876380249,19.520174614862757,57.56768467225905
2024-03-04 05:00:00,65.77988431386214,20.005074688563244,63.61103048763767
2024-03-04 06:00:00,68.1361456621206,19.463719763506234,54.60142868293754
2024-03-04 07:00:00,67.63230608307019,25.72228168776988,54.021804976576
2024-03-04 08:00:00,61.337227576525706,26.581550543287808,54.53190024701088
2024-03-04 09:00:00,62.410575042775015,27.176447414102196,49.21437654439841
2024-03-04 10:00:00,61.70806985937947,27.155464380108477,47.572893117765545
2024-03-04 11:00:00,59.137088461060905,26.805284842082774,45.690131043248336
2024-03-04 12:00:00,52.49279379639073,27.94168983589342,53.10915994566237
2024-03-04 13:00:00,55.843489488976445,29.877566626724384,50.84280575412433
2024-03-04 14:00:00,56.45020381576657,30.322069987285136,60.954214200504204
2024-03-04 15:00:00,52.18420061508051,28.618166151307555,53.01411233592265
2024-03-04 16:00:00,50.13687167528419,24.01672586732073,55.36700103550489
2024-03-04 17:00:00,51.41675475244642,21.261716688335486,58.58651757428594
2024-03-04 18:00:00,56.049728620302346,21.211329370367267,62.93720804376895
2024-03-04 19:00:00,56.07201352178554,16.406198113386793,63.32449165303682
2024-03-04 20:00:00,56.2894637270178,17.734751571277094,67.89479156568497
2024-03-04 21:00:00,57.597149861420576,15.475295261653082,65.34775765908819
2024-03-04 22:00:00,57.775763662776704,13.80575471881445,65.23935314044276
2024-03-04 23:00:00,61.36464898991017,11.363501701931721,64.50446315147722
2024-03-05 00:00:00,62.885572523359585,14.270400159854574,63.134397016758626
2024-03-05 01:00:00,66.83092461426601,12.956505043339117,66.49905608537253
2024-03-05 02:00:00,70.7722674300699,12.74993421805109,65.61151024969614
2024-03-05 03:00:00,71.97040996201238,11.3883058211782,62.921407431291854
2024-03-05 04:00:00,66.73397398699481,17.2087276424242,65.4378858988908
2024-03-05 05:00:00,69.50647852569577,21.717234556735537,63.07007552402048
2024-03-05 06:00:00,70.05886991415748,23.49188882182169,56.83362112546612
2024-03-05 07:00:00,69.66431546004885,22.255498453389446,51.01519721702053
2024-03-05 08:00:00,66.03768669906661,23.84668190945697,52.219276199183376
2024-03-05 09:00:00,70.94216580312245,27.006462243011697,50.70621788114731
2024-03-05 10:00:00,61.17819573998645,25.997612369600922,49.66383015770331
2024-03-05 11:00:00,58.9005041633816,28.697131546897154,49.255702740254385
2024-03-05 12:00:00,59.25333465444203,29.649120417577034,49.673010324086206
2024-03-05 13:00:00,60.936251082495474,30.084843532994608,51.239417326195635
2024-03-05 14:00:00,53.93428886566803,27.344959413663375,52.04718622228221
2024-03-05 15:00:00,54.01514080200075,25.997790233633634,56.020806271563636
2024-03-05 16:00:00,56.29192761151983,23.433026119865442,58.57155038383916
2024-03-05 17:00:00,53.75636066475493,21.700822307209368,57.723387282044044
2024-03-05 18:00:00,53.53726516158512,20.660281662147483,65.50703472094011
2024-03-05 19:00:00,55.73313035434263,19.609905421955492,62.04984424539839
2024-03-05 20:00:00,56.2333134721068,18.620376939349935,62.31945949614058
2024-03-05 21:00:00,60.4895841468083,14.491930715080379,68.74617381247235
2024-03-05 22:00:00,61.920060423931254,16.74384232505618,66.6498121005658
2024-03-05 23:00:00,62.97091399699676,13.348870901268102,69.80322867689347
2024-03-06 00:00:00,64.59889545371156,13.467949058477346,62.684160933850336
2024-03-06 01:00:00,67.14955628224148,12.634738784110208,71.2753684877677
2024-03-06 02:00:00,69.92983491835129,10.868449081207242,68.04469455078033
2024-03-06 03:00:00,68.59385278668937,17.022767235642135,60.74880862709248
2024-03-06 04:00:00,69.23319137892216,18.355265845638662,58.63242859630688
2024-03-06 05:00:00,72.57933955422898,18.636865826053857,64.18066476024416
2024-03-06 06:00:00,72.33284623890084,21.100486075837026,55.82717883533267
2024-03-06 07:00:00,65.10521702606925,23.715051664824845,53.414537878168154
2024-03-06 08:00:00,67.37614914359196,22.406181214670426,47.970908733947944
2024-03-06 09:00:00,63.942719256491515,25.509721842879603,51.32882585193618
2024-03-06 10:00:00,62.054516690060865,28.68658754781602,50.737368526309126
2024-03-06 11:00:00,62.233470969094846,26.36300956241404,52.78873274192371
2024-03-06 12:00:00,59.65044117485984,28.940336898249942,47.808971492937246
2024-03-06 13:00:00,56.7316686249678,26.20957099023286,48.40505438533842
2024-03-06 14:00:00,50.87861921920269,28.194835502033676,54.763445556262155
2024-03-06 15:00:00,51.73881476448486,26.24983863545297,58.0168251780676
2024-03-06 16:00:00,54.98489344081774,22.32730227614179,53.74274771628212
2024-03-06 17:00:00,46.60522522229108,24.68825186995507,62.703785215749434
2024-03-06 18:00:00,55.41875837260676,19.89811263480286,62.42322600963989
2024-03-06 19:00:00,55.074725706129406,17.843478506209397,67.22951334768638
2024-03-06 20:00:00,57.39095057951425,17.550853795846614,66.18841012688473
2024-03-06 21:00:00,55.32904289029818,17.419655165244084,61.488533840339755
2024-03-06 22:00:00,54.73615836291284,12.98107674314938,68.3134139808115
2024-03-06 23:00:00,61.46266979675326,13.848076077603956,71.65035954667817
2024-03-07 00:00:00,64.7667447742939,14.14322475049586,66.45896738889243
2024-03-07 01:00:00,65.85817374771186,14.795214713726619,66.82431621179148
2024-03-07 02:00:00,64.45803987662742,14.769471804532413,65.9236272718013
2024-03-07 03:00:00,66.95598981518376,15.146157382476064,57.25121530032894
2024-03-07 04:00:00,67.08914871305207,16.008614669026795,66.50774034451646
2024-03-07 05:00:00,65.86540794364129,19.188072986300583,57.74656080025708
2024-03-07 06:00:00,69.56664715500378,19.391791482021574,58.93496717525974
2024-03-07 07:00:00,64.91464217918642,18.55911711302663,55.283247159629354
2024-03-07 08:00:00,62.75586751349358,25.4048397062366,56.78008661021968
2024-03-07 09:00:00,60.129147358762054,27.659203120528222,53.22091167201037
2024-03-07 10:00:00,58.48680640016466,23.95079187507044,50.71935688459598
2024-03-07 11:00:00,58.828203398678454,26.729847640103074,48.7662122687018
2024-03-07 12:00:00,58.13202602318458,29.428731391507796,53.30129431685374
2024-03-07 13:00:00,52.420341019538924,31.330686901735557,47.522168106053556
2024-03-07 14:00:00,49.174100617149115,27.526381089896365,55.25076502001056
2024-03-07 15:00:00,52.605615564510416,25.21129644705561,52.75238812111258
2024-03-07 16:00:00,53.50843573889018,24.475655338342936,60.80133774896922
2024-03-07 17:00:00,47.7526124683995,25.003457466990923,60.403248856656624
2024-03-07 18:00:00,49.26035719422714,20.031053731313293,63.939680825547924
2024-03-07 19:00:00,52.04447723123185,17.860069151755745,64.70497203456138
2024-03-07 20:00:00,55.171804348813886,16.525884716727294,61.98301829282616
2024-03-07 21:00:00,52.854943284453064,14.266706228713058,65.6424057255717
2024-03-07 22:00:00,52.88625395698234,14.688814945608822,70.37430578063001
2024-03-07 23:00:00,58.15757402642511,16.19257399053638,69.41663954339961
2024-03-08 00:00:00,61.178140124657524,13.984618909674044,71.64580719986581
2024-03-08 01:00:00,61.57792852091711,13.377026049642538,68.80241504165313
2024-03-08 02:00:00,61.832307876773086,14.067092568243178,63.94720630392223
2024-03-08 03:00:00,66.61445580660205,13.351912928055949,62.509839655698286
2024-03-08 04:00:00,65.3890821738583,18.574664665720846,62.586664882231055
2024-03-08 05:00:00,62.971121036208956,18.94210136621166,54.21488983499995
2024-03-08 06:00:00,64.66048838522066,20.729280129613883,61.854233308135406
2024-03-08 07:00:00,59.2665787756271,27.730804190035677,56.604366840943946
2024-03-08 08:00:00,63.16308461253678,25.198129362548485,56.70362546194324
2024-03-08 09:00:00,59.48905445281784,25.175614283756342,48.254261513917335
2024-03-08 10:00:00,57.2362176494999,26.8556541340748,54.41808046428662
2024-03-08 11:00:00,55.26604829031492,29.96711226096307,56.57874727756937
2024-03-08 12:00:00,53.196855221344585,28.66990561580665,48.00447167495504
2024-03-08 13:00:00,53.789561841474026,26.087026729692003,54.13427585319942
2024-03-08 14:00:00,50.375556543627624,28.87403393024614,53.63881383103928
2024-03-08 15:00:00,48.05643454002696,25.301084730590635,51.63891537937899
2024-03-08 16:00:00,48.29240101609085,27.559946664326652,58.90283852370711
2024-03-08 17:00:00,47.70672423809376,24.561214936840777,62.084008012093065
2024-03-08 18:00:00,46.846612637158586,20.32901715651213,60.82655502425035
2024-03-08 19:00:00,47.8194218654879,20.98038170433395,67.41479130063793
2024-03-08 20:00:00,49.2806461830474,17.351783265791216,62.197052513705515
2024-03-08 21:00:00,52.01570299111377,16.97585965378457,64.05733826793583
2024-03-08 22:00:00,52.62825681126751,15.231908697558422,69.03482592557351
2024-03-08 23:00:00,55.248976064374176,12.48602132034566,69.06346319493068
2024-03-09 00:00:00,61.88865279158157,12.534675251523806,66.90189871554142
2024-03-09 01:00:00,61.24981209602046,15.30049752920367,69.81821472398951
2024-03-09 02:00:00,60.01770960760456,14.002646473457027,67.69119681621889
2024-03-09 03:00:00,63.96746748167049,15.091226446237824,66.64534767733508
2024-03-09 04:00:00,63.89091807065555,15.817316130975936,62.021530317542485
2024-03-09 05:00:00,64.12188741473669,19.6942557601209,61.506450669946254
2024-03-09 06:00:00,62.40824732487328,24.09378737886438,56.55650283650215
2024-03-09 07:00:00,65.22171060005587,21.339843466887643,60.63454672521671
2024-03-09 08:00:00,61.32929218484271,24.786329185008956,51.604674544016234
2024-03-09 09:00:00,58.53407799165069,28.421631692022146,57.46901493958588
2024-03-09 10:00:00,59.095963670110585,27.375728441514674,51.39388743112204
2024-03-09 11:00:00,54.94976053585147,28.923001391542495,47.56122277607815
2024-03-09 12:00:00,53.60925804482441,26.90640970777968,54.72686593961993
2024-03-09 13:00:00,51.2944454779528,28.886904342979456,52.5205248369273
2024-03-09 14:00:00,49.22041683713418,27.214474130876592,55.763849215271506
2024-03-09 15:00:00,47.795059231559584,27.781895852419034,58.55963979635592
2024-03-09 16:00:00,45.729423204260776,26.531079077347602,58.515517479439815
2024-03-09 17:00:00,44.57312422493007,26.82548830129688,58.51939788796797
2024-03-09 18:00:00,45.56445499913173,21.869449759820355,64.7686548500954
2024-03-09 19:00:00,45.75000291900955,19.547551636604684,64.50188876863619
2024-03-09 20:00:00,48.38156200590735,17.541576452366257,68.07860557720014
2024-03-09 21:00:00,51.5168261777259,15.166949701884718,62.4099021995812
2024-03-09 22:00:00,54.2174289249348,15.012535236809327,69.8107867291262
2024-03-09 23:00:00,55.83345188302337,13.312454187623468,67.40353543713742
2024-03-10 00:00:00,53.966759547550794,13.752691464404421,72.82660652954806
2024-03-10 01:00:00,63.257474665776606,15.731952606243823,69.35194700378263
2024-03-10 02:00:00,64.9488601895063,12.994995623697296,66.9636053953024
2024-03-10 03:00:00,64.12146421175986,17.406516982794273,65.71577498337577
2024-03-10 04:00:00,67.61105512858755,19.225672601009624,59.833269273731055
2024-03-10 05:00:00,63.04968829823939,18.881754371244345,64.05814172632073
2024-03-10 06:00:00,69.38466772433614,17.817217651486608,62.64905464011958
2024-03-10 07:00:00,62.02648723598709,22.029409857627247,56.48228377637049
2024-03-10 08:00:00,62.49592356261764,26.69549181984171,57.61204789075543
2024-03-10 09:00:00,58.090892720557335,26.268998765450565,50.78290086925886
2024-03-10 10:00:00,59.13013596309698,25.996237179940803,49.31388364783585
2024-03-10 11:00:00,57.73412198316133,27.48728131532575,51.10231187182231
2024-03-10 12:00:00,54.13066684765358,29.76093003975683,52.39402015931812
2024-03-10 13:00:00,54.05654834153111,29.064544049470094,51.22080466283226
2024-03-10 14:00:00,51.75005641965858,27.13679237962874,54.98045944524199
2024-03-10 15:00:00,49.42878027463901,25.75306424117732,56.26597370518368
2024-03-10 16:00:00,48.587808529072504,24.162362776434144,55.17486165584942
2024-03-10 17:00:00,51.70929568701555,21.55752756152136,61.29698254362912
2024-03-10 18:00:00,48.275644482573064,23.423063534204317,64.48819201222639
2024-03-10 19:00:00,53.198036962070034,18.575376457914174,64.9286732939755
2024-03-10 20:00:00,54.820644909466544,19.075737781238637,69.2455812888332
2024-03-10 21:00:00,50.52534981565399,17.978673218984543,64.75071915031762
2024-03-10 22:00:00,58.72882064237098,16.002275818838598,69.86320849193116
2024-03-10 23:00:00,63.268863534350785,13.108125833754983,66.07429823400807
2024-03-11 00:00:00,61.569847336513625,14.105595135504915,65.90812904101881
2024-03-11 01:00:00,64.59304137875374,13.719262893245691,66.21690154971552
2024-03-11 02:00:00,67.58221463433185,13.149256680521486,64.00881057174331
2024-03-11 03:00:00,65.85495915032196,16.183238063683298,63.13001045314754
2024-03-11 04:00:00,68.3053081027121,15.48144031325998,61.79399562914506
2024-03-11 05:00:00,64.75903713848948,20.84037624442315,62.09288621582823
2024-03-11 06:00:00,67.95861914063893,20.3030740540526,56.86773099731326
2024-03-11 07:00:00,67.44628699593248,23.242882322078,51.53593573307613
2024-03-11 08:00:00,66.5195019097953,25.17493180731912,56.486208585559005
2024-03-11 09:00:00,65.94914856359009,25.914943398342963,50.1130460319027
2024-03-11 10:00:00,60.10201780922629,28.375231230596,51.159866495636784
2024-03-11 11:00:00,59.06579329653421,27.532088212234246,52.11634126735178
2024-03-11 12:00:00,61.3219475944327,29.806945946185866,51.805693609405274
2024-03-11 13:00:00,56.44015933284213,26.225474176797942,54.94122023474365
2024-03-11 14:00:00,54.91601214465773,27.684759897702982,54.833546827802536
2024-03-11 15:00:00,52.33929981730247,29.21169435748689,53.34672605075721
2024-03-11 16:00:00,51.83004617812431,23.24950301309165,63.11703402905652
2024-03-11 17:00:00,56.27144703680074,21.924525382481583,60.48583365834521
2024-03-11 18:00:00,51.92102122777595,21.77086177448869,61.96102083936863
2024-03-11 19:00:00,52.03061460592962,19.328229834640737,66.90981355763918
2024-03-11 20:00:00,54.723035575397425,17.775945148910132,66.987588395504
2024-03-11 21:00:00,53.45768808285945,16.430479836322476,68.79229911640823
2024-03-11 22:00:00,58.48936657424447,15.456891674459394,74.92379243310334
2024-03-11 23:00:00,59.55607159753732,15.420106065766323,68.31219642936239
2024-03-12 00:00:00,65.2300901246607,14.114727985392769,67.89893020155807
2024-03-12 01:00:00,65.01387230673524,13.39366982090421,68.08567491409124
2024-03-12 02:00:00,69.59975351818723,15.513670023420694,69.04275086963166
2024-03-12 03:00:00,71.08901400699186,18.546522043443602,60.7336649245241
2024-03-12 04:00:00,71.45012307343869,17.051049380426054,57.41548167723195
2024-03-12 05:00:00,70.22646680370805,17.597063204724687,58.53221182344959
2024-03-12 06:00:00,69.60993720979056,22.660621003930487,53.58582119642899
2024-03-12 07:00:00,66.07834080127394,22.760571092338598,54.43792163118618
2024-03-12 08:00:00,68.4938382252961,21.490995680978713,54.89228820964448
2024-03-12 09:00:00,63.86967258489595,27.574433374624594,49.97889920705922
2024-03-12 10:00:00,65.50232212877577,26.69219824945255,47.73960112144505
2024-03-12 11:00:00,67.1450444198961,28.10864377371175,51.17334290428837
2024-03-12 12:00:00,60.829610539491874,28.997970495853522,53.4630262749362
2024-03-12 13:00:00,53.66411278535557,28.530193216836707,47.968337769648336
2024-03-12 14:00:00,55.39815539306768,28.559368254092007,55.68661996508619
2024-03-12 15:00:00,55.637263646497665,25.650071303044214,57.54326550934563
2024-03-12 16:00:00,54.47401254261871,25.51965869726428,60.05584134946875
2024-03-12 17:00:00,53.03031924195827,22.55182282189314,63.04620053717915
2024-03-12 18:00:00,55.08000339417967,22.108215721331305,67.83440621757126
2024-03-12 19:00:00,52.762698327960386,19.981908387751076,63.60976987845245
2024-03-12 20:00:00,55.462971368390946,15.84684194693304,66.6378899808737
2024-03-12 21:00:00,59.499202147586395,17.32567231536334,66.75313255093975
2024-03-12 22:00:00,58.932253152347805,13.700864303945748,68.6982745484911
2024-03-12 23:00:00,63.80352263586458,14.967643000253746,72.83218338909077
2024-03-13 00:00:00,61.91759928303431,14.05093097010201,65.33079622677495
2024-03-13 01:00:00,69.5554318340507,16.512831818024665,65.64160445364598
2024-03-13 02:00:00,67.2388197045839,14.16961049805895,69.80691337194061
2024-03-13 03:00:00,69.54125462018874,15.172723946923366,67.0500912672555
2024-03-13 04:00:00,71.02472122162798,17.220870591168175,61.42154228887973
2024-03-13 05:00:00,69.63433035450093,18.604087487479905,62.13600500280196
2024-03-13 06:00:00,70.08641077100081,22.199912852912945,58.523668200307476
2024-03-13 07:00:00,71.13038872357215,20.516676925613957,59.25068652250247
2024-03-13 08:00:00,70.02818087226416,23.169476371280467,53.822312953888314
2024-03-13 09:00:00,67.97342938783993,24.701596476530057,54.76985165062143
2024-03-13 10:00:00,63.298017112905804,28.92065191634372,57.91169733963001
2024-03-13 11:00:00,60.547241584606105,30.81036375604084,52.49524788761867
2024-03-13 12:00:00,64.02999537536842,28.34332617219379,51.42998797788546
2024-03-13 13:00:00,59.30918213666959,27.991211112383024,54.01188882899221
2024-03-13 14:00:00,53.59810082349969,27.600268773053298,52.72283682381138
2024-03-13 15:00:00,54.21057864779506,28.046118312811377,61.46991926381192
2024-03-13 16:00:00,53.12364370014246,23.358970298714063,58.12080618831695
2024-03-13 17:00:00,52.70717922882258,23.29869631237135,59.31766669943596
2024-03-13 18:00:00,50.42964843124937,22.462796444673856,60.24014889337292
2024-03-13 19:00:00,53.33033053771422,19.810498416640595,67.243050479016
2024-03-13 20:00:00,59.175500718500864,17.53437242489819,68.53192956274826
2024-03-13 21:00:00,57.87143763695205,17.19826827995162,66.55084270552449
2024-03-13 22:00:00,55.348411134674016,10.449961032118047,70.13446079940756
2024-03-13 23:00:00,63.12750192810895,14.77236928212843,65.22861007946786
2024-03-14 00:00:00,65.65835186335765,12.518886475308864,69.15575887428457
2024-03-14 01:00:00,65.12721986492558,11.009606957547252,68.92611951425175
2024-03-14 02:00:00,67.98478320672439,15.271613370904118,70.63228555457704
2024-03-14 03:00:00,65.27066784588295,17.75718695884529,62.57295299317872
2024-03-14 04:00:00,67.22773777602049,17.043827228058095,59.1334898339168
2024-03-14 05:00:00,70.80975017928546,20.48816898253557,57.76143009768724
2024-03-14 06:00:00,66.42666668791695,23.4184173869831,54.32920734329028
2024-03-14 07:00:00,62.64093201597222,24.913514518644753,58.84164339439763
2024-03-14 08:00:00,64.61984147433745,27.209946794056947,57.50763720688161
2024-03-14 09:00:00,62.909250983824144,27.416492095506573,53.00631281081215
2024-03-14 10:00:00,63.69395223639407,27.608340986735662,54.35990492761125
2024-03-14 11:00:00,59.61322058850114,25.841494979322267,51.33489595145059
2024-03-14 12:00:00,55.8896260443417,28.130906267805077,51.06888844414638
2024-03-14 13:00:00,56.963068950416,26.97957380419379,51.373177318305785
2024-03-14 14:00:00,52.07657892269747,30.7516046046299,52.86006149087704
2024-03-14 15:00:00,49.80969732720593,26.0394721402507,51.630496109227344
2024-03-14 16:00:00,52.86696121549646,24.934807210176796,58.33126550309565
2024-03-14 17:00:00,50.425040702221956,23.768370902329618,59.89916522446444
2024-03-14 18:00:00,50.618354297841144,21.065403669559057,64.19277321611752
2024-03-14 19:00:00,50.994832509441196,21.601433722377113,64.73380874109627
2024-03-14 20:00:00,50.71618973721919,16.316025957398534,65.95720177675605
2024-03-14 21:00:00,53.0278628935518,15.988610323956886,65.6162460590408
2024-03-14 22:00:00,56.518648388756695,13.391103593069696,68.87371552865586
2024-03-14 23:00:00,58.485631507783026,11.775522536001052,70.8455930770404
2024-03-15 00:00:00,62.898955944846534,12.582346363642072,65.83498495889194
2024-03-15 01:00:00,62.542569208198564,13.700001107259391,68.01291301826197
2024-03-15 02:00:00,65.53809654799228,13.860856134840676,66.94656840950283
2024-03-15 03:00:00,64.96051564492701,14.658067671289952,62.70483804095406
2024-03-15 04:00:00,67.99279986146972,15.14052380449248,60.85973064365279
2024-03-15 05:00:00,66.29534216526672,18.934198802787964,60.576527121915575
2024-03-15 06:00:00,65.46646302378169,18.742919438953468,54.83707604834621
2024-03-15 07:00:00,63.62583145786259,24.08122678380293,56.37480928812382
2024-03-15 08:00:00,60.37997935102159,24.87365962940147,51.39765303517294
2024-03-15 09:00:00,62.32620462482164,24.116973609701823,54.86290559852321
2024-03-15 10:00:00,58.786685290280175,27.031376912808394,57.151236926869174
2024-03-15 11:00:00,55.41153426437713,27.116209088782103,48.84810799574545
2024-03-15 12:00:00,56.14656941957732,28.97876176562877,52.642187219334936
2024-03-15 13:00:00,48.816935765856904,30.25511936620284,50.38891660373504
2024-03-15 14:00:00,50.32401280852382,24.682431823914644,56.23842440381565
2024-03-15 15:00:00,50.80265605589867,26.475839977620147,52.336853977286715
2024-03-15 16:00:00,48.920614286964884,24.509800806650244,58.87209549014639
2024-03-15 17:00:00,47.43986520943002,23.94815295294477,57.81752758277597
2024-03-15 18:00:00,48.645668961440684,21.31979494235707,61.811909933176715
2024-03-15 19:00:00,49.678922790892365,17.93090316412291,61.92243681213175
2024-03-15 20:00:00,47.68940807027379,16.771419096500058,68.41983720791802
2024-03-15 21:00:00,51.75337431147932,14.502660355895904,65.7017777479608
2024-03-15 22:00:00,57.07093099275854,16.118820179514746,70.07324308493125
2024-03-15 23:00:00,54.97254006684556,13.787523775839848,68.13975492934416
2024-03-16 00:00:00,56.99300776649371,16.351786028629512,68.40715150710447
2024-03-16 01:00:00,59.33443087502237,13.664565082110036,68.16361840256029
2024-03-16 02:00:00,62.032215819201646,13.442199321251005,64.45939935153213
2024-03-16 03:00:00,62.71659602679925,13.42612755218138,65.02591778385211
2024-03-16 04:00:00,65.86255199932546,14.545290485616174,66.15520781680901
2024-03-16 05:00:00,65.0760762106822,16.682653247222614,58.05476303541844
2024-03-16 06:00:00,65.30890973440238,21.400689976517032,60.600153952262076
2024-03-16 07:00:00,60.68104951088932,23.70423037311368,59.245244083719975
2024-03-16 08:00:00,61.30319164406678,22.378213946951377,51.59565149675096
2024-03-16 09:00:00,58.65098266189875,27.64585833001328,48.56813485321363
2024-03-16 10:00:00,58.797696712840725,26.77059895085816,52.06156981382789
2024-03-16 11:00:00,53.80060406950312,28.464633215146257,49.63148119308282
2024-03-16 12:00:00,54.80883603257816,30.918330942383136,55.97817561130597
2024-03-16 13:00:00,53.50306119119245,29.589702670966243,52.29279021718957
2024-03-16 14:00:00,47.929407031112234,27.092394556524592,51.630540449233095
2024-03-16 15:00:00,47.95878985994743,24.966512520776202,52.632101222470304
2024-03-16 16:00:00,48.00740765103424,21.52227689800639,60.395390991804
2024-03-16 17:00:00,53.40452430610345,21.862412859405598,58.57204006478972
2024-03-16 18:00:00,47.58943062246212,20.683304641758305,62.438943404573514
2024-03-16 19:00:00,53.23205113599129,17.57808787100452,66.88950686278106
2024-03-16 20:00:00,48.27023754998696,17.053114549361666,65.1533151508518
2024-03-16 21:00:00,50.64092589863898,15.811976965539102,67.67940656220928
2024-03-16 22:00:00,53.488643657106465,14.167525498904812,68.65191141204532
2024-03-16 23:00:00,55.67083767019585,12.780552431596785,70.70831127879023
2024-03-17 00:00:00,58.681467044587365,13.752982007950092,70.17019327537751
2024-03-17 01:00:00,59.62512130205185,14.418467277186037,67.243944305923
2024-03-17 02:00:00,61.82241040782103,12.869210855452348,66.52308368442068
2024-03-17 03:00:00,65.99778477284397,17.813097710719912,63.570552471191334
2024-03-17 04:00:00,67.45035992809416,17.102117801573563,58.635340388624066
2024-03-17 05:00:00,67.346796927843,19.087131596148375,60.64400214349575
2024-03-17 06:00:00,66.1283889467034,22.062321634884484,62.40110799616032
2024-03-17 07:00:00,64.3015864299321,23.290967035163877,53.29070214827213
2024-03-17 08:00:00,61.54537749424327,26.179704950870043,51.70346469531445
2024-03-17 09:00:00,59.23635817914372,26.73398710670173,50.02895193683076
2024-03-17 10:00:00,60.52646910677749,26.576534466422583,53.1181470102062
2024-03-17 11:00:00,54.9736363427523,28.786698984977154,52.1212136354911
2024-03-17 12:00:00,53.883446228430294,26.78441068901901,50.91032333235728
2024-03-17 13:00:00,55.725148940429236,28.407283255832773,49.910723711842486
2024-03-17 14:00:00,55.88325679370643,27.44534554241673,53.86698094842071
2024-03-17 15:00:00,51.631666383643385,25.991125572990438,51.58844468166035
2024-03-17 16:00:00,52.63851346924085,24.55719373284172,58.02919501122047
2024-03-17 17:00:00,50.71482724959525,20.118369270022928,62.17881096521983
2024-03-17 18:00:00,48.22436149844565,20.176912638388565,59.20137356433856
2024-03-17 19:00:00,52.87620635348659,19.198124513442714,60.66870430792553
2024-03-17 20:00:00,54.6832155880046,17.489784587996365,70.31255575991587
2024-03-17 21:00:00,55.824396468352155,14.155186429712128,66.26482953529865
2024-03-17 22:00:00,56.62140991359433,16.403371232913635,71.53320205146113
2024-03-17 23:00:00,62.053987579682136,12.456294030510264,68.61500583700543
2024-03-18 00:00:00,59.647784178636165,14.954185800790105,68.28844539424841
2024-03-18 01:00:00,62.46339600536656,14.396347845639408,68.89026038280177
2024-03-18 02:00:00,64.06310932655406,13.535468506850833,64.15396388881271
2024-03-18 03:00:00,66.72353164965837,18.359665480015266,64.83124285873934
2024-03-18 04:00:00,66.42217500045433,15.459544752365092,61.37564786886263
2024-03-18 05:00:00,66.53402643572569,20.43758842214595,56.698766391487524
2024-03-18 06:00:00,66.40878425985936,22.500873477064378,58.51433378089383
2024-03-18 07:00:00,67.13228362074076,21.9352125246535,54.84173048280517
2024-03-18 08:00:00,62.55643586678916,26.838697950096527,53.24347689820922
2024-03-18 09:00:00,64.61435469642026,25.928231087000754,49.18036900740481
2024-03-18 10:00:00,65.14965463850744,27.92823097230295,55.28516848280546
2024-03-18 11:00:00,60.818967056379904,28.634926455324795,53.19178546596529
2024-03-18 12:00:00,61.80349791162332,28.298536887794178,53.71705727382831
2024-03-18 13:00:00,59.00000848044716,29.460656106907702,51.44215960983585
2024-03-18 14:00:00,56.187205571194625,28.68542360921161,49.313081745562215
2024-03-18 15:00:00,55.195203564664745,23.68050289904209,60.382293456223465
2024-03-18 16:00:00,52.94248908863225,26.706510364317488,57.51788482406286
2024-03-18 17:00:00,55.5196902496785,20.447404856215208,58.12800050994966
2024-03-18 18:00:00,52.71777244878045,22.548819306512655,63.37137534213035
2024-03-18 19:00:00,50.819751761974,20.748914866972573,67.4178019700082
2024-03-18 20:00:00,57.851932092841984,15.613550354677239,66.30633464046491
2024-03-18 21:00:00,56.358881793918606,15.080477709169301,70.99066655390844
2024-03-18 22:00:00,59.09449001787979,12.846252468887764,71.4008322828937
2024-03-18 23:00:00,62.62095998568319,13.433174757398955,66.30904703149486
2024-03-19 00:00:00,64.73397769151156,13.037948573721389,67.00885717245298
2024-03-19 01:00:00,63.884883766139396,14.92504710123596,70.18807154225966
2024-03-19 02:00:00,68.08626399400694,16.47027259079587,59.58242962115284
2024-03-19 03:00:00,71.27772334682776,17.790224857285818,64.12636076708748
2024-03-19 04:00:00,68.55033424424518,16.406747960132588,58.752293401861365
2024-03-19 05:00:00,73.566601105785,18.745024351114,58.808615496416486
2024-03-19 06:00:00,68.21827234670666,18.474842711668327,56.92357837150403
2024-03-19 07:00:00,74.33118768057403,21.732337738524855,54.60438905523136
2024-03-19 08:00:00,67.16127209561441,26.19727744964608,52.2553858390396
2024-03-19 09:00:00,66.20535648493693,28.726675094221413,49.46291224186827
2024-03-19 10:00:00,61.76003314004512,25.6436672205632,57.03644573044521
2024-03-19 11:00:00,62.98284412405062,27.35574730843858,55.66865501040338
2024-03-19 12:00:00,60.856377616633296,28.46039136456161,48.40150301275761
2024-03-19 13:00:00,58.51804732759628,28.66468543539748,56.16106324419887
2024-03-19 14:00:00,56.15199463026007,26.2807852485009,52.63737524313886
2024-03-19 15:00:00,53.72412800307851,26.939392425595308,55.8229686833288
2024-03-19 16:00:00,57.519698009419706,24.039240979394023,57.51244369433506
2024-03-19 17:00:00,54.8878415053396,22.919464431951454,58.3506283968652
2024-03-19 18:00:00,58.27151548211891,21.819426372005452,64.78900226493775
2024-03-19 19:00:00,55.18273960457361,19.06849056644776,64.81471632644143
2024-03-19 20:00:00,56.8723318707669,16.59542116421032,65.17258247263035
2024-03-19 21:00:00,60.90192508369459,15.532284435212546,64.53275502455872
2024-03-19 22:00:00,58.08969100370947,14.372265032808745,66.45934490230381
2024-03-19 23:00:00,61.07017992849772,13.2005397580088,64.89654971099476
2024-03-20 00:00:00,67.95610654704443,13.111805905999347,68.72389130763963
2024-03-20 01:00:00,64.41256555064814,16.153527058588985,64.80256465334884
2024-03-20 02:00:00,65.28647295692727,15.346188643528661,65.70005974938273
2024-03-20 03:00:00,74.41878898748301,15.253478664057027,67.92525463402605
2024-03-20 04:00:00,68.14228622179859,18.295431606766005,65.32762033822671
2024-03-20 05:00:00,71.70730287116369,18.558127927097033,59.919307764743955
2024-03-20 06:00:00,70.39949491425672,22.75968695637955,57.45291677871935
2024-03-20 07:00:00,64.24376845758162,23.49560612656612,60.19968637355281
2024-03-20 08:00:00,67.90262146117838,24.58904678399341,54.937929270218035
2024-03-20 09:00:00,67.15356285723021,26.974876247614368,51.386255216248834
2024-03-20 10:00:00,65.5726502225948,25.13887630028046,47.74162227059742
2024-03-20 11:00:00,64.48571821161634,26.55429249380317,51.984683045411856
2024-03-20 12:00:00,59.783874911257676,26.709112490401417,53.379976994855554
2024-03-20 13:00:00,59.2062093470987,28.45885833931356,50.62664255465575
2024-03-20 14:00:00,54.11891606037179,30.093963027611093,54.364045857165934
2024-03-20 15:00:00,51.06856768807781,29.65025107818824,54.59106676271267
2024-03-20 16:00:00,51.16749051775929,25.707076652160936,57.21054759607966
2024-03-20 17:00:00,50.338525987382795,23.692409550685717,53.78044485609409
2024-03-20 18:00:00,56.822576385463655,18.298413398770958,61.77491789663185
2024-03-20 19:00:00,52.219431174481926,18.24484646213048,66.92342325601975
2024-03-20 20:00:00,56.995636562135296,16.06832437213796,64.78545464176264
2024-03-20 21:00:00,57.603367089653645,14.76542774372413,67.92554455459809
2024-03-20 22:00:00,59.56614938834499,14.252593743739643,66.80345566987177
2024-03-20 23:00:00,64.80987991591117,13.047420436286341,69.90110419073193
2024-03-21 00:00:00,63.780645494976206,10.531050284436319,68.15202444276133
2024-03-21 01:00:00,66.484005735794,14.877421687008168,65.44612478235491
2024-03-21 02:00:00,67.91579269179469,12.895694933007011,69.69533969984167
2024-03-21 03:00:00,68.0463502143264,16.05556943726768,66.82233003383082
2024-03-21 04:00:00,72.59552509299667,20.36112400462472,60.817104496102495
2024-03-21 05:00:00,66.5624748385996,17.679780274351256,61.24447077354513
2024-03-21 06:00:00,72.19451562933207,17.204568715879933,59.01415860112836
2024-03-21 07:00:00,68.95079979921353,22.51213650544866,57.10575308752796
2024-03-21 08:00:00,64.2804180873959,26.401439452497844,49.4003992293337
2024-03-21 09:00:00,66.57205116539929,29.240822040229727,54.72228771852181
2024-03-21 10:00:00,58.59721359230228,25.650866136704508,49.88242015608401
2024-03-21 11:00:00,58.27010182554246,28.98949253202284,50.105430166396836
2024-03-21 12:00:00,55.42153458051217,27.80203431482992,57.90137194404885
2024-03-21 13:00:00,56.13882220344361,28.085521165711842,52.960454817742544
2024-03-21 14:00:00,50.072550555414345,31.46170554890887,52.670232780702776
2024-03-21 15:00:00,53.32305947846834,24.048845366306676,49.986764068110304
2024-03-21 16:00:00,50.941957295084194,25.1306094922418,61.14503892894336
2024-03-21 17:00:00,49.623092543597366,23.642682595916924,56.63697582297822
2024-03-21 18:00:00,51.40547967410363,22.628679487409247,59.82077414717374
2024-03-21 19:00:00,51.39143151682403,19.205831891937596,63.67161925227984
2024-03-21 20:00:00,51.15875227207283,17.712075809256607,69.90499050992963
2024-03-21 21:00:00,60.809698081779565,15.109226289968232,69.72732860072436
2024-03-21 22:00:00,55.755529014383754,14.908499883484357,68.29873866200086
2024-03-21 23:00:00,54.64772889262711,13.240767889585959,69.77073015909706
2024-03-22 00:00:00,58.89176775012753,14.432357834784076,67.19236820442379
2024-03-22 01:00:00,60.391407504362775,13.201140798766593,68.14336285797341
2024-03-22 02:00:00,65.79392755922052,15.07046006246992,66.54730289262433
2024-03-22 03:00:00,66.18935816007141,15.652804920573372,66.92192473920339
2024-03-22 04:00:00,66.48043336091003,18.939075376158243,64.74731671202049
2024-03-22 05:00:00,65.45184356052908,18.981766576348004,61.23494345551397
2024-03-22 06:00:00,65.76199682103808,18.340451297689796,56.764759700212345
2024-03-22 07:00:00,63.420739225407544,24.834025089339658,57.3545557359755
2024-03-22 08:00:00,63.31392573635949,23.391401548705915,53.40611780381355
2024-03-22 09:00:00,63.04935428001757,25.322651350925796,49.50098544415751
2024-03-22 10:00:00,59.98891607333846,26.601698587317813,50.29844808362103
2024-03-22 11:00:00,57.31273462768711,30.30610083692424,51.21131745946081
2024-03-22 12:00:00,56.6828011488598,25.296488679031956,53.58220702256016
2024-03-22 13:00:00,53.07128921219298,32.951066497658076,51.746950935547034
2024-03-22 14:00:00,50.90491927478078,29.079275741982478,50.61304219122229
2024-03-22 15:00:00,50.256715324553085,26.638159230092654,55.64185420824195
2024-03-22 16:00:00,51.249089253835095,24.66765899907565,57.95426869421866
2024-03-22 17:00:00,47.17187467387229,23.369473950555417,60.46459407225641
2024-03-22 18:00:00,47.115704892309545,21.781683642569398,64.62905019580889
2024-03-22 19:00:00,47.289677149396255,20.026680540656084,67.04730810022447
2024-03-22 20:00:00,51.21613559347506,18.0834066990054,64.87843384972423
2024-03-22 21:00:00,49.07208346580119,15.831070162984208,66.25386998893751
2024-03-22 22:00:00,55.76998063930512,14.208801841155788,66.09283565921304
2024-03-22 23:00:00,56.94765203129349,13.528646377351627,70.74703917570119
2024-03-23 00:00:00,61.64666232012566,13.207637579470978,72.315382707446
2024-03-23 01:00:00,59.18632206881096,15.456211448132489,67.00652381428756
2024-03-23 02:00:00,61.9898342929094,15.395144555038067,65.76038461886665
2024-03-23 03:00:00,67.55550346811604,11.286116189104305,68.16695639224717
2024-03-23 04:00:00,67.16644620950301,18.233851164794864,63.59326603896033
2024-03-23 05:00:00,63.39780966808295,19.350961453809152,61.0905892620032
2024-03-23 06:00:00,64.62208700933888,20.971936865330687,54.69333732914298
2024-03-23 07:00:00,64.31819086316311,22.358365158635596,57.1968201731989
2024-03-23 08:00:00,62.252829314891926,26.436169079978725,51.31319811804656
2024-03-23 09:00:00,59.26736088670678,27.724590552083498,49.370720901102786
2024-03-23 10:00:00,61.16180110807266,26.33587402664777,50.43973862148178
2024-03-23 11:00:00,52.16553245103036,28.855022127854667,49.53551819137827
2024-03-23 12:00:00,53.631221082640266,27.04251489818807,50.75266832743591
2024-03-23 13:00:00,53.469729970699774,26.175016449984515,48.60331727962778
2024-03-23 14:00:00,51.864166676802554,26.55511469149832,56.033079735489984
2024-03-23 15:00:00,51.865903443579754,27.596891067473468,58.31921573629037
2024-03-23 16:00:00,50.455990537250635,26.17968756806472,52.80227240872506
2024-03-23 17:00:00,47.91683359808015,23.710770968415027,62.44614451416674
2024-03-23 18:00:00,51.2209637104951,22.087643680271693,60.30304983136855
2024-03-23 19:00:00,48.476953081116086,19.833124592403593,66.64243884245653
2024-03-23 20:00:00,53.6035471320068,16.28777760716594,66.19284479901295
2024-03-23 21:00:00,56.773481158992126,16.344582958111758,67.86616754426227
2024-03-23 22:00:00,57.51206326660812,15.70542375945838,68.23058831304863
2024-03-23 23:00:00,57.722054204259,14.8869932975523,72.03032301058371
2024-03-24 00:00:00,58.568406772062076,15.283370057211965,65.5943624052892
2024-03-24 01:00:00,58.64911683071986,14.818012073633447,69.3138294808975
2024-03-24 02:00:00,64.27830714734935,15.031981782929066,69.11728644290314
2024-03-24 03:00:00,62.40154970986408,17.301924498575254,66.29085020135092
2024-03-24 04:00:00,64.53352418432038,17.210218111126487,68.14111869173155
2024-03-24 05:00:00,64.01869807225629,17.736045184889257,58.677633093189016
2024-03-24 06:00:00,65.08068368556572,20.755399554083724,60.063890650561305
2024-03-24 07:00:00,65.24017491851701,21.823788871059094,55.23477341164609
2024-03-24 08:00:00,64.69336477288356,23.73723258753873,56.71955416020276
2024-03-24 09:00:00,60.90282975590172,26.086522852825823,52.186548876636856
2024-03-24 10:00:00,62.54757933710017,26.30656064688316,50.33697810874217
2024-03-24 11:00:00,57.96486027861016,27.78250140270948,54.26518050967907
2024-03-24 12:00:00,55.24116834247051,25.659577999569322,50.07776271585114
2024-03-24 13:00:00,54.43808034467862,28.564384258227356,48.67395696868859
2024-03-24 14:00:00,56.5904485222756,27.496998741426683,52.34392176138609
2024-03-24 15:00:00,52.71612226961519,25.077667912297162,57.047582366471346
2024-03-24 16:00:00,50.19709549744952,25.738868502648597,61.15072547304464
2024-03-24 17:00:00,47.54439573898471,24.34749804470908,60.27782343824145
2024-03-24 18:00:00,51.89877043594417,18.588660203446402,65.62486407400749
2024-03-24 19:00:00,53.17485155132159,17.91476999388199,61.10456269630541
2024-03-24 20:00:00,53.57881696093885,16.09628647531956,65.2558023686341
2024-03-24 21:00:00,53.025823892680464,14.286844489437664,67.07279084117494
2024-03-24 22:00:00,56.10393450117261,15.749021734514134,68.40693386792033
2024-03-24 23:00:00,63.45801839301063,13.464817094672773,69.21023597062549
2024-03-25 00:00:00,65.78412873231555,13.103227738034084,70.4206098300823
2024-03-25 01:00:00,63.82032020756742,10.74976275622168,66.68221153863384
2024-03-25 02:00:00,67.68642331461407,15.45793651693045,66.7115327480615
2024-03-25 03:00:00,66.11235675135313,13.837811548820891,64.38719277418994
2024-03-25 04:00:00,71.48404435347966,17.339898945399433,60.01464664619532
2024-03-25 05:00:00,69.48538227580899,19.474922568667967,59.71583327729634
2024-03-25 06:00:00,70.18020364429462,23.040987893758036,57.311479769334866
2024-03-25 07:00:00,65.17563607609567,20.977912239589944,55.08729858749219
2024-03-25 08:00:00,69.43508753054702,20.220731766268926,53.71543761077485
2024-03-25 09:00:00,65.07508955055236,26.579075176029523,52.394955217473836
2024-03-25 10:00:00,64.1429801634639,30.1959573006493,50.22592961563007
2024-03-25 11:00:00,62.68819768043942,30.102863226577156,54.18178683492816
2024-03-25 12:00:00,59.11325381096516,28.81448912291194,48.38296599039087
2024-03-25 13:00:00,56.29743882744079,27.50698941871992,50.40334609476514
2024-03-25 14:00:00,57.42104492731784,28.705874423339395,60.58594802987942
2024-03-25 15:00:00,54.898165263511544,24.84298155934286,52.90502161252677
2024-03-25 16:00:00,52.01008889812726,25.46453665403446,54.28624190730331
2024-03-25 17:00:00,52.09865170783932,23.699348077018517,61.836191862503014
2024-03-25 18:00:00,50.89542590130565,22.59031486124834,57.13657177148756
2024-03-25 19:00:00,53.37507054966074,23.198347220098086,63.91181522506901
2024-03-25 20:00:00,59.39339690502469,17.83862395076806,71.72852334336993
2024-03-25 21:00:00,59.336962488794164,14.933253702539826,63.93188882867659
2024-03-25 22:00:00,59.79446175973882,14.466448003328601,63.7384212222548
2024-03-25 23:00:00,65.50211901156422,11.101942445498343,65.25204699510576
2024-03-26 00:00:00,64.29019802812209,12.457930303366412,70.93923135746907
2024-03-26 01:00:00,68.09199651958527,13.141632645662332,70.60617043402469
2024-03-26 02:00:00,69.1134698916465,13.71867687471464,65.08248903823255
2024-03-26 03:00:00,72.20198694270553,15.92523144915157,66.20803101000291
2024-03-26 04:00:00,68.78650225951739,16.0163701014265,65.80500972470335
2024-03-26 05:00:00,69.71752041219221,20.74040316271723,64.46836603607468
2024-03-26 06:00:00,68.03355227176014,21.000310597377194,57.05479039112725
2024-03-26 07:00:00,69.67188323769302,22.927192356561356,49.746320705825006
2024-03-26 08:00:00,71.5880242218956,24.258157925230645,51.583841663297136
2024-03-26 09:00:00,66.27238520248224,26.536086884687336,51.138760878602326
2024-03-26 10:00:00,64.01090835335047,28.732837925384395,50.65932057195247
2024-03-26 11:00:00,65.38100963146545,26.943748373601608,50.5303514974782
2024-03-26 12:00:00,63.75895093787003,27.512825266387114,54.103904058225034
2024-03-26 13:00:00,59.392000979471405,27.788854654003032,55.39184243265874
2024-03-26 14:00:00,59.57329278152461,25.47638414317369,53.20685483450915
2024-03-26 15:00:00,54.77870407347614,25.074414069316823,58.24621219012922
2024-03-26 16:00:00,58.74021059513086,24.03566868968328,58.56478201065524
2024-03-26 17:00:00,59.51285824031426,24.252726609337824,60.16126493215621
2024-03-26 18:00:00,57.013942414131435,21.393841993503074,64.59573179869696
2024-03-26 19:00:00,52.65372635173172,19.34924202878294,64.68063012059473
2024-03-26 20:00:00,57.07359683962381,18.52634694325201,71.50848897342297
2024-03-26 21:00:00,61.16331955594569,15.490641458502093,64.19820071707359
2024-03-26 22:00:00,61.01087026787563,15.090506746510007,67.40540518887148
2024-03-26 23:00:00,66.79080991331605,13.600723673433318,68.68370275761512
2024-03-27 00:00:00,67.44270824289733,13.898043524099442,69.79196416274664
2024-03-27 01:00:00,67.23975111529533,12.881418316414573,70.96412985181748
2024-03-27 02:00:00,70.95113922684668,10.84658373420223,66.30296461258855
2024-03-27 03:00:00,69.14932224671486,15.495280397821416,60.944425876234895
2024-03-27 04:00:00,70.88732018389646,19.38412220414957,64.43565614706009
2024-03-27 05:00:00,70.4710673965338,20.44818026509358,61.88739691535523
2024-03-27 06:00:00,73.13824679187775,22.44809622688649,52.815981945628536
2024-03-27 07:00:00,74.16966418665793,24.79533892097845,55.49048966582314
2024-03-27 08:00:00,65.90071350847712,24.882986386442038,49.66068439262075
2024-03-27 09:00:00,63.14536671787921,26.59927442000715,50.544143622184905
2024-03-27 10:00:00,64.71073357683754,26.568712685231763,49.0496452459915
2024-03-27 11:00:00,60.02527764395072,27.77033441312734,53.023161745604966
2024-03-27 12:00:00,60.474146663017876,29.423656724656713,51.59874299882877
2024-03-27 13:00:00,59.42373489218603,30.0502703529213,48.99179386404962
2024-03-27 14:00:00,60.01768962761257,27.28602111486209,55.836203876714336
2024-03-27 15:00:00,55.95673812484567,25.628016961622066,51.91548544017935
2024-03-27 16:00:00,54.38066481301667,24.750791938284568,58.495913070254694
2024-03-27 17:00:00,50.145051333087864,23.84295296166256,57.964973326770696
2024-03-27 18:00:00,55.359762562632945,18.83421777580003,61.41517869959557
2024-03-27 19:00:00,56.74148839883111,15.614585732025919,65.76067687009574
2024-03-27 20:00:00,58.44193530457558,16.424194725762813,67.66758452832799
2024-03-27 21:00:00,57.802737840526184,13.865630502229461,71.1366513179498
2024-03-27 22:00:00,59.800351939858096,13.742599175145786,68.48769818742285
2024-03-27 23:00:00,59.65570165450788,13.533885824605898,69.76612715740835
2024-03-28 00:00:00,60.07832126146211,12.82012738646548,67.5989891305909
2024-03-28 01:00:00,63.56004830210598,15.934257604538024,68.24920334061684
2024-03-28 02:00:00,64.67259631112543,14.994926618520275,67.46267615070037
2024-03-28 03:00:00,69.54169183569967,16.147410680517,64.25422538136465
2024-03-28 04:00:00,68.09125098666634,18.183310716064625,57.819995195691526
2024-03-28 05:00:00,69.1120627742465,17.35060748505988,60.82867724082775
2024-03-28 06:00:00,66.7986718401536,22.558667681129975,58.58203228746588
2024-03-28 07:00:00,61.59124569144412,22.827496408465777,53.799566309130434
2024-03-28 08:00:00,69.16012436910293,25.755720925861564,50.42507137914035
2024-03-28 09:00:00,63.31621812979587,24.695515009338404,55.895469242200065
2024-03-28 10:00:00,62.40940458866365,25.164552379359108,52.53528134063429
2024-03-28 11:00:00,56.95704418976605,29.471278184205637,50.42729742269572
2024-03-28 12:00:00,59.62897295369732,29.064614289146274,48.46408535552955
2024-03-28 13:00:00,56.46741546565476,26.89136636563185,50.15123429488674
2024-03-28 14:00:00,53.00494499616854,26.190695906471205,56.892514961286416
2024-03-28 15:00:00,51.533411754120436,27.991453035521452,55.84415485217034
2024-03-28 16:00:00,55.706769723690854,22.96588216069882,56.29416092657538
2024-03-28 17:00:00,50.84623241967511,25.40515226815299,61.27422307806103
2024-03-28 18:00:00,51.794639161338424,19.649068898028705,60.293375937306855
2024-03-28 19:00:00,50.71996452429501,20.016445050143687,68.25210757570055
2024-03-28 20:00:00,50.478309236552256,16.75707228637685,69.74596236792084
2024-03-28 21:00:00,54.986066878745405,16.60148028772433,66.62779345605286
2024-03-28 22:00:00,58.335540709152674,13.688638468445545,67.12165681902427
2024-03-28 23:00:00,61.5125450886367,13.511366943723704,62.4546670032693
2024-03-29 00:00:00,56.884696815809484,13.561378763093582,64.98938050772307
2024-03-29 01:00:00,61.42856018428684,12.252275119159874,64.44555419666555
2024-03-29 02:00:00,63.50712178591492,15.616045989746903,66.7019368831477
2024-03-29 03:00:00,66.25247500989705,14.926878791393264,63.68441573889734
2024-03-29 04:00:00,66.34482924280803,16.90710012698935,58.966032687384846
2024-03-29 05:00:00,66.91965981617365,17.567333099818107,59.29708989383829
2024-03-29 06:00:00,68.24885652048808,17.156499511807297,58.933971463195796
2024-03-29 07:00:00,63.611506033597365,22.654601194368556,56.81959837478944
2024-03-29 08:00:00,64.39692621882611,28.368923132418978,48.886863267173844
2024-03-29 09:00:00,62.43268299056636,27.480207290746165,51.88511266473068
2024-03-29 10:00:00,58.984505712929014,27.466299958781534,47.84831562096931
2024-03-29 11:00:00,60.97615331379218,27.85010745335565,53.254321742850685
2024-03-29 12:00:00,58.5463378877392,28.53369883921807,53.267033604281956
2024-03-29 13:00:00,54.83894702181007,29.06512236993097,49.96070330012886
2024-03-29 14:00:00,45.95838508140651,25.723971305420058,51.7209259633197
2024-03-29 15:00:00,52.92990350507959,27.97478340090272,54.34683237375429
2024-03-29 16:00:00,50.513697004300184,25.823071973161817,52.03864510724861
2024-03-29 17:00:00,53.0238448100145,24.018421426831104,60.83992043360064
2024-03-29 18:00:00,51.85974133751194,21.65771360821526,61.647260040072155
2024-03-29 19:00:00,53.74686373294194,19.088282148272253,66.92543770641997
2024-03-29 20:00:00,53.1673435300131,18.25929185394996,63.6179379857725
2024-03-29 21:00:00,55.93762385921109,16.584420341712995,66.24642126343488
2024-03-29 22:00:00,59.51344407233506,13.97374840520538,64.92701929150385
2024-03-29 23:00:00,58.23563738331109,12.895153643486616,66.48927359126436
2024-03-30 00:00:00,56.45143044751898,13.65278444289298,65.738377446431
2024-03-30 01:00:00,60.57671181761096,16.07908653007482,70.28416283117615
2024-03-30 02:00:00,64.56097694714038,12.646148858135781,64.61830640880088
2024-03-30 03:00:00,65.34644349631,13.495411242471867,64.81043921186156
2024-03-30 04:00:00,62.674539599316816,17.497141261854754,61.377462896268625
2024-03-30 05:00:00,62.01518289484747,19.135188714514747,56.82633683496785
2024-03-30 06:00:00,63.495365040502165,21.260012496555717,57.2498775361485
2024-03-30 07:00:00,65.74124083416783,23.307072635131405,56.99775832965963
2024-03-30 08:00:00,65.86924645313235,24.415196618047254,50.616640487962805
2024-03-30 09:00:00,62.312757524855066,28.538096016802136,54.228553342768286
2024-03-30 10:00:00,61.67079126843839,25.093834560668697,49.18236525970414
2024-03-30 11:00:00,56.98709008261857,27.001698159997645,49.792540184817895
2024-03-30 12:00:00,51.39062315976042,28.34511785977643,52.63337537092328
2024-03-30 13:00:00,52.54332019952525,25.77966048043695,50.54718097289119
2024-03-30 14:00:00,50.79967066380077,27.2314089217353,53.729976117660954
2024-03-30 15:00:00,48.32237105706114,28.79550610749095,54.71327292802965
2024-03-30 16:00:00,49.49205848567682,24.781329732444036,57.994048610836316
2024-03-30 17:00:00,49.74145825062077,23.287194196847384,54.048152236191285
2024-03-30 18:00:00,51.70566688359611,19.109752852241108,57.75516686790209
2024-03-30 19:00:00,50.4663374455363,18.134315049672207,66.03991751511725
2024-03-30 20:00:00,48.63261725216576,16.687205429513963,68.95691454480138
2024-03-30 21:00:00,53.05612078951668,15.220126495966692,65.5180118752308
2024-03-30 22:00:00,55.63211111573214,16.42727516412265,68.08326155617375
2024-03-30 23:00:00,60.59602515057889,14.592092893919695,69.73679813225576
2024-03-31 00:00:00,59.97610529094458,11.832813064594452,70.42637644074836
2024-03-31 01:00:00,63.267902587619204,14.125313470480007,62.72503545488301
2024-03-31 02:00:00,64.59933748210695,15.25214209436173,64.14886041323356
2024-03-31 03:00:00,65.23127080341773,17.406922698882312,63.66855155037551
2024-03-31 04:00:00,67.77519929331852,19.620811029852398,64.08722189901246
2024-03-31 05:00:00,66.18488164308198,17.536215873989587,66.24607620930381
2024-03-31 06:00:00,65.64700366276844,19.78371373318443,57.1006142770535
2024-03-31 07:00:00,65.99702483788283,21.054776049896574,51.982556344739955
2024-03-31 08:00:00,63.24866381580677,24.398970211339588,54.64170916232457
2024-03-31 09:00:00,63.70138484802826,27.002838420568402,55.5082608397917
2024-03-31 10:00:00,58.969116689645574,28.97619230326704,51.57670286584719
2024-03-31 11:00:00,59.13184470393387,28.130517161704187,48.73337863711427
2024-03-31 12:00:00,56.80847995613712,28.020228715117735,53.70165241709842
2024-03-31 13:00:00,55.37272666227156,28.472080685541133,53.8646354121859
2024-03-31 14:00:00,52.703472138270385,26.242476175938453,51.07083685883209
2024-03-31 15:00:00,50.78914014319941,29.437608941441198,56.45356404383558
2024-03-31 16:00:00,52.689579452331095,22.338508459323144,60.16379251322376
2024-03-31 17:00:00,52.125500961619494,23.2182537066131,62.95472510639706
2024-03-31 18:00:00,51.30302073667657,24.035409328844597,62.16324896764945
2024-03-31 19:00:00,56.58953160687113,19.069056928570753,63.60480138455169
2024-03-31 20:00:00,53.01009867461974,16.964941447497768,69.43214558588177
2024-03-31 21:00:00,56.54035518114305,15.160531006885515,64.7688273766078
2024-03-31 22:00:00,55.82309351569597,14.23422194897304,69.78978066390405
2024-03-31 23:00:00,61.12533596396995,15.814829014846847,65.57493343158893
2024-04-01 00:00:00,62.22232758586708,10.18220713300574,71.35677311725065
2024-04-01 01:00:00,64.24665885194776,16.055706854776446,67.14911484503233
2024-04-01 02:00:00,67.27491298485607,12.368873742941254,69.5354191197976
2024-04-01 03:00:00,69.36185698237125,15.29672064724928,65.72853189088919
2024-04-01 04:00:00,68.41011802486565,16.606133369551706,59.2713208307677
2024-04-01 05:00:00,68.53789192791595,19.941687066387313,63.56156933019337
2024-04-01 06:00:00,73.27918551281746,18.60281347217416,61.548741760147315
2024-04-01 07:00:00,69.23406014622583,23.63440183739126,57.70571623149813
2024-04-01 08:00:00,65.41213806022505,27.786464434930203,51.73206930673019
2024-04-01 09:00:00,65.8628092881525,24.258539852010173,51.44073648004651
2024-04-01 10:00:00,67.1505853318262,27.7797497797989,51.67023560691288
2024-04-01 11:00:00,61.61146916898813,27.251470430473013,49.24072400167142
2024-04-01 12:00:00,58.542043913733735,29.138830809289555,55.537533994556334
2024-04-01 13:00:00,56.694738613423674,28.27316536329169,52.566587545255324
2024-04-01 14:00:00,55.35840163444998,26.532960164816675,46.87766885155262
2024-04-01 15:00:00,54.05985144991513,27.035109286205767,56.348389531890106
2024-04-01 16:00:00,51.436306825239875,27.456522164680486,56.8002351020341
2024-04-01 17:00:00,52.553857623596194,22.654787150677898,59.81268360970352
2024-04-01 18:00:00,53.21966637165342,22.079636913222576,61.40782299145866
2024-04-01 19:00:00,58.083316805164046,17.11894772492417,66.51761604151653
2024-04-01 20:00:00,57.53578907949323,15.815345434773135,69.16318047706191
2024-04-01 21:00:00,59.05530278723957,16.405308557921835,68.50186153970655
2024-04-01 22:00:00,63.637434941314524,16.73098351442068,67.8450544687561
2024-04-01 23:00:00,66.44428244818161,14.288976326010582,68.89665698797707
2024-04-02 00:00:00,65.79276124908424,13.030412954215269,68.74233147804578
2024-04-02 01:00:00,66.89906709028595,13.754493410966948,65.78815353439823
2024-04-02 02:00:00,68.85736381157872,12.629197870661814,67.81128265210714
2024-04-02 03:00:00,72.4834735801131,16.60347213063384,65.65010580965081
2024-04-02 04:00:00,71.5063215155687,18.57349959348541,66.18047450536439
2024-04-02 05:00:00,71.91113736397425,18.380721662481456,63.13837445072165
2024-04-02 06:00:00,70.49730165444755,20.294936778360363,55.95644130010186
2024-04-02 07:00:00,69.59839013347923,23.33996018274708,57.550745936272676
2024-04-02 08:00:00,70.50673279823297,24.094920395938885,51.25865551158469
2024-04-02 09:00:00,65.55770091236298,26.20410193696054,53.94560161829225
2024-04-02 10:00:00,67.12646231175557,30.644773212133,50.01513206649827
2024-04-02 11:00:00,62.877003371386536,27.87390514604889,48.44186694156104
2024-04-02 12:00:00,61.7638177139884,27.962489771968166,52.00678092014179
2024-04-02 13:00:00,57.21796537965264,27.273130988715366,45.51935354555478
2024-04-02 14:00:00,57.775892040991636,28.61147848563313,49.25860003330781
2024-04-02 15:00:00,56.520500026541356,26.031464599072116,55.05627029056368
2024-04-02 16:00:00,56.59442218877386,23.775940442518372,57.8767330106643
2024-04-02 17:00:00,58.58893111863081,24.92309888667852,59.076703074605
2024-04-02 18:00:00,56.202201862641296,23.129404506770065,58.380780659128725
2024-04-02 19:00:00,56.127288900213344,18.15822181312301,62.4552703946534
2024-04-02 20:00:00,58.37241623577548,14.450190072959368,67.34198434877183
2024-04-02 21:00:00,61.57160350075292,17.20796967585677,69.24868306063073
2024-04-02 22:00:00,65.63713108067205,13.477864732976807,68.65277464261186
2024-04-02 23:00:00,65.26725204318659,14.941494701576067,71.89208445259247
2024-04-03 00:00:00,69.2494580349468,10.544844273432247,69.68682499524984
2024-04-03 01:00:00,69.67260102758488,15.094452310280838,65.92558949916439
2024-04-03 02:00:00,73.8491145000689,12.688051577695564,65.66270589715015
2024-04-03 03:00:00,67.34891060095254,16.79284531970046,60.99283460698018
2024-04-03 04:00:00,73.73165573714499,17.271409601754808,62.05902392994436
2024-04-03 05:00:00,75.05403372192904,17.627948032635953,62.780251548054
2024-04-03 06:00:00,69.68809156710947,20.389445530609287,59.38385380585479
2024-04-03 07:00:00,69.24495153866859,23.970620523703904,59.00502331479824
2024-04-03 08:00:00,67.88719226894764,24.90884167967249,52.87882585982352
2024-04-03 09:00:00,66.29498190435798,27.179920329607885,55.571020852225864
2024-04-03 10:00:00,63.908813564654984,30.45985140515638,50.82340699727867
2024-04-03 11:00:00,64.82633559314655,25.898081279601268,54.678962706424734
2024-04-03 12:00:00,62.34713149422544,30.925818862452935,51.25202569479318
2024-04-03 13:00:00,61.47140134678192,28.400977603452745,53.97384980045073
2024-04-03 14:00:00,56.41906237542246,26.147014455898614,57.32381988009538
2024-04-03 15:00:00,55.06124251600049,24.307830420290898,55.01643092854709
2024-04-03 16:00:00,58.1363056492286,24.466319413834363,58.21660106293744
2024-04-03 17:00:00,56.1955820864253,24.323618006155847,63.22215856301602
2024-04-03 18:00:00,55.62135779560704,20.80867631943347,61.99686349609737
2024-04-03 19:00:00,56.39036077900258,21.325589557102248,61.19776929373408
2024-04-03 20:00:00,58.357377132422826,15.073236464923092,71.7214786671412
2024-04-03 21:00:00,60.207419856654745,15.678565719331814,66.61981747321688
2024-04-03 22:00:00,61.01303632978662,12.626219304997216,69.0902225639455
2024-04-03 23:00:00,63.712717385199625,14.301004126769406,71.89001667362781
2024-04-04 00:00:00,61.72761316619455,14.83033108514595,67.1720976772738
2024-04-04 01:00:00,65.71149798739154,13.124413612310251,65.2745588510047
2024-04-04 02:00:00,68.33900961306344,10.598488686675953,66.9983042726157
2024-04-04 03:00:00,68.62228236901969,15.995121361295904,60.01730900521901
2024-04-04 04:00:00,68.21386995011355,17.90510782760028,61.60960621375328
2024-04-04 05:00:00,69.13453204719616,19.66529929417331,60.61259666078936
2024-04-04 06:00:00,66.24875406608653,22.853673287732523,56.99574885201465
2024-04-04 07:00:00,70.13588937101164,21.334562318795122,51.64137264203535
2024-04-04 08:00:00,67.0062075527717,25.770324158175914,57.62148385983118
2024-04-04 09:00:00,61.45576814211053,28.09206212761601,52.46461675081326
2024-04-04 10:00:00,62.448476336684806,24.827309152373292,54.88454785780272
2024-04-04 11:00:00,61.41742186254653,28.72392143604649,50.349909374548886
2024-04-04 12:00:00,57.67304351671017,27.743730253488494,49.10663760917153
2024-04-04 13:00:00,55.25042700976136,28.1221596875155,52.87872366657784
2024-04-04 14:00:00,54.47941040507352,28.01670525369089,53.09657115350005
2024-04-04 15:00:00,54.1899567286895,25.572458012729168,52.55559635502154
2024-04-04 16:00:00,50.18649577932949,23.736437881257636,61.345089241045564
2024-04-04 17:00:00,53.29851193913091,22.99237146450135,58.44432444276509
2024-04-04 18:00:00,51.179668734457216,19.36913109170573,57.72870544393342
2024-04-04 19:00:00,53.94145810092067,17.430119468403603,67.82041513489266
2024-04-04 20:00:00,54.213137398618656,18.269059924435325,65.10321599114722
2024-04-04 21:00:00,55.642187977569584,13.973508088363026,66.27466890252109
2024-04-04 22:00:00,55.65878219347289,15.504278222980366,64.27986346902668
2024-04-04 23:00:00,59.696226035908694,14.449443242112924,73.35235371649247
2024-04-05 00:00:00,66.07038790575983,10.911289906814105,65.46963096857738
2024-04-05 01:00:00,61.66580110691605,12.73920932432853,67.94035233582424
2024-04-05 02:00:00,68.63202902872881,16.295973576187635,68.64551183702984
2024-04-05 03:00:00,66.70202801973122,14.224950844391525,65.55429233250788
2024-04-05 04:00:00,67.63738743269694,16.553393606535796,62.1802356259428
2024-04-05 05:00:00,64.87236052529954,19.751948501608453,55.745835354281475
2024-04-05 06:00:00,64.99253867147377,22.175085763923878,55.64631650465954
2024-04-05 07:00:00,65.06718275044187,22.5638345092018,55.96950084510618
2024-04-05 08:00:00,62.51256817780981,23.853734707962637,51.66810379435379
2024-04-05 09:00:00,61.593533518990085,28.43685565144669,52.71417001593734
2024-04-05 10:00:00,59.00184676251188,30.103540024079354,53.01102608543628
2024-04-05 11:00:00,61.6339618588719,29.712730773340674,53.40625721450026
2024-04-05 12:00:00,53.49586877856713,28.627977213847537,48.241219168866685
2024-04-05 13:00:00,54.806633136545635,27.03204511470662,57.69738650338722
2024-04-05 14:00:00,53.20772702303931,26.24952391854862,55.55473733070579
2024-04-05 15:00:00,48.60937552199306,27.087072016798245,55.495714615827104
2024-04-05 16:00:00,51.512359097199706,25.37759733133322,60.39447005176922
2024-04-05 17:00:00,48.853020054405384,25.043540727688292,65.91351942999982
2024-04-05 18:00:00,44.837269177974214,21.975675138804306,58.732571153279984
2024-04-05 19:00:00,53.07198060949453,16.804236709091807,63.936843393771646
2024-04-05 20:00:00,49.52893297587097,18.82792142658435,60.41788188099533
2024-04-05 21:00:00,52.58590677939792,14.199608200129507,68.2758574656801
2024-04-05 22:00:00,57.81956152977107,13.928852563688102,69.6068180414144
2024-04-05 23:00:00,57.55484916648149,14.13085661220958,68.9020947113931
2024-04-06 00:00:00,61.37396618821248,16.493501234675946,67.05699850910587
2024-04-06 01:00:00,63.24770245409888,18.42043413684001,62.67044234358939
2024-04-06 02:00:00,62.52195461263803,15.414894060320767,67.2977952392083
2024-04-06 03:00:00,67.08218263761952,15.421904213020353,68.13858620978863
2024-04-06 04:00:00,64.1471672283234,18.05175847272056,60.85182526658988
2024-04-06 05:00:00,70.2777981847938,20.390340300541204,61.10014982255807
2024-04-06 06:00:00,64.29627978419798,20.518998561664034,53.75026781052682
2024-04-06 07:00:00,66.1806718942362,25.63395987213769,56.64303265923134
2024-04-06 08:00:00,64.97956943429242,25.09510613878706,52.65258322495978
2024-04-06 09:00:00,62.00404714564549,27.049915492535906,50.299726489432715
2024-04-06 10:00:00,57.94595217458673,28.494076906465022,49.40575846035815
2024-04-06 11:00:00,57.00406266120151,28.87682361308962,50.01597104491748
2024-04-06 12:00:00,50.82535861390903,29.758410750704417,52.26275085262967
2024-04-06 13:00:00,54.06261759522343,27.318563917347667,48.925363362950954
2024-04-06 14:00:00,52.79472176253541,26.6577378974645,52.64325064040142
2024-04-06 15:00:00,51.44950949765725,24.653069509441583,55.396320555001736
2024-04-06 16:00:00,43.77868731666146,25.409251845930672,54.92303053274779
2024-04-06 17:00:00,47.291262427982026,24.109547593536973,64.49166300418723
2024-04-06 18:00:00,48.575944028148776,21.686659299228083,60.19563270576862
2024-04-06 19:00:00,51.15506093730432,21.570595811752998,62.82640771591615
2024-04-06 20:00:00,53.28364555347938,17.24160597175654,63.91819115612299
2024-04-06 21:00:00,54.2777376570044,16.699811624489406,72.29042885190525
2024-04-06 22:00:00,58.583602854432336,12.867258157407738,70.0755955081002
2024-04-06 23:00:00,57.01282276885652,13.17490674912048,66.65851998439089
2024-04-07 00:00:00,62.296879531259464,14.543306636348666,71.4589113337516
2024-04-07 01:00:00,63.88975565667505,15.029209468946643,68.29597536978198
2024-04-07 02:00:00,65.92190210941034,14.063859050120564,67.00709458345777
2024-04-07 03:00:00,65.95883592834583,15.589300263313719,63.63880697811935
2024-04-07 04:00:00,71.36738484327233,14.97318937997838,60.455831438530225
2024-04-07 05:00:00,68.61848506925465,18.523313360521204,60.84441524763691
2024-04-07 06:00:00,64.77854856426349,22.33557474527934,56.30791051908816
2024-04-07 07:00:00,66.82263526449414,23.8039503624289,60.04188907393798
2024-04-07 08:00:00,66.18841073853223,25.500998582071635,50.4628112062138
2024-04-07 09:00:00,62.38300375963643,26.37796138967014,56.04616329807747
2024-04-07 10:00:00,63.63034314136096,27.50578526632551,51.02837044140402
2024-04-07 11:00:00,60.511455933421,27.253961987957723,51.74771433505276
2024-04-07 12:00:00,52.55242040027182,29.548242630303804,53.38956197997188
2024-04-07 13:00:00,55.93942404330735,28.87590311375218,50.63014812842856
2024-04-07 14:00:00,53.16177983834142,28.233218800372825,55.79665993106751
2024-04-07 15:00:00,53.926096074253806,25.514248594897868,48.731140361547375
2024-04-07 16:00:00,55.072520104187106,21.51998562019287,55.8706547610224
2024-04-07 17:00:00,52.1372188415429,24.586871905899503,57.689842981646834
2024-04-07 18:00:00,56.21657324931538,20.281743815987813,59.19560637499337
2024-04-07 19:00:00,53.87650545634368,17.764693515666345,63.96261290480233
2024-04-07 20:00:00,56.436940138768385,18.290218367871244,67.32833595113333
2024-04-07 21:00:00,59.20426871219377,15.108680181222057,69.55087863030812
2024-04-07 22:00:00,58.902009017789275,16.094714047686725,69.29552432960247
2024-04-07 23:00:00,63.016217128441184,14.681065227197168,67.33576633776613
2024-04-08 00:00:00,62.63234858649005,14.525353984800716,69.61587353116465
2024-04-08 01:00:00,65.89567748021551,11.706622736031083,68.10494287118702
2024-04-08 02:00:00,64.91741989349052,16.322725449696357,68.70410145051919
2024-04-08 03:00:00,69.76886425383354,16.08857493795149,66.44234175732944
2024-04-08 04:00:00,70.96972903412046,16.696084291130152,62.405562440724424
2024-04-08 05:00:00,72.65576376520268,19.27393986274434,57.756867484596434
2024-04-08 06:00:00,72.46103473560088,18.33564715065287,56.03825320449712
2024-04-08 07:00:00,68.61080430938472,23.554122055489902,54.1255266009053
2024-04-08 08:00:00,66.1882166562082,23.205942737726573,52.847873134531056
2024-04-08 09:00:00,67.96952392268406,24.274295430133286,52.87589743491458
2024-04-08 10:00:00,67.5436676173117,25.211651749056333,53.09460353871845
2024-04-08 11:00:00,63.600381204217626,29.913476259652963,50.87220326746156
2024-04-08 12:00:00,62.99518773863508,27.556104909460817,51.346979533149415
2024-04-08 13:00:00,57.67670075878915,30.545035262042887,52.56403712844007
2024-04-08 14:00:00,56.424459114508224,26.691488333804838,52.34627568648993
2024-04-08 15:00:00,55.210947383339494,23.74226392250993,53.186519355892756
2024-04-08 16:00:00,55.60666599703865,23.075213340076886,53.28203385080028
2024-04-08 17:00:00,54.64032790237933,24.794860268279525,58.26212660480712
2024-04-08 18:00:00,56.43665855027164,20.766152733095577,63.512235039092054
2024-04-08 19:00:00,56.81194114457629,18.23642621699528,62.742721404900614
2024-04-08 20:00:00,58.06441040946653,17.490027338779573,65.76944343711412
2024-04-08 21:00:00,58.59882221264683,16.449373245352184,68.96030685259055
2024-04-08 22:00:00,63.91401823265857,16.180907695470562,69.99505617765807
2024-04-08 23:00:00,64.09051774680725,15.928305147671555,66.3011678695849
2024-04-09 00:00:00,66.82192419268597,12.96034703131637,71.18598082773562
2024-04-09 01:00:00,68.13580053973882,11.766484773709008,70.6126038574487
2024-04-09 02:00:00,68.02928502432407,13.884611729931764,63.53933638763289
2024-04-09 03:00:00,74.36994415091192,16.08711990097492,62.44040782589704
2024-04-09 04:00:00,74.42870321448227,15.804361610684136,65.30709811378851
2024-04-09 05:00:00,70.14514149125313,17.62313078938824,59.63286619686152
2024-04-09 06:00:00,73.78934391509918,21.51568182232502,52.121183725447885
2024-04-09 07:00:00,73.50929065117664,22.868164310913063,52.00079623816884
2024-04-09 08:00:00,70.67786960237892,24.79919549311692,53.012614906389906
2024-04-09 09:00:00,72.11521973416868,25.165557856848974,49.29816474022879
2024-04-09 10:00:00,67.23371446335678,27.149589457074438,50.27310813680725
2024-04-09 11:00:00,62.19942890902999,26.858093980765577,51.080990534208944
2024-04-09 12:00:00,63.088817565735646,29.83529761668718,54.96230407348501
2024-04-09 13:00:00,60.644957771899506,29.797317699253806,51.47963657537049
2024-04-09 14:00:00,58.70692942183674,24.725908735026223,56.31739346825326
2024-04-09 15:00:00,59.511321499932635,24.90903456861025,59.0719004050919
2024-04-09 16:00:00,54.55604195298783,22.505206117364896,61.25640276745706
2024-04-09 17:00:00,59.208363893241085,21.966106936658925,60.71188648346303
2024-04-09 18:00:00,55.34585796691708,20.874843045315203,57.42114853632496
2024-04-09 19:00:00,56.93522770137692,16.884389332183545,65.65206216350992
2024-04-09 20:00:00,59.924789674266876,15.867210280311824,68.98496075021268
2024-04-09 21:00:00,62.6812487215103,14.190763082978734,67.59156087047113
2024-04-09 22:00:00,63.8850966941639,14.815710465715368,73.05479211178974
2024-04-09 23:00:00,64.15591077278636,13.85957280838636,71.14958390366864
2024-04-10 00:00:00,67.02889967662844,12.41739366999412,70.11401587948353
2024-04-10 01:00:00,67.38889654758886,14.02078761104112,70.51018041207469
2024-04-10 02:00:00,71.03127328340672,13.684789344735698,67.19738565883164
2024-04-10 03:00:00,74.35490640899772,15.289216475611397,58.26797375151172
2024-04-10 04:00:00,72.31496179867962,19.76017813544772,61.081524027247305
2024-04-10 05:00:00,74.5243753717458,21.06954873941617,62.992920068119595
2024-04-10 06:00:00,76.13660034481202,19.05062814460863,55.65165024383196
2024-04-10 07:00:00,70.24883177612568,24.185741465087343,54.94131873690838
2024-04-10 08:00:00,69.49855649375236,25.967094831736787,51.02394818456357
2024-04-10 09:00:00,73.54939990239782,24.580905925770033,56.665577853944306
2024-04-10 10:00:00,69.15350251108883,28.723356994015724,55.51039870694345
2024-04-10 11:00:00,60.07097628554648,30.55134157478682,48.79032776214817
2024-04-10 12:00:00,63.23392126760119,26.81618279063338,51.67491256437112
2024-04-10 13:00:00,60.23760241681418,26.8681894656466,50.504536246529746
2024-04-10 14:00:00,59.507186637445194,29.0216827286487,55.17340056689967
2024-04-10 15:00:00,55.347820063307424,26.71054382513745,56.77420769310564
2024-04-10 16:00:00,54.26055919839658,25.57721441285944,59.699892523109845
2024-04-10 17:00:00,54.34638023893357,23.452026662870175,60.82979611926965
2024-04-10 18:00:00,55.14965927341354,21.586043881392264,69.66788692189338
2024-04-10 19:00:00,58.97476019079226,17.06914896926487,61.93019058747324
2024-04-10 20:00:00,55.195513822097574,18.820976559932106,62.087452644587394
2024-04-10 21:00:00,58.09830181867943,17.451084129742757,66.81150313230592
2024-04-10 22:00:00,58.13364076808773,14.160723355514993,64.7733617727009
2024-04-10 23:00:00,65.70127025533866,13.690340878111234,65.26884432498503
2024-04-11 00:00:00,68.92922072690237,11.203338746166416,66.1900458011067
2024-04-11 01:00:00,66.72292264041482,14.526938436858732,65.48875637048111
2024-04-11 02:00:00,68.28405486687362,15.36289563418773,63.97741577580441
2024-04-11 03:00:00,71.34809660733828,15.603412615601396,65.7955473761138
2024-04-11 04:00:00,73.37177688198514,18.936530039805525,61.06389875320908
2024-04-11 05:00:00,71.94788787316689,18.557741315261406,59.55121356281896
2024-04-11 06:00:00,68.98191542153812,21.846908888840268,59.90621053033022
2024-04-11 07:00:00,66.54840080334775,21.411646330230255,53.58419368804643
2024-04-11 08:00:00,65.67622425106059,24.71467177368864,52.97467422255958
2024-04-11 09:00:00,66.29148193086503,26.041769472044592,53.120171331172266
2024-04-11 10:00:00,62.2162550090391,27.833152411444765,46.45274806184791
2024-04-11 11:00:00,61.83000083905372,27.690153303917914,45.03773622762354
2024-04-11 12:00:00,58.3219685019795,28.3027911064925,52.17196088539266
2024-04-11 13:00:00,54.84669190277895,29.4835144543303,53.43580706735701
2024-04-11 14:00:00,53.560998506556736,26.8400441725262,58.79658930645212
2024-04-11 15:00:00,57.93657910419468,23.89343520779107,55.895237189666666
2024-04-11 16:00:00,54.40929799106988,27.374375856308426,59.71997788722173
2024-04-11 17:00:00,55.818773880059545,25.013323956305314,59.51131839103481
2024-04-11 18:00:00,54.885450837601724,19.061605957341786,63.07243945988572
2024-04-11 19:00:00,53.08599373632995,20.09341886959862,68.66814210437374
2024-04-11 20:00:00,57.89678385716568,16.49553784417306,61.053978985364466
2024-04-11 21:00:00,56.836706104893025,16.091929964097798,68.82826927798918
2024-04-11 22:00:00,59.463684132149375,14.94614566513693,74.03229926179492
2024-04-11 23:00:00,60.964326584650834,13.403944602357587,69.70508554802336
2024-04-12 00:00:00,57.569768296300694,12.324351501620406,72.8197648446838
2024-04-12 01:00:00,68.19011357664519,12.719744724357549,66.22119826023666
2024-04-12 02:00:00,67.66965395912833,13.130521598394571,66.2838422952697
2024-04-12 03:00:00,68.4418682591731,14.448965828755183,64.58381175597191
2024-04-12 04:00:00,67.67851546970881,17.1492325649256,56.78539370752568
2024-04-12 05:00:00,68.60600856323799,17.985217178065035,57.07955543037485
2024-04-12 06:00:00,66.01918799898361,22.023078098568636,54.92844089561811
2024-04-12 07:00:00,67.32715425525163,25.172012071272164,57.555165195081486
2024-04-12 08:00:00,62.861845407330925,23.879920137944794,55.81642173353093
2024-04-12 09:00:00,63.56743637319932,26.662407609702402,53.01586247270641
2024-04-12 10:00:00,62.14929053574062,28.244718193837674,53.36692480553777
2024-04-12 11:00:00,58.279109196581935,28.95244710354682,50.58962646819557
2024-04-12 12:00:00,57.54899902064196,28.613932901874133,54.311496737247154
2024-04-12 13:00:00,52.36570289823574,29.358467324707664,52.22774247252037
2024-04-12 14:00:00,50.812347794423545,28.218563957404164,53.78069908788784
2024-04-12 15:00:00,52.60174019298976,24.44680722540826,54.836018416843444
2024-04-12 16:00:00,51.927849358085936,26.053734096584346,59.38175478816837
2024-04-12 17:00:00,46.43962620297384,24.27207909416903,58.947002958467266
2024-04-12 18:00:00,52.43375288876388,19.855070843732502,64.77044984891799
2024-04-12 19:00:00,50.577289954627574,19.115763914902388,61.66962714820973
2024-04-12 20:00:00,52.36396181756677,18.27499348921682,63.61667039385792
2024-04-12 21:00:00,52.40499406810687,15.38272841173228,69.51279552187614
2024-04-12 22:00:00,54.743861862268126,16.114276543265788,68.4719719001442
2024-04-12 23:00:00,59.913839258676425,17.30136504476093,67.86527145961718
2024-04-13 00:00:00,61.637517027419776,12.321020951047526,70.91847676779037
2024-04-13 01:00:00,62.80029962455848,11.683989398101234,66.27607509884517
2024-04-13 02:00:00,64.30633783548946,14.960537365023667,65.8634578949282
2024-04-13 03:00:00,66.75905664629246,16.779042898789953,67.99806987517762
2024-04-13 04:00:00,67.79880417300515,16.903700439233077,66.17722727044942
2024-04-13 05:00:00,66.2375004351637,21.238748156712557,63.930995525676366
2024-04-13 06:00:00,69.12839836526436,18.99209130041467,56.96531415174249
2024-04-13 07:00:00,67.3010714641011,23.980520772816355,58.57675726246152
2024-04-13 08:00:00,65.0723783881159,23.841208768861375,51.26365689989924
2024-04-13 09:00:00,61.62194782854432,28.882367718210165,49.93851417913502
2024-04-13 10:00:00,60.517750898765705,30.48396355813537,45.43052793183766
2024-04-13 11:00:00,59.36476460500552,27.094458815492846,55.182170504746324
2024-04-13 12:00:00,58.353502345092174,27.67566429613713,49.14671794070806
2024-04-13 13:00:00,55.61283084873478,29.533825527637827,51.889439916572435
2024-04-13 14:00:00,50.594940307602705,26.91449455369899,51.3602281145001
2024-04-13 15:00:00,49.33167188002583,26.235184032000962,57.237913120824665
2024-04-13 16:00:00,49.25915364614798,24.78808263081419,56.731544442283756
2024-04-13 17:00:00,53.19254349385991,20.06163310397259,56.737957773918005
2024-04-13 18:00:00,47.95147921297809,20.97924338085833,63.43352781638779
2024-04-13 19:00:00,52.93069369735809,18.02426550063488,60.915674937974
2024-04-13 20:00:00,54.324427959942184,16.510315766400694,64.27044671739027
2024-04-13 21:00:00,56.801856261990295,17.862147146304057,62.52700584749458
2024-04-13 22:00:00,58.16789977257183,12.620049130197964,65.13343715610766
2024-04-13 23:00:00,56.68615083181641,14.9753640829539,69.4463229243012
2024-04-14 00:00:00,59.85514393787156,13.081555604502288,63.78199234134447
2024-04-14 01:00:00,61.51217200811591,13.335916050088104,64.09136432250567
2024-04-14 02:00:00,64.27502960455266,15.690367315694266,66.35803874034723
2024-04-14 03:00:00,66.43132921525284,16.206776082953958,63.140982759767255
2024-04-14 04:00:00,65.5125312865938,18.10591949582939,67.30946299582126
2024-04-14 05:00:00,70.87584415768815,20.51113415253014,64.58474136506167
2024-04-14 06:00:00,65.20941359238671,20.5030374252244,55.50082243719958
2024-04-14 07:00:00,70.03150444460861,22.022787736507155,56.89284404600833
2024-04-14 08:00:00,68.64413457916173,23.122274210163617,55.509245361519696
2024-04-14 09:00:00,66.12869897421048,25.065185063930674,50.71207422087926
2024-04-14 10:00:00,59.32758446453719,31.918832166346196,47.567813722153105
2024-04-14 11:00:00,60.265266954938625,30.111463068273004,50.96925387672986
2024-04-14 12:00:00,56.08984354861265,26.473388450687967,50.87455337636319
2024-04-14 13:00:00,58.59044573692938,26.26075676205259,51.11636012351344
2024-04-14 14:00:00,54.449391314763105,28.217989620961077,54.74183113973189
2024-04-14 15:00:00,52.498911948224944,27.124198054966385,53.62317598248603
2024-04-14 16:00:00,50.21966449139716,25.573325752976025,54.79063472512907
2024-04-14 17:00:00,48.16091130444148,22.558709147938682,60.27270742587476
2024-04-14 18:00:00,51.53750063814987,20.8118186099955,63.29429663734464
2024-04-14 19:00:00,56.5112291324236,19.550676447970332,61.55838764024927
2024-04-14 20:00:00,55.376616296422625,17.37883950944049,68.68418755815657
2024-04-14 21:00:00,58.38604405644283,12.367748581979647,63.36802578961948
2024-04-14 22:00:00,61.51912502130383,14.16011002575414,67.24804878981251
2024-04-14 23:00:00,66.40970008601646,12.478446651441505,68.35497865950597
2024-04-15 00:00:00,67.2315591716984,13.762817128362768,67.102773154972
2024-04-15 01:00:00,63.55446585977737,18.233444806736927,66.38157745018208
2024-04-15 02:00:00,64.80080759494841,15.056031969828075,71.04164723644895
2024-04-15 03:00:00,74.71520463160823,15.226404611842513,62.37278977740281
2024-04-15 04:00:00,75.28829903998546,18.63270225296583,68.43242571210295
2024-04-15 05:00:00,71.37043635779524,19.78288899254451,61.09281694932754
2024-04-15 06:00:00,68.18044541356153,21.630141735677835,57.900766437357625
2024-04-15 07:00:00,71.82385913626685,23.85141872809213,56.69060088346895
2024-04-15 08:00:00,68.0601735885827,27.834815347244486,59.96085834245109
2024-04-15 09:00:00,67.29900706527346,24.60696820591012,49.72178885611174
2024-04-15 10:00:00,66.71531358958755,28.20563864360021,48.50562276605742
2024-04-15 11:00:00,64.19920150449919,26.854872002195695,49.112834508570195
2024-04-15 12:00:00,58.63099922495832,29.333268969513373,51.38702543080982
2024-04-15 13:00:00,58.91937524528453,26.866413929938847,47.89134355390846
2024-04-15 14:00:00,59.369540924470975,26.869140307975794,53.69188706761706
2024-04-15 15:00:00,58.11146937828625,25.860665987542692,59.733867833534035
2024-04-15 16:00:00,56.27406445307116,26.21372507901718,58.04914707063967
2024-04-15 17:00:00,57.51995340460351,24.31882450418218,59.2682863525618
2024-04-15 18:00:00,56.293180143189154,19.13142393533043,60.78397028421319
2024-04-15 19:00:00,58.04670051076318,19.141258328231224,66.74627926137815
2024-04-15 20:00:00,52.54423564544097,16.185630217876874,64.29937909758361
2024-04-15 21:00:00,60.83672632172828,13.808941775088062,72.41021843555822
2024-04-15 22:00:00,64.96762446797547,14.17928389598003,73.52673180588747
2024-04-15 23:00:00,64.73366059214523,13.292832120148287,69.64187699665447
2024-04-16 00:00:00,65.61396171675915,17.140074729518282,68.66454471640999
2024-04-16 01:00:00,67.46888370274215,14.404996040873035,70.37087815466406
2024-04-16 02:00:00,74.0548680581408,12.438383220485182,69.10095728624712
2024-04-16 03:00:00,73.8716958497334,14.849538134844583,62.48502067235169
2024-04-16 04:00:00,74.59378953374063,18.78207494314391,61.012983573081605
2024-04-16 05:00:00,69.18646316443753,22.191521321035424,56.69413141329187
2024-04-16 06:00:00,73.75326848926282,18.621025031642972,58.69329093991298
2024-04-16 07:00:00,72.8035292228328,20.121256260559903,57.166569708642186
2024-04-16 08:00:00,69.63037380741059,27.556447763057708,50.261224874668166
2024-04-16 09:00:00,67.96521732834323,26.887722124955236,51.067774103900064
2024-04-16 10:00:00,66.93125251460484,26.1927514305684,47.938532769445075
2024-04-16 11:00:00,66.67524389058609,29.046387326351617,48.753000474390404
2024-04-16 12:00:00,60.5717695470262,24.546378391474683,52.684210213964114
2024-04-16 13:00:00,64.75976119354213,28.249506957063772,50.372066199244095
2024-04-16 14:00:00,60.468450605261445,27.98692228764813,52.88397407924038
2024-04-16 15:00:00,57.79094302872279,27.689706068205805,51.4317206801314
2024-04-16 16:00:00,60.01841985848667,23.22915607156145,58.138104118389194
2024-04-16 17:00:00,54.64543359862482,23.069673580373756,59.88931670038817
2024-04-16 18:00:00,56.952625196684906,19.61186306091079,60.50697328083917
2024-04-16 19:00:00,58.53762702178732,19.441932795243083,64.02746425579377
2024-04-16 20:00:00,63.43591116771248,15.9069805164555,66.81469823193719
2024-04-16 21:00:00,62.05232482890914,15.084547882360846,65.75705826178664
2024-04-16 22:00:00,65.23204685174696,13.011086379431324,65.00267607659708
2024-04-16 23:00:00,65.00793612135027,14.732260665567544,73.51393608171703
2024-04-17 00:00:00,68.8728898953166,14.787676674984997,67.11015067482599
2024-04-17 01:00:00,73.70637323217487,13.403625447895829,67.55232837609252
2024-04-17 02:00:00,73.98270461207517,14.562166464056926,68.89106036822972
2024-04-17 03:00:00,73.96099846309973,13.523812019150567,73.32263796892661
2024-04-17 04:00:00,75.08201500128418,16.80048502798949,59.21815528120138
2024-04-17 05:00:00,75.12324275066065,18.983550236167762,61.124568034316574
2024-04-17 06:00:00,73.27692067686259,24.931189636544715,55.90174788084177
2024-04-17 07:00:00,75.09687457733727,21.273192299607892,54.15302423855835
2024-04-17 08:00:00,72.51906855676053,26.946265858128548,51.83550891680451
2024-04-17 09:00:00,68.3600485250163,27.798589019097477,49.39163394643858
2024-04-17 10:00:00,68.23124515317562,27.916145135118498,51.20343915893684
2024-04-17 11:00:00,63.15507707323388,30.88237442346062,47.31374328237941
2024-04-17 12:00:00,60.757665421496306,29.058158208910296,53.67368647967799
2024-04-17 13:00:00,59.91263399669525,28.828182490669963,52.343278706023135
2024-04-17 14:00:00,58.79938889432413,27.415509548857266,54.69212640157459
2024-04-17 15:00:00,53.66476075870345,28.138654182527116,54.33452847013397
2024-04-17 16:00:00,57.95618033048291,26.394703850716724,56.75261875854798
2024-04-17 17:00:00,51.23615843813522,22.002626907024556,60.718909762917924
2024-04-17 18:00:00,62.60089424845494,19.02112920810218,59.41924482490732
2024-04-17 19:00:00,60.63174536490689,18.754386205638276,63.60502391396645
2024-04-17 20:00:00,58.59016208394876,16.049942153403705,64.21492724598305
2024-04-17 21:00:00,60.49010563164812,15.601412279177657,65.56780660758237
2024-04-17 22:00:00,62.30580992030593,16.360966673642956,63.41873683503738
2024-04-17 23:00:00,63.708493816186106,13.069603820201916,72.3483164737
2024-04-18 00:00:00,66.85866647992162,13.435764928032638,66.97698555371728
2024-04-18 01:00:00,68.21338261572198,13.842590405044502,70.7026687719687
2024-04-18 02:00:00,69.50025761994951,15.77745579492473,69.03594183416482
2024-04-18 03:00:00,72.16862089074708,12.326365140123858,61.28500073370933
2024-04-18 04:00:00,69.1220220336442,16.339949557851586,59.60834331674063
2024-04-18 05:00:00,71.99525643031618,19.375782700150257,66.4012573983897
2024-04-18 06:00:00,71.21608277282769,22.80011843463988,62.04794344889508
2024-04-18 07:00:00,70.58593569716595,22.20328916700967,55.42120371668003
2024-04-18 08:00:00,68.99031537432614,21.935170940936942,54.27947173536499
2024-04-18 09:00:00,68.63467518792412,27.232868027847857,50.628655358572175
2024-04-18 10:00:00,64.1498265405936,26.54214694514477,52.38754934889913
2024-04-18 11:00:00,63.11964137845444,26.459943708532556,49.20704524819382
2024-04-18 12:00:00,62.60410928916381,27.563481915430163,46.225783152652305
2024-04-18 13:00:00,57.67397668916357,27.967655660684336,48.90188189966198
2024-04-18 14:00:00,56.83114916048895,26.58807353157635,53.68877083894732
2024-04-18 15:00:00,55.38153091056814,22.994951773250687,52.672331911243774
2024-04-18 16:00:00,56.02524236913235,26.095599295330498,57.50243493179333
2024-04-18 17:00:00,52.449153499463335,24.853455400187112,57.31334740141725
2024-04-18 18:00:00,56.09292097934997,21.97728298700975,60.3734865996677
2024-04-18 19:00:00,55.07654458212995,17.352328656093874,66.6329132660326
2024-04-18 20:00:00,54.372993776637124,16.94776269907904,66.9826623997793
2024-04-18 21:00:00,58.994081946739506,15.686917168256617,67.77006758077644
2024-04-18 22:00:00,58.799667570000864,15.403001055959692,70.89074236927806
2024-04-18 23:00:00,62.60864465637268,14.758067035909265,70.20152148336837
2024-04-19 00:00:00,58.630438171964826,12.398739301832256,72.30974066472992
2024-04-19 01:00:00,65.35975781108117,13.878549637452428,66.64458047827209
2024-04-19 02:00:00,65.81387865971162,15.190730078539582,65.28987358436045
2024-04-19 03:00:00,65.20006481551687,17.880432624320804,61.247226834022364
2024-04-19 04:00:00,67.26705425727148,18.306759809736477,61.256919612491885
2024-04-19 05:00:00,67.43834209502548,20.24244219279417,62.41192473575578
2024-04-19 06:00:00,68.34063677129947,21.125739941894324,60.92059702473274
2024-04-19 07:00:00,64.08087305857921,25.05683155607408,57.90076292021713
2024-04-19 08:00:00,66.03157379944176,25.36464419393886,49.15055930294817
2024-04-19 09:00:00,67.1568244874123,25.01166899363818,54.91363439759208
2024-04-19 10:00:00,61.54762525735225,29.60024548357092,46.71037100521816
2024-04-19 11:00:00,61.00432960411125,29.2912986059766,53.24529331030587
2024-04-19 12:00:00,59.69015352181179,27.835433968307278,50.38720624697084
2024-04-19 13:00:00,58.09338247800529,27.52520424606907,53.962104650774144
2024-04-19 14:00:00,57.06047250360977,27.940053846094887,50.3049180995843
2024-04-19 15:00:00,51.267141156240854,26.998078051800782,58.42791908176544
2024-04-19 16:00:00,49.81928672103258,25.04593839844675,54.00819172881475
2024-04-19 17:00:00,52.63929430765274,23.408105848433514,58.3288627228673
2024-04-19 18:00:00,52.19686604615925,23.549936061864372,59.83413483649892
2024-04-19 19:00:00,53.37516235754728,20.666171890084403,60.11428786794321
2024-04-19 20:00:00,57.55625060712127,17.53595338689799,66.60027994965006
2024-04-19 21:00:00,55.43534028002695,17.108665012252143,72.30945142865211
2024-04-19 22:00:00,59.200151461089774,12.956023616325599,75.36059549240167
2024-04-19 23:00:00,57.5873900918168,14.352446877752175,69.24288946771561
2024-04-20 00:00:00,65.45273766964038,16.213959524599666,71.48503562427061
2024-04-20 01:00:00,63.18122663480115,13.428487459743263,68.37446522888138
2024-04-20 02:00:00,65.16587830073719,13.233358578688014,67.61116901759988
2024-04-20 03:00:00,66.1183947251595,14.718565808210947,63.64462837218192
2024-04-20 04:00:00,66.49269728451064,15.615550443986407,62.81706371947864
2024-04-20 05:00:00,66.4112848800625,17.88171429954,61.34369676151695
2024-04-20 06:00:00,66.12342879922332,20.44423785211422,56.22447927188677
2024-04-20 07:00:00,64.01839365330466,20.832792309500707,55.306264250268164
2024-04-20 08:00:00,63.197292582947696,24.77342750092388,53.48996367182745
2024-04-20 09:00:00,66.64249606724225,27.656716619578997,54.27177965926614
2024-04-20 10:00:00,62.72508599992565,26.133556258163097,48.64158713432918
2024-04-20 11:00:00,60.084391798747006,30.523369582630668,50.87114447848087
2024-04-20 12:00:00,59.15997126681822,29.26618813279139,56.08668123602991
2024-04-20 13:00:00,58.24348438209424,29.790314575604285,55.11592174740476
2024-04-20 14:00:00,50.156736571108354,26.508438697605193,57.00898659154307
2024-04-20 15:00:00,49.25401700801798,27.58508869949884,55.56107960044499
2024-04-20 16:00:00,50.28255969101085,23.112099149407108,58.47312250329185
2024-04-20 17:00:00,50.08102147693465,24.276514089524106,62.505590416756334
2024-04-20 18:00:00,51.236798169945004,21.257759009691114,66.23001022974964
2024-04-20 19:00:00,51.3324385250205,19.888733991708584,59.62099271779295
2024-04-20 20:00:00,54.936843305258094,15.48660809156258,63.07535776305415
2024-04-20 21:00:00,56.628447353325434,14.354094377686124,71.06783888756674
2024-04-20 22:00:00,56.39836764817644,15.400651798996641,68.00110904717931
2024-04-20 23:00:00,56.32704315434466,12.333034296495924,67.32069802685481
2024-04-21 00:00:00,60.23720225637844,14.194809438148685,65.55792996911258
2024-04-21 01:00:00,64.02215048111582,11.704849593141635,66.40668688019986
2024-04-21 02:00:00,65.32948164471357,15.777070790616563,62.8580378221192
2024-04-21 03:00:00,66.19961641350491,13.847914168948265,69.72773568183226
2024-04-21 04:00:00,67.28968380505752,18.078449906518397,62.27328127597187
2024-04-21 05:00:00,66.25193707873166,19.99730356219958,59.85512364559325
2024-04-21 06:00:00,68.61583216823807,19.954842272355595,59.140820281997364
2024-04-21 07:00:00,65.41417529734761,23.814182688895603,57.90586292316634
2024-04-21 08:00:00,64.7074259317469,25.14066339500041,56.00075936070718
2024-04-21 09:00:00,62.47525437010551,25.495038074610406,54.88982622570936
2024-04-21 10:00:00,62.85041591254649,25.98235850226866,49.72955368642129
2024-04-21 11:00:00,59.83084182663611,25.300505159659103,50.255332987607844
2024-04-21 12:00:00,60.53358476167387,29.024475070949542,53.22924670200407
2024-04-21 13:00:00,58.34266395180325,25.897239540124932,50.88729871184129
2024-04-21 14:00:00,55.236068386100364,27.63820682754502,53.62327238925238
2024-04-21 15:00:00,52.8787675197929,25.90812853477626,56.49690941106177
2024-04-21 16:00:00,54.28763386922783,25.76871416315751,59.63359129985255
2024-04-21 17:00:00,54.95325750529998,22.488074589034703,55.55579759407435
2024-04-21 18:00:00,54.698733402354186,20.505828320479488,64.11623553064547
2024-04-21 19:00:00,58.11322526723395,20.156663218163185,63.91568985537069
2024-04-21 20:00:00,57.64132936743386,17.75258704362617,68.13260530783958
2024-04-21 21:00:00,60.47745115100368,16.170933076875315,69.73655786494659
2024-04-21 22:00:00,61.126792468216735,15.20871085632986,72.71312008939942
2024-04-21 23:00:00,65.31047359863345,11.45219811802139,72.38363411905301
2024-04-22 00:00:00,63.663574368723246,14.635183019980474,72.05976159312739
2024-04-22 01:00:00,66.50200237768213,14.674259493852366,71.40340443197583
2024-04-22 02:00:00,70.44056312110183,12.979784778751734,67.0924084927195
2024-04-22 03:00:00,71.43339005428305,15.330578430589009,64.58046271759244
2024-04-22 04:00:00,72.64515457427574,17.19103906855826,64.51141411386834
2024-04-22 05:00:00,74.16240178303323,18.857111985128647,61.830202378582804
2024-04-22 06:00:00,68.5295578893691,21.500789949852596,56.89796300223133
2024-04-22 07:00:00,68.26527705596764,25.088193011015953,56.51205852202164
2024-04-22 08:00:00,69.4960644873581,26.372650091508437,53.54829780235996
2024-04-22 09:00:00,66.84185847821759,24.334972068751686,50.070939094789885
2024-04-22 10:00:00,72.59294829482758,28.42829551384239,54.53281941683936
2024-04-22 11:00:00,64.38791736018383,30.237843676471044,51.13799810632522
2024-04-22 12:00:00,61.84089372074336,29.080212781033804,56.42843820764519
2024-04-22 13:00:00,58.37839531270522,29.880914334947228,48.14204069044014
2024-04-22 14:00:00,56.66607310033292,30.513596196934706,52.24409203721261
2024-04-22 15:00:00,57.06173694567169,27.838865178059613,55.58159709172674
2024-04-22 16:00:00,57.07437529492758,25.123962893462952,60.51408133814969
2024-04-22 17:00:00,55.44504226755201,24.508775549395963,60.99867343150615
2024-04-22 18:00:00,56.674334588133874,21.21733174964477,63.10555329137381
2024-04-22 19:00:00,60.80974122209612,19.094711726659153,61.681840518614464
2024-04-22 20:00:00,62.54458563310439,16.722878646429535,63.471607537604804
2024-04-22 21:00:00,61.53640258855156,18.041819179349424,68.6004902847847
2024-04-22 22:00:00,61.26970885717698,13.277166472703723,65.28306745205587
2024-04-22 23:00:00,66.3917200555231,16.054107889849043,67.67030562427668
2024-04-23 00:00:00,71.2003134278546,14.249796185610556,69.94562575931634
2024-04-23 01:00:00,73.4812805202198,11.656597040629007,65.33841795336838
2024-04-23 02:00:00,73.51979560744527,15.05628341110353,70.37735093658355
2024-04-23 03:00:00,77.1901622740984,12.546659379623364,67.55984086059435
2024-04-23 04:00:00,73.75738839191375,18.188262025246864,58.400821410076944
2024-04-23 05:00:00,75.12119279370813,20.38670438621458,57.66907189204547
2024-04-23 06:00:00,72.6304386805241,20.111466066521555,51.95618548284079
2024-04-23 07:00:00,73.59767147083404,23.126464382201576,53.54352159362992
2024-04-23 08:00:00,73.75218422433372,27.681236150625224,55.552010160751855
2024-04-23 09:00:00,69.07164015840891,25.544680802506377,51.171034010252974
2024-04-23 10:00:00,66.87863883356106,25.906829147798334,52.458660672438455
2024-04-23 11:00:00,65.36723597685372,30.466938800861787,47.19416420429564
2024-04-23 12:00:00,62.71571695015857,31.443880785796193,53.30160569985304
2024-04-23 13:00:00,63.197629235059935,28.249987204939874,50.817998296119264
2024-04-23 14:00:00,59.01824417582676,29.01238508149575,53.666463175028156
2024-04-23 15:00:00,62.0010642786504,28.31551473219558,55.26781374651765
2024-04-23 16:00:00,56.00108910619553,23.636273651192187,54.491757291845516
2024-04-23 17:00:00,60.82978834355792,22.21318408521801,57.117289170650004
2024-04-23 18:00:00,56.73077712678024,22.84631176973255,64.7488575784313
2024-04-23 19:00:00,55.332868404624115,21.58637857979382,65.49748039375392
2024-04-23 20:00:00,61.34880459301122,18.09432129026181,68.98908363456265
2024-04-23 21:00:00,62.64866249321005,14.37697761084769,68.60587422281561
2024-04-23 22:00:00,61.73431728819592,17.485401139166395,69.05080902362448
2024-04-23 23:00:00,63.55137719702034,12.959099956114185,64.68497345333309
2024-04-24 00:00:00,69.10115477091986,12.997293328242822,68.01741569469883
2024-04-24 01:00:00,72.74191727245349,14.26906305456631,67.72576783305054
2024-04-24 02:00:00,73.31465422898988,16.8360501026889,71.24672902635989
2024-04-24 03:00:00,73.5869831126017,16.977663105929622,66.21739158024738
2024-04-24 04:00:00,75.40818920482354,17.872298250542297,66.1695243601967
2024-04-24 05:00:00,74.38857726640418,19.753789956908093,61.493844264737454
2024-04-24 06:00:00,71.1582849171028,21.06527200296467,55.89237052670366
2024-04-24 07:00:00,70.08372445333734,23.778352110046626,55.79281054037416
2024-04-24 08:00:00,72.3727002224323,20.955659883458935,54.2265980849823
2024-04-24 09:00:00,69.53162738845295,25.858389670293867,49.85788244151351
2024-04-24 10:00:00,69.2950774626037,27.857173430758326,50.34569912191628
2024-04-24 11:00:00,67.48851384325683,26.517922571738588,50.48558251580707
2024-04-24 12:00:00,64.56245628391548,29.07948497671734,55.32071714481128
2024-04-24 13:00:00,60.54541292426494,27.93773686568874,47.0039200524626
2024-04-24 14:00:00,56.20095332100031,30.128404075856533,56.65058502111086
2024-04-24 15:00:00,58.278469829341226,28.662830446721657,53.15801191260078
2024-04-24 16:00:00,58.48839984877185,24.051291646323396,54.24043062590299
2024-04-24 17:00:00,52.57786101460295,22.714886270919102,62.94985532509645
2024-04-24 18:00:00,55.88855173984627,20.88907865158717,64.1591165790085
2024-04-24 19:00:00,57.22388709690691,18.38136794749178,67.63629675595247
2024-04-24 20:00:00,59.810492676878745,17.542537476042607,68.36571589954215
2024-04-24 21:00:00,60.197131919124125,14.559276037770104,72.94384113840324
2024-04-24 22:00:00,63.62374975241992,12.808886469210597,70.09014202896286
2024-04-24 23:00:00,64.49716380658276,14.689623138682355,68.6088065596921
2024-04-25 00:00:00,66.67342413745823,14.444294376332717,69.5506483799049
2024-04-25 01:00:00,68.1127877855472,12.549082663342068,70.90290145492543
2024-04-25 02:00:00,68.83210368005213,15.847842617760135,64.41552271752903
2024-04-25 03:00:00,69.71799766069887,14.749332547352573,62.87027854367152
2024-04-25 04:00:00,72.91750039035654,17.629747857057,61.556971369428304
2024-04-25 05:00:00,72.89138118492659,20.289373180649463,54.73854300308648
2024-04-25 06:00:00,70.33649587652803,20.949581152944592,58.015824615122405
2024-04-25 07:00:00,73.41210016160895,23.62325420647959,50.784678240123014
2024-04-25 08:00:00,68.8679830800237,23.975355534168155,53.76868725165268
2024-04-25 09:00:00,70.6211426758095,26.00860098375691,54.36899575627844
2024-04-25 10:00:00,63.950832413501274,27.186401382062563,50.11447641178878
2024-04-25 11:00:00,59.3970241417012,27.124576177357667,55.192789675467175
2024-04-25 12:00:00,61.369411564076806,28.234838755326326,47.65541531485196
2024-04-25 13:00:00,59.88884027326765,25.921516248872567,55.183923070019524
2024-04-25 14:00:00,57.17705756943254,26.758459907670222,55.32388161033792
2024-04-25 15:00:00,54.082024437942756,25.87598761884498,51.20991687922323
2024-04-25 16:00:00,54.984980600268074,24.365730371256973,64.44761434167916
2024-04-25 17:00:00,53.37732462074071,22.578896669462306,59.84063678623916
2024-04-25 18:00:00,53.881201629957125,20.907353700210578,60.13566135053328
2024-04-25 19:00:00,56.677259901129624,19.778019438860465,60.98228201303929
2024-04-25 20:00:00,56.62198674528705,18.56177561119934,65.8139159615296
2024-04-25 21:00:00,59.782683016750916,14.722051300828602,67.47571145308525
2024-04-25 22:00:00,60.27706442157425,12.700008188532824,68.94994625795077
2024-04-25 23:00:00,61.97666923127191,12.19248968446734,68.2555096094401
2024-04-26 00:00:00,62.2488868638067,12.76919561820761,70.27639571188958
2024-04-26 01:00:00,65.4725478280378,13.227674326107032,66.82515405240198
2024-04-26 02:00:00,61.09015012145099,13.349815372320396,61.526550737577544
2024-04-26 03:00:00,68.11792110159769,13.752524144726216,64.12659626087603
2024-04-26 04:00:00,69.12693928383496,16.56581875878861,56.41067727249006
2024-04-26 05:00:00,70.56392541247443,19.33099709190158,60.8844265772295
2024-04-26 06:00:00,68.07163646371241,21.892544198752496,55.222378018371145
2024-04-26 07:00:00,68.9097654872839,22.105008258606077,55.90840088728937
2024-04-26 08:00:00,62.44554173175384,24.13050326678496,56.92122642313278
2024-04-26 09:00:00,64.75629084153812,24.913253395627976,49.833899627769895
2024-04-26 10:00:00,59.26385437686382,27.448031772821253,53.959808209678975
2024-04-26 11:00:00,58.12476639381043,26.97180074588154,49.916526083284616
2024-04-26 12:00:00,57.637027762501084,29.3596917198618,55.689654568562354
2024-04-26 13:00:00,59.260147568796576,25.56564395926684,51.29288983294432
2024-04-26 14:00:00,55.071709256594495,26.955746019704765,51.53480650555448
2024-04-26 15:00:00,52.981588530829555,26.754961867686614,57.21809612598712
2024-04-26 16:00:00,52.0234942941903,25.025751774484675,56.581154270017564
2024-04-26 17:00:00,49.29515640315906,26.9806933342402,57.89637621467738
2024-04-26 18:00:00,50.996464714235756,21.524700036851943,61.1347717791627
2024-04-26 19:00:00,54.43602469395007,17.552775266468508,64.38848366954255
2024-04-26 20:00:00,51.95508316429802,17.106803629366347,69.71941135879153
2024-04-26 21:00:00,57.94456035906211,13.032329640900835,62.95900927041059
2024-04-26 22:00:00,57.5125379923613,14.383909847671907,68.7510340839776
2024-04-26 23:00:00,62.45426212538565,12.5059722173309,70.5622589866351
2024-04-27 00:00:00,64.0363229997964,14.873085413340242,69.17695387408112
2024-04-27 01:00:00,61.45409740791186,12.931245890938671,71.06889155764352
2024-04-27 02:00:00,64.91253049965302,14.329660597924057,66.17809770628328
2024-04-27 03:00:00,65.78559574259302,14.743362378993735,64.03862139453544
2024-04-27 04:00:00,63.690726205889206,19.858277027779746,63.810195273456806
2024-04-27 05:00:00,66.22764377448817,18.576993012553597,60.24828453737857
2024-04-27 06:00:00,71.82356806968825,23.74883556521864,56.694606748375755
2024-04-27 07:00:00,67.78292820612131,24.162370481446622,56.790360098965984
2024-04-27 08:00:00,69.00433376368628,25.47310009100305,52.00471823627979
2024-04-27 09:00:00,65.11915765683293,26.856400579875107,50.67782848589219
2024-04-27 10:00:00,59.962691698446626,28.08588647570729,49.98668250898444
2024-04-27 11:00:00,59.76433920429437,25.35293482814953,54.38267290041602
2024-04-27 12:00:00,58.34446202705951,28.081674908773866,43.25412667343406
2024-04-27 13:00:00,56.1040474936518,29.51218065394453,53.19476845284711
2024-04-27 14:00:00,52.796780542685504,27.42184475317238,53.72171850482089
2024-04-27 15:00:00,50.10171444103106,24.195516088694355,51.29782385190431
2024-04-27 16:00:00,58.699518170585556,24.671393324134115,58.444945541917456
2024-04-27 17:00:00,51.002550836893384,25.497301112652025,61.18937997957854
2024-04-27 18:00:00,51.285610129667475,22.870337573302322,63.80346948431648
2024-04-27 19:00:00,53.295941611000536,18.965851147681807,57.87042984238662
2024-04-27 20:00:00,54.12663870950765,18.677173915587968,69.77993456031462
2024-04-27 21:00:00,56.99742040128314,15.146938610549153,65.94988687234786
2024-04-27 22:00:00,62.176825866715205,11.949002091376624,70.40975180348445
2024-04-27 23:00:00,61.26761262343041,12.368857320637746,70.85268445170571
2024-04-28 00:00:00,60.15483513606118,15.844333152762296,66.50158972255319
2024-04-28 01:00:00,65.16215399617536,13.344566680088194,69.44537851493916
2024-04-28 02:00:00,66.15240090148038,14.139733502553891,65.40022792839811
2024-04-28 03:00:00,71.06671252534271,15.24694184668851,59.32155705165508
2024-04-28 04:00:00,70.86653572091892,20.10620488435912,65.2487262197421
2024-04-28 05:00:00,68.891187301587,21.497795534774227,58.06238759245877
2024-04-28 06:00:00,65.57714603266922,24.32817035017273,55.534394937232975
2024-04-28 07:00:00,65.92114719407378,22.702575022668167,54.49233532990839
2024-04-28 08:00:00,67.00849880408053,25.19343673312047,54.31663078264002
2024-04-28 09:00:00,66.70658331754073,24.028337034767524,52.06259533888484
2024-04-28 10:00:00,62.1836302981889,29.71059216756067,52.67683487516618
2024-04-28 11:00:00,60.81135999895941,26.49277437026622,47.65127658367835
2024-04-28 12:00:00,58.073297791817424,28.825163345643944,49.45070163732146
2024-04-28 13:00:00,58.01124939422913,26.598489905718825,51.91577868513582
2024-04-28 14:00:00,51.807490289902965,26.611890288275575,58.38075720096769
2024-04-28 15:00:00,53.12001518937236,25.04740721232468,55.21546865396594
2024-04-28 16:00:00,53.52254379053721,23.838187108985995,60.383684253231344
2024-04-28 17:00:00,56.98546405843769,22.132458783545477,60.096387921960314
2024-04-28 18:00:00,53.399833581779795,20.17759680761279,61.120224812327876
2024-04-28 19:00:00,55.89451824703255,20.308858029402295,63.88318893971361
2024-04-28 20:00:00,58.34242230058643,15.592705810406457,65.94291175060691
2024-04-28 21:00:00,61.93656708568647,16.027511281621543,69.30334298146171
2024-04-28 22:00:00,63.71320302063219,16.331748200075122,72.12986060554312
2024-04-28 23:00:00,63.9625193358853,12.985761756061805,69.8992021192158
2024-04-29 00:00:00,65.57760778340737,12.423121663878597,71.66102663345612
2024-04-29 01:00:00,66.81613262741796,13.409769365061514,65.38225428998567
2024-04-29 02:00:00,68.9209668809886,16.27439728415783,65.32738475864406
2024-04-29 03:00:00,70.27452442592228,15.987860587530752,62.68924366448058
2024-04-29 04:00:00,73.5459901284996,16.45317855808881,63.11548288311095
2024-04-29 05:00:00,73.07813887342215,19.784672138512214,59.102604037052046
2024-04-29 06:00:00,73.9681414009017,19.34656177524488,59.495060936662796
2024-04-29 07:00:00,73.55277448798844,23.96318210393333,53.172495720919265
2024-04-29 08:00:00,73.72715033441057,25.36291096155234,53.74361640262416
2024-04-29 09:00:00,68.98265887771029,25.841588152190877,53.92291614347032
2024-04-29 10:00:00,68.90234434676458,26.237311830712756,46.143410625797046
2024-04-29 11:00:00,64.51401974383936,26.914422313742673,56.30407826832551
2024-04-29 12:00:00,64.68592316537271,29.302226004518864,50.59878785119855
2024-04-29 13:00:00,62.09644868532232,30.08791445090172,47.143171581749634
2024-04-29 14:00:00,61.517411531478565,26.539228907840084,54.031273715763476
2024-04-29 15:00:00,58.09913147820766,26.990880914225965,55.583608669932154
2024-04-29 16:00:00,57.0145466250355,21.619459472097496,57.46589264514585
2024-04-29 17:00:00,54.999825504740386,22.0642162422833,62.47797778231598
2024-04-29 18:00:00,57.94108383499347,20.953411600694213,64.19798383449024
2024-04-29 19:00:00,62.42944596738496,17.69433203625842,65.24469047756004
2024-04-29 20:00:00,60.27451173238358,15.845240437815248,67.4893501155456
2024-04-29 21:00:00,64.15833093531221,14.695029806397526,67.53333251046455
2024-04-29 22:00:00,66.23811973247679,14.943098564106425,73.13205955970153
2024-04-29 23:00:00,66.02319914897721,13.4745627752226,65.30200995410559
2024-04-30 00:00:00,72.50128006278089,10.142653150012542,69.04246162214126
2024-04-30 01:00:00,66.03030091095768,10.57450607387947,67.95679021203193
2024-04-30 02:00:00,70.58772997756932,13.594511704830921,68.39716204584076
2024-04-30 03:00:00,71.85333849374504,16.38322902018093,62.39036530643856
2024-04-30 04:00:00,74.07832362672742,13.128742735911477,57.97018989993168
2024-04-30 05:00:00,75.92734593566182,18.309261897503376,60.39205754024523
2024-04-30 06:00:00,75.53717598473472,20.210628215224073,58.373704824624
2024-04-30 07:00:00,74.22593371482556,25.023649505581425,59.223998523618775
2024-04-30 08:00:00,73.68514019239048,24.172467282430997,50.4601338535091
2024-04-30 09:00:00,68.84508244233456,26.877784336009878,55.09250578273209
2024-04-30 10:00:00,66.57143151352616,27.70707623851429,57.22520347346616
2024-04-30 11:00:00,68.29710519221968,25.048593977457237,50.05558778119381
2024-04-30 12:00:00,62.82110211509132,29.652310824947605,48.0793120146654
2024-04-30 13:00:00,59.3599862097614,28.567538455352384,51.188335450006036
2024-04-30 14:00:00,62.751022853648124,28.257593487895665,53.6710513877491
2024-04-30 15:00:00,61.022871705319396,32.19265741855394,56.90946968751729
2024-04-30 16:00:00,63.01526636231969,21.62383059075212,56.19214176948177
2024-04-30 17:00:00,58.778668528549645,25.52818781291092,63.887996335368506
2024-04-30 18:00:00,60.561744181014156,20.568828720899344,59.543040618403246
2024-04-30 19:00:00,62.65632351401505,19.489850518335015,60.15198711956737
2024-04-30 20:00:00,60.524830477407875,17.181731632048656,69.13073709139714
2024-04-30 21:00:00,65.53498115656282,15.060344641003905,62.10767605604416
2024-04-30 22:00:00,66.20683393860281,13.650060079258806,68.18300801441983
2024-04-30 23:00:00,69.65761430759933,14.249819406191497,76.79420282302011
2024-05-01 00:00:00,70.69080786470052,11.224239454992482,68.663223554202
2024-05-01 01:00:00,73.7466226325415,14.881425054114455,64.99230950731945
2024-05-01 02:00:00,73.84003071189373,13.880517864288722,66.22046737121244
2024-05-01 03:00:00,71.91869105094808,14.00159513253995,64.37299802845125
2024-05-01 04:00:00,78.21766982835834,16.574980713006205,62.73099625680501
2024-05-01 05:00:00,72.89461322031606,20.944580987025347,61.655657455399
2024-05-01 06:00:00,77.39799072835105,20.196997369475707,55.072850673158335
2024-05-01 07:00:00,73.69719771723966,23.478823265583028,59.71887013809269
2024-05-01 08:00:00,75.04875698372993,23.6535655864262,54.24882468025278
2024-05-01 09:00:00,72.55981258316233,27.4401836337844,54.022756481944384
2024-05-01 10:00:00,68.90836976369809,28.523452136568746,49.7362940640093
2024-05-01 11:00:00,66.58965304719031,31.01735694711261,54.21595534248883
2024-05-01 12:00:00,64.87260610720216,28.236654081751176,50.66403654136548
2024-05-01 13:00:00,57.67840253690546,29.247425904305075,52.899652649673705
2024-05-01 14:00:00,60.29966396346468,27.642291837691854,51.30327377635347
2024-05-01 15:00:00,56.003084290342514,28.24710853169349,53.00767093399451
2024-05-01 16:00:00,58.816242335220046,23.671751418587046,59.3911418602099
2024-05-01 17:00:00,55.16184115649511,24.058650807584513,58.89098292448047
2024-05-01 18:00:00,55.711823972780266,20.707954055825866,60.19481368716128
2024-05-01 19:00:00,62.08791415404992,18.962574896068734,62.892041644932526
2024-05-01 20:00:00,62.41534289122566,17.38762872667248,68.11134370997225
2024-05-01 21:00:00,61.70703782146812,16.0750597357411,66.22163398105104
2024-05-01 22:00:00,64.23096660193698,14.330465906933663,68.3991951075959
2024-05-01 23:00:00,65.28719895371016,14.077626077588034,69.03756937571774
2024-05-02 00:00:00,68.12253426577307,15.867177086343277,63.899960221575874
2024-05-02 01:00:00,67.77444171112113,15.233730831254812,64.11641262062638
2024-05-02 02:00:00,72.92001531780686,15.808541360361867,67.20465575379772
2024-05-02 03:00:00,71.95977945558525,15.013389852065169,62.657426597117635
2024-05-02 04:00:00,72.64019268111285,15.91613875765804,64.97118368412444
2024-05-02 05:00:00,72.79184395342799,20.491807999087136,62.4170177606265
2024-05-02 06:00:00,71.05801746913171,22.314070188794574,59.46855025996646
2024-05-02 07:00:00,71.73589172925921,25.15014885189492,60.04942946828148
2024-05-02 08:00:00,69.11421362867029,23.844029061046168,53.428315649962684
2024-05-02 09:00:00,69.15666212528608,25.958977875858942,53.82797618070008
2024-05-02 10:00:00,68.92778166178466,25.035964284594783,49.845665121908375
2024-05-02 11:00:00,62.63171803561883,27.655737038076648,57.13092478217181
2024-05-02 12:00:00,60.91357705569095,29.994855765869172,56.26575169448841
2024-05-02 13:00:00,60.38449733196378,27.544700628325742,52.235472452234774
2024-05-02 14:00:00,56.39720032775736,28.455910221184325,54.60250454408408
2024-05-02 15:00:00,57.31191046974766,26.017546199902366,58.89824399841167
2024-05-02 16:00:00,56.23598159916073,25.236085542332624,57.302779832041246
2024-05-02 17:00:00,57.54485869736309,21.21960575354607,58.358439823000495
2024-05-02 18:00:00,54.103125959308805,21.12781417445105,64.51434578344023
2024-05-02 19:00:00,55.42377825962176,14.572153205379728,64.69609811520911
2024-05-02 20:00:00,56.8065676243266,16.969655762757082,66.82144715479171
2024-05-02 21:00:00,57.62281487124117,13.25098927552849,65.70855027638954
2024-05-02 22:00:00,61.30239607709444,16.313801246437333,64.39915206569303
2024-05-02 23:00:00,60.31177390198883,14.921667331978833,69.59035602469775
2024-05-03 00:00:00,69.5272248141847,14.200006472949122,70.95573754033717
2024-05-03 01:00:00,68.71007509288076,16.03706564357101,67.22971176136966
2024-05-03 02:00:00,68.92610156737231,13.081434690379613,69.95503482957686
2024-05-03 03:00:00,70.3575731243748,18.317743937973596,62.74020918646156
2024-05-03 04:00:00,66.2700893548674,18.648287346390227,59.69261026850779
2024-05-03 05:00:00,75.27825205055203,18.704024230902757,59.83192423201
2024-05-03 06:00:00,67.9856033650616,22.703430220774134,57.46414715569884
2024-05-03 07:00:00,68.9517752149547,21.281702569651657,57.4249218283391
2024-05-03 08:00:00,63.67695961700072,23.51322875770762,51.69863190916154
2024-05-03 09:00:00,66.67053891598927,25.390416274039193,55.62600695797731
2024-05-03 10:00:00,61.40434542236488,26.701723966287258,56.22395996966914
2024-05-03 11:00:00,61.55337982432439,26.659607233027533,50.902139932579146
2024-05-03 12:00:00,57.258893238025216,30.33462460064299,54.43094361385937
2024-05-03 13:00:00,54.49636858755374,27.856162096613108,49.56452868937653
2024-05-03 14:00:00,53.33294049282551,28.02394798091892,56.32409282227575
2024-05-03 15:00:00,54.479720005851995,25.447773809278676,58.11819102139815
2024-05-03 16:00:00,51.17584038669922,22.019095049177647,59.82922179455201
2024-05-03 17:00:00,51.01767669902561,23.346228875856035,59.961092277824854
2024-05-03 18:00:00,54.723490267187756,18.13161753686984,54.94374905281677
2024-05-03 19:00:00,58.99071564500554,18.955906092603588,62.89568214086943
2024-05-03 20:00:00,56.641567154208495,15.197527441750983,64.79917098646692
2024-05-03 21:00:00,54.13472869533373,18.677613139947525,65.3485912889087
2024-05-03 22:00:00,57.82309484163654,15.871853554878843,68.9989399479694
2024-05-03 23:00:00,61.013542471656066,13.91418698973911,67.95259138619691
2024-05-04 00:00:00,61.813735722086236,15.395560016482003,66.63180241218916
2024-05-04 01:00:00,67.10694439689142,12.486082336633299,65.14722826344082
2024-05-04 02:00:00,66.82519001149451,15.320028539621502,64.57517856696603
2024-05-04 03:00:00,69.79675754449707,15.996414791678818,67.30374802962453
2024-05-04 04:00:00,67.82205436385351,17.64603012200075,60.67680876935404
2024-05-04 05:00:00,70.86961876936208,20.96738741189117,58.712653233917344
2024-05-04 06:00:00,67.73382637609551,22.09873815416926,56.528884556520126
2024-05-04 07:00:00,65.49206466140188,23.374228332505666,56.347483784523874
2024-05-04 08:00:00,71.23251655997386,22.267668845657287,54.776662690642254
2024-05-04 09:00:00,60.736907725361206,24.86323141598004,44.59413001783226
2024-05-04 10:00:00,61.051536841663285,27.31112712798961,53.86075559796731
2024-05-04 11:00:00,59.107399372721126,28.38450225858307,54.59092008560938
2024-05-04 12:00:00,63.48511047884004,26.804694412989114,48.68120121999408
2024-05-04 13:00:00,58.685827864216286,31.861958710535752,49.775025754103005
2024-05-04 14:00:00,56.89333289087322,29.769781611263614,52.51040549987515
2024-05-04 15:00:00,52.40492233218688,27.206478339488033,53.6099899513587
2024-05-04 16:00:00,57.58536146436103,24.858055291925442,58.23044577894266
2024-05-04 17:00:00,53.195621613672664,22.622829383418157,55.13368678410222
2024-05-04 18:00:00,55.2736690754485,19.57212230996717,59.5345523858308
2024-05-04 19:00:00,54.565958101592805,19.17507793950942,68.34799300043686
2024-05-04 20:00:00,55.18968920258785,17.636628810214468,64.04341111230896
2024-05-04 21:00:00,57.53565735401618,13.83405827787839,70.90279932931762
2024-05-04 22:00:00,58.95826745203837,15.006074097483761,69.58167792557677
2024-05-04 23:00:00,62.76383327874223,13.522667729595028,64.47683071352935
2024-05-05 00:00:00,65.53335135445262,10.638288663183914,70.28165542464228
2024-05-05 01:00:00,66.24351754806693,12.464978786662606,67.50006037857781
2024-05-05 02:00:00,70.83499877548077,13.88440117148424,65.22529339005418
2024-05-05 03:00:00,62.32818943891337,18.52823062711152,65.11239273293077
2024-05-05 04:00:00,70.69541858760746,18.084829686800006,63.515955119839944
2024-05-05 05:00:00,72.21274931564103,17.055634808081027,61.768979554937275
2024-05-05 06:00:00,72.08238922409689,21.729054434125853,60.61626071294745
2024-05-05 07:00:00,69.59965774843461,20.62018685486125,56.5203397819455
2024-05-05 08:00:00,67.5295406065559,26.374036580830936,50.19695374735515
2024-05-05 09:00:00,68.18666974768082,25.5966138811723,51.02165772181228
2024-05-05 10:00:00,67.54622107996278,27.35473624527436,58.66428840157016
2024-05-05 11:00:00,61.05332274688023,30.233138668481114,52.81122765095432
2024-05-05 12:00:00,61.48546146892023,26.569254647123625,57.22988581542721
2024-05-05 13:00:00,62.40203671387078,26.148766419498454,55.694356571437964
2024-05-05 14:00:00,52.787737839488145,26.619791538864327,54.24054414821006
2024-05-05 15:00:00,53.87877635983869,27.860869135428402,56.25351767445195
2024-05-05 16:00:00,58.622909892911785,22.47098088678544,57.57917849438482
2024-05-05 17:00:00,58.16856217855548,18.69290944110336,55.65548846038396
2024-05-05 18:00:00,56.76627835039279,20.32326171238633,62.37448953709303
2024-05-05 19:00:00,55.608832196219524,19.886468361597665,67.5266863813558
2024-05-05 20:00:00,55.77564495742745,19.050392624607984,64.86486104362514
2024-05-05 21:00:00,59.09349641481399,15.001957097973444,68.82411113171422
2024-05-05 22:00:00,65.57502913958754,13.88766956094292,70.82231005133463
2024-05-05 23:00:00,62.63378895280713,15.486407404215592,66.72579890171882
2024-05-06 00:00:00,67.6823912061386,10.69538745045687,67.56507527574239
2024-05-06 01:00:00,67.36810170724166,13.172775140057523,65.24944990786766
2024-05-06 02:00:00,72.12520605262665,14.790445306503784,64.30854701395586
2024-05-06 03:00:00,70.55957907225645,16.37052722302807,61.28098679086739
2024-05-06 04:00:00,72.75469470534708,16.485289960213642,60.078250252478085
2024-05-06 05:00:00,69.95381969919576,19.11051867928947,63.54863920199449
2024-05-06 06:00:00,70.6062810859382,17.267508969880605,55.38193602135091
2024-05-06 07:00:00,72.41637139566195,21.953770219768693,55.81614804765238
2024-05-06 08:00:00,67.93600172530272,25.43026306883115,52.37886708514381
2024-05-06 09:00:00,73.9602903093268,24.829859807516986,55.15293620853271
2024-05-06 10:00:00,63.297449305288495,27.58366686076743,54.58457330490744
2024-05-06 11:00:00,63.57170191083389,28.914752448372056,53.160174955347365
2024-05-06 12:00:00,63.46346568311459,27.986176198713352,52.07200394615504
2024-05-06 13:00:00,60.58398906971051,28.500139353663062,51.62812252383765
2024-05-06 14:00:00,57.93222102658712,26.051091680456494,50.65635220884243
2024-05-06 15:00:00,57.185195946441674,25.99338393935547,60.358822202805364
2024-05-06 16:00:00,55.82439032920587,25.66532425438394,55.77144604969636
2024-05-06 17:00:00,57.5350278046118,23.176602279721198,61.65911586758211
2024-05-06 18:00:00,62.86932988563127,20.12020309565409,64.97828533748077
2024-05-06 19:00:00,59.6084129650769,19.395181768167625,63.11179875773594
2024-05-06 20:00:00,63.31201583607843,18.321914685955548,68.95899234896865
2024-05-06 21:00:00,64.96310983593153,12.621787223234836,69.70476164240725
2024-05-06 22:00:00,67.07991068928732,16.243420569050425,73.01324202505599
2024-05-06 23:00:00,61.85142298215179,13.251174194810405,67.82663383393322
2024-05-07 00:00:00,68.63472199404987,14.138234899860345,65.47867239340258
2024-05-07 01:00:00,73.66904117585301,15.551426688299616,66.53050424544887
2024-05-07 02:00:00,72.80742510974225,12.447298925770845,66.88609488701462
2024-05-07 03:00:00,78.48450132892731,14.632537637459688,64.64553181771285
2024-05-07 04:00:00,78.49355173658631,16.81717695618627,61.345776665235974
2024-05-07 05:00:00,74.84959584653883,17.88322688004473,55.227006352558
2024-05-07 06:00:00,73.69673244193459,23.602404863754284,58.846836084400586
2024-05-07 07:00:00,73.08603016572589,21.655984697528293,60.43086119770544
2024-05-07 08:00:00,72.19423588741877,23.916679830769745,54.79666706462884
2024-05-07 09:00:00,68.95893065164753,26.609884406303355,53.72861016357372
2024-05-07 10:00:00,70.87726567556092,25.69196623926925,52.73778082878646
2024-05-07 11:00:00,64.63257226360564,27.65092262953335,51.992616674706
2024-05-07 12:00:00,66.42817497932033,28.97617989187526,53.63583248056861
2024-05-07 13:00:00,64.75965510237617,27.745153090594258,53.19420556890397
2024-05-07 14:00:00,58.369785516470124,27.355110240033575,52.85434604518795
2024-05-07 15:00:00,63.705672330775805,25.509302690226495,53.510027724978706
2024-05-07 16:00:00,61.40371590133927,22.478294536228354,57.04819445587488
2024-05-07 17:00:00,61.01021894291504,23.423532655278386,60.78532374112648
2024-05-07 18:00:00,57.7065559069783,23.632399607471015,61.53916400311466
2024-05-07 19:00:00,62.202987738570584,19.08645960790675,65.28584670782855
2024-05-07 20:00:00,64.5352778483055,17.587896175871347,67.46183636493036
2024-05-07 21:00:00,63.70776123107912,16.735783273775855,69.87717721223495
2024-05-07 22:00:00,70.81154095971614,12.600813726797035,71.90031985869899
2024-05-07 23:00:00,67.63369857142392,16.309328290026464,69.19501854619715
2024-05-08 00:00:00,72.38803575023013,13.803493194634203,65.4238910237325
2024-05-08 01:00:00,72.13894812453971,16.203341651465617,66.93146839201177
2024-05-08 02:00:00,75.38178096449222,13.405259978330907,66.47411744919542
2024-05-08 03:00:00,70.75464850879712,18.42379202493763,59.91057810955766
2024-05-08 04:00:00,76.36685515477498,18.412733241051857,65.80103270617973
2024-05-08 05:00:00,74.22246470106417,19.888417290508933,60.35594478127645
2024-05-08 06:00:00,73.72550468930122,21.351036681529486,58.624010680527725
2024-05-08 07:00:00,78.25256968920239,22.568349911157476,58.913816156315775
2024-05-08 08:00:00,72.02056244553546,26.550797487710717,52.0606818939656
2024-05-08 09:00:00,69.1959537086708,26.513840663670848,53.640876193150625
2024-05-08 10:00:00,69.18068874423025,24.544585973002146,51.032007255643656
2024-05-08 11:00:00,64.70550735249259,26.56866400460742,50.539782832460205
2024-05-08 12:00:00,67.50704367064628,28.22123137171088,49.376186593887375
2024-05-08 13:00:00,61.31083234372693,28.709442171916397,56.36977940015654
2024-05-08 14:00:00,61.92825968013996,27.410307795033308,52.697288869131356
2024-05-08 15:00:00,61.8637739717383,28.131757043590262,57.24866061723879
2024-05-08 16:00:00,58.3427142786593,21.823347203942447,52.98311012539752
2024-05-08 17:00:00,59.639315831870334,23.1565247430266,62.94997132422409
2024-05-08 18:00:00,57.61358843615,18.273031161919583,64.95989929581553
2024-05-08 19:00:00,64.18812327182134,20.19842560495718,64.74358527574218
2024-05-08 20:00:00,62.783680145512164,17.108311928337898,65.79660486533366
2024-05-08 21:00:00,62.06044462543579,16.32611409913746,68.79422864809383
2024-05-08 22:00:00,63.60258218405673,13.208985030732089,74.4153090888022
2024-05-08 23:00:00,65.55755910900409,15.674753700318725,64.59190825274129
2024-05-09 00:00:00,67.53752132858102,15.062586996088276,70.64840090553676
2024-05-09 01:00:00,73.94317845081332,14.630872757349964,65.5151853786756
2024-05-09 02:00:00,69.52838298447888,14.310533601321222,66.31416503992973
2024-05-09 03:00:00,73.03383297869841,16.566485069043477,63.88029970230388
2024-05-09 04:00:00,73.8529938740724,16.189661148018523,61.25857576142834
2024-05-09 05:00:00,73.10533114427669,20.34219065026213,59.97383717736763
2024-05-09 06:00:00,72.1385680198984,23.474221341486334,54.83520073088372
2024-05-09 07:00:00,71.58842673975161,24.547058678236954,58.072951090320196
2024-05-09 08:00:00,72.44595034144218,23.655596295288653,49.1506801913251
2024-05-09 09:00:00,69.84773842749328,26.845426834808315,53.55518264801099
2024-05-09 10:00:00,67.89236104733229,25.555478212745246,50.49032793206185
2024-05-09 11:00:00,57.81622903887007,29.103029163931616,48.07268776548136
2024-05-09 12:00:00,62.452967614419386,29.17590511929381,51.81262598989501
2024-05-09 13:00:00,57.21584804872855,25.439719187869862,48.31339364917341
2024-05-09 14:00:00,59.94714704139628,25.752514762515112,53.735323523619954
2024-05-09 15:00:00,59.695399301951134,25.878592513783627,51.94280773047137
2024-05-09 16:00:00,54.2832221469737,24.298710379288547,58.82380880487176
2024-05-09 17:00:00,55.51925697138851,21.126927435140807,57.68910666592348
2024-05-09 18:00:00,54.49518857288631,21.583468094028753,61.201886363348436
2024-05-09 19:00:00,59.11723503579506,19.436067575142673,65.23487346985753
2024-05-09 20:00:00,58.167432752815074,16.95859630203252,64.43260575107347
2024-05-09 21:00:00,63.4166503970997,14.56301189086325,67.64931863488907
2024-05-09 22:00:00,61.764448984639344,16.077870161241666,64.90875618348956
2024-05-09 23:00:00,63.47275861349082,16.23866697246436,70.57718900899039
2024-05-10 00:00:00,66.17619714903313,12.774657774230194,73.10561695047868
2024-05-10 01:00:00,69.6993882409829,12.837305927099639,74.77475080383482
2024-05-10 02:00:00,65.32456780185046,15.241620969734722,66.5918813973453
2024-05-10 03:00:00,70.53625199031494,15.159655071480183,66.4705103519928
2024-05-10 04:00:00,70.43492732505844,17.04090419900529,57.877807223655175
2024-05-10 05:00:00,72.14058107690012,20.16833688931709,63.75683581576464
2024-05-10 06:00:00,70.848872031294,18.135965868738502,59.611199855887655
2024-05-10 07:00:00,66.61223315074169,24.918596325547842,54.290166387622364
2024-05-10 08:00:00,67.95022372620068,24.859020786493637,56.72899097004354
2024-05-10 09:00:00,63.91868139654313,25.68606114205588,51.569581174326366
2024-05-10 10:00:00,59.9506992505401,27.361339297051394,50.1616046058622
2024-05-10 11:00:00,63.1126485941452,28.18808772969862,52.18833731356873
2024-05-10 12:00:00,61.129231569889924,25.903198044832614,48.64828131382242
2024-05-10 13:00:00,57.78121067109336,30.486851038348004,54.759833276939894
2024-05-10 14:00:00,58.083814242259564,27.55717897678924,50.996064439504345
2024-05-10 15:00:00,52.6823052885933,26.967804054569854,52.874863025441236
2024-05-10 16:00:00,50.162648873448184,26.177324655861728,55.39640412305616
2024-05-10 17:00:00,53.686435700954874,21.40939915192872,61.89875009378954
2024-05-10 18:00:00,52.66412181544089,21.71020784855348,60.787433002123244
2024-05-10 19:00:00,52.768463840449336,18.65739552538305,61.130010539082434
2024-05-10 20:00:00,55.27088466844524,18.520156162824442,64.84976103083942
2024-05-10 21:00:00,57.264409694426114,12.505858010573665,67.7141227073585
2024-05-10 22:00:00,55.81880262845469,14.356168021254998,65.74090122744042
2024-05-10 23:00:00,60.94602263758718,12.851325319156238,66.12079722741414
2024-05-11 00:00:00,61.62803019828222,14.148394425951233,73.9715732718505
2024-05-11 01:00:00,65.9080322804639,14.460622583884353,65.6428151245253
2024-05-11 02:00:00,66.3246965709409,13.443370629383608,65.55635510874681
2024-05-11 03:00:00,71.07325710149333,14.628438344836484,63.581907498002664
2024-05-11 04:00:00,72.518000498796,17.08400194716327,61.275979386497
2024-05-11 05:00:00,71.30239496226089,17.71389382075794,61.5533668499226
2024-05-11 06:00:00,65.76636378245631,22.26297554317832,60.0409859702577
2024-05-11 07:00:00,71.3125488668424,22.387332037597513,54.73511392117075
2024-05-11 08:00:00,71.01560805564655,20.389517671017764,50.544843252841005
2024-05-11 09:00:00,65.39053715755006,25.74106777396572,55.39187193556259
2024-05-11 10:00:00,66.09189522746072,25.9373747971171,51.068314835406674
2024-05-11 11:00:00,60.69120126255444,25.7975299739766,55.32580453714292
2024-05-11 12:00:00,55.30361476669213,26.64386004266614,45.692702819485525
2024-05-11 13:00:00,55.33645654750485,28.40855640491743,52.69427941914772
2024-05-11 14:00:00,58.41104215622747,29.488151770756165,58.432554804011104
2024-05-11 15:00:00,50.92777451076059,26.773077569696976,54.616839661404526
2024-05-11 16:00:00,53.632857388170656,23.840244917676458,57.106895035740216
2024-05-11 17:00:00,53.19885248558467,23.624999131025383,60.73877922897591
2024-05-11 18:00:00,52.82809749763345,20.31136453467146,60.932381858710926
2024-05-11 19:00:00,54.08438947100417,18.016956607985854,63.719820169867475
2024-05-11 20:00:00,56.77200961036888,15.518455997651106,65.51942329520027
2024-05-11 21:00:00,57.5672625485658,13.068955930973443,66.22567679799369
2024-05-11 22:00:00,57.61874229086538,13.919923911777813,71.765473812103
2024-05-11 23:00:00,62.801115819361414,13.9926365377122,70.15269508074108
2024-05-12 00:00:00,66.80890006850109,13.355064494977665,69.31990301686011
2024-05-12 01:00:00,68.64672951962675,13.131605910910748,69.81565615128541
2024-05-12 02:00:00,67.1158677796388,13.086190380571395,65.70307144767081
2024-05-12 03:00:00,66.84121004727398,16.60906842862789,62.564490454117916
2024-05-12 04:00:00,70.43155882236475,15.274302120079987,60.82281064438591
2024-05-12 05:00:00,73.60979484146944,20.22289903249663,60.004457602761555
2024-05-12 06:00:00,72.09704296552,19.496674471609886,55.02259932314551
2024-05-12 07:00:00,71.36193549229378,21.812489982238976,54.24934745853409
2024-05-12 08:00:00,70.74363407891491,22.54982221407583,52.34574736464271
2024-05-12 09:00:00,68.06579786495166,25.551197638570468,57.51716194051245
2024-05-12 10:00:00,64.31353902539745,28.958159216100373,44.372130213563636
2024-05-12 11:00:00,63.878265457630945,29.01788582983391,50.55095069648592
2024-05-12 12:00:00,59.49918251987348,29.967633168042052,55.620902045435045
2024-05-12 13:00:00,55.92267455314277,29.027657516069137,52.510382526270966
2024-05-12 14:00:00,59.43616739664532,25.83968578558792,55.51958265287391
2024-05-12 15:00:00,58.95613076827656,25.807117022407684,55.74956578774917
2024-05-12 16:00:00,53.737488171855304,23.57970130632401,56.002295141036406
2024-05-12 17:00:00,56.48796875043535,24.93700519432722,54.39521016372656
2024-05-12 18:00:00,60.09150992060365,19.204817030361497,62.843010623512896
2024-05-12 19:00:00,56.78162650069939,20.399403695815217,62.56098348849404
2024-05-12 20:00:00,56.67925996894174,18.58943080516314,64.36312251526537
2024-05-12 21:00:00,60.11712921167614,18.441129443675266,66.54676049411225
2024-05-12 22:00:00,62.16087275055637,13.89027958267239,73.05548595316002
2024-05-12 23:00:00,63.928991860264176,14.824039542202508,75.01209385563493
2024-05-13 00:00:00,67.35789197721766,16.922477754808263,69.23635228042264
2024-05-13 01:00:00,66.50543185896015,12.829093787431422,66.6323105742809
2024-05-13 02:00:00,68.90411248383148,12.202249100317946,63.420894987050865
2024-05-13 03:00:00,73.54540765152841,12.876684090239278,65.67135040386462
2024-05-13 04:00:00,73.39922680224922,18.319068043292457,66.78663540608633
2024-05-13 05:00:00,75.27673192318447,16.234131849642562,59.38164903243734
2024-05-13 06:00:00,77.18380497265757,20.441521420592924,51.72313849219489
2024-05-13 07:00:00,72.88986601602849,23.59711261882681,57.17512417953888
2024-05-13 08:00:00,72.75339382831184,25.027763305244818,56.09953824794583
2024-05-13 09:00:00,67.53421187490585,26.941468155175667,48.241157264975904
2024-05-13 10:00:00,69.41794772606,27.828625312084178,51.74787802255586
2024-05-13 11:00:00,64.39022809093704,30.162742417138023,52.128065040340246
2024-05-13 12:00:00,64.45360259740302,27.071525428891803,51.12389930837599
2024-05-13 13:00:00,62.054526514353874,27.228950989480257,50.22884406822686
2024-05-13 14:00:00,63.07460619030619,26.336201360476892,56.175882028229935
2024-05-13 15:00:00,56.42427763984147,27.54858857669305,54.49155063507787
2024-05-13 16:00:00,53.698655455957805,26.100597882592943,53.957663187326595
2024-05-13 17:00:00,57.89087970548093,23.617980817247403,54.876313785825474
2024-05-13 18:00:00,59.85628424051801,22.775240500335165,65.48149520592122
2024-05-13 19:00:00,61.16451823684813,17.291795860666312,66.04165994117766
2024-05-13 20:00:00,63.56377044482424,19.75083616732683,66.58389489850141
2024-05-13 21:00:00,63.84460595448823,17.98155707366964,66.69354204193242
2024-05-13 22:00:00,64.29221881684286,15.608242467485763,67.37083640109368
2024-05-13 23:00:00,62.50712997437751,16.428254665988675,66.31065837889597
2024-05-14 00:00:00,70.42230213373206,11.015065188483339,67.61469332520198
2024-05-14 01:00:00,74.30397557676957,12.968884098437945,62.49401059625937
2024-05-14 02:00:00,73.45341104105486,13.401854280593902,64.52380189700847
2024-05-14 03:00:00,75.04106520911645,16.778918126736222,63.72265620912276
2024-05-14 04:00:00,77.48577533896234,15.674788890596366,63.854071523898725
2024-05-14 05:00:00,74.01560696315082,20.19509988573733,59.900183841567014
2024-05-14 06:00:00,76.81513446939589,23.05580421599472,59.657936378766045
2024-05-14 07:00:00,78.32975476124936,23.983947188395035,58.8728377627847
2024-05-14 08:00:00,73.5015324270003,25.175626535491322,56.281464203881825
2024-05-14 09:00:00,70.32140192381321,24.821490847547565,53.3820459843865
2024-05-14 10:00:00,70.33914303710092,26.224914079195194,51.33632426135049
2024-05-14 11:00:00,62.90464185913094,30.118872055112895,48.5480299789661
2024-05-14 12:00:00,66.34855402354128,29.669023505858,53.15652769184684
2024-05-14 13:00:00,65.11718000480055,28.18591441810156,56.405139821493464
2024-05-14 14:00:00,65.93361434417595,26.8683262097348,54.491304068446944
2024-05-14 15:00:00,61.85772135976945,23.264589049232185,60.293147871064726
2024-05-14 16:00:00,61.5195737181952,23.14372137197383,53.856699323924516
2024-05-14 17:00:00,57.60898321726354,25.80827146897856,57.11459153805165
2024-05-14 18:00:00,60.60430585753562,19.07931664349588,64.46737517529242
2024-05-14 19:00:00,58.501749729193705,19.34307689356348,65.16072552538282
2024-05-14 20:00:00,62.34572517215508,18.76116595979306,69.64841647210788
2024-05-14 21:00:00,64.67828941576137,13.814315139097927,67.755549532243
2024-05-14 22:00:00,67.19855206651921,14.781875183788424,66.52339388028088
2024-05-14 23:00:00,67.25505708900786,15.162429609097888,68.4660168944874
2024-05-15 00:00:00,70.9967698048496,13.518748982860876,64.8616225092924
2024-05-15 01:00:00,70.9408851910086,18.058160886332033,64.97275195131783
2024-05-15 02:00:00,74.7287246316021,12.001910583299033,68.79507102547419
2024-05-15 03:00:00,75.58752724224706,17.284791935926513,66.68196853617381
2024-05-15 04:00:00,76.64772807076747,16.990797393905485,63.23688211793806
2024-05-15 05:00:00,77.56190142352472,20.216737393985962,55.697306197599445
2024-05-15 06:00:00,75.66948694845007,21.661960727548355,56.77461965529611
2024-05-15 07:00:00,74.61632041132148,21.841408542603066,52.43750027835027
2024-05-15 08:00:00,73.39236737370331,25.093494588688678,56.577372103790395
2024-05-15 09:00:00,71.13977838380684,23.51644868180175,50.7464660320337
2024-05-15 10:00:00,68.64961113910745,28.400061779240254,48.59229828644444
2024-05-15 11:00:00,71.47301574586822,28.69168139615386,51.07449041280356
2024-05-15 12:00:00,63.156129467482515,29.457990252964652,49.70628142131171
2024-05-15 13:00:00,62.47993862775922,29.831621184798863,55.91513114144932
2024-05-15 14:00:00,60.543601130304324,28.046620288697856,51.799011725485286
2024-05-15 15:00:00,59.51665093096156,26.52543498859678,52.00192935193856
2024-05-15 16:00:00,58.86838867579753,23.42839749500795,52.28834480468227
2024-05-15 17:00:00,60.01384394481841,21.87281169279638,59.923033743965746
2024-05-15 18:00:00,55.46166286931125,22.780101930266593,60.92454612127775
2024-05-15 19:00:00,61.56795303276335,21.213360270290163,60.9277384837202
2024-05-15 20:00:00,63.085440314673406,16.892834345532325,69.3370271838184
2024-05-15 21:00:00,60.822235007962384,15.765703261980788,69.46234150263336
2024-05-15 22:00:00,61.009576226502176,13.147887909125805,68.62278773925831
2024-05-15 23:00:00,64.93917068656847,15.514691570733335,72.41081561042716
2024-05-16 00:00:00,68.54726872411086,14.498125235537668,70.34967252009832
2024-05-16 01:00:00,75.31074559922614,16.667382457527463,65.73708888026391
2024-05-16 02:00:00,73.92505208662912,13.187324855847063,63.76591062070167
2024-05-16 03:00:00,70.3565869191086,15.129687292573859,66.5449538611355
2024-05-16 04:00:00,72.89134248330568,17.597168883787663,63.32028879709143
2024-05-16 05:00:00,74.01606125549212,20.028591468319448,60.424369419927466
2024-05-16 06:00:00,74.35448998955876,20.676498543677877,55.55438408690526
2024-05-16 07:00:00,70.62671662391284,21.631701202588175,57.01986891751407
2024-05-16 08:00:00,70.55504413186439,26.07211129338562,51.747291761486245
2024-05-16 09:00:00,67.63519078434527,27.385003902717436,51.9508047294561
2024-05-16 10:00:00,65.58242137310656,26.12077937753749,54.924027929366076
2024-05-16 11:00:00,64.81027834303808,30.277607898826055,49.34791441047464
2024-05-16 12:00:00,63.54898061005881,30.255298063794907,47.37419442071629
2024-05-16 13:00:00,62.10253241839836,28.44588844303965,49.57440338626468
2024-05-16 14:00:00,60.073222226371755,27.614587321947425,56.12178603603969
2024-05-16 15:00:00,56.281743905678255,27.134387515573337,56.1368278434496
2024-05-16 16:00:00,58.39858540791036,23.45744539461638,57.34843514735497
2024-05-16 17:00:00,56.86424169919759,22.98619005701541,58.72726548672119
2024-05-16 18:00:00,57.81820014453308,17.771424683086135,63.54277117480535
2024-05-16 19:00:00,55.689611005655294,20.373540629985758,62.37723787252467
2024-05-16 20:00:00,58.364634805642574,14.907760166337015,67.12812495228458
2024-05-16 21:00:00,59.74673542906596,17.95182888374509,65.96609221202726
2024-05-16 22:00:00,67.1448183347724,14.009629330667284,66.44918397341397
2024-05-16 23:00:00,64.88796895250803,13.438055829935225,67.40628141293747
2024-05-17 00:00:00,65.28241884016305,12.558399140873242,67.75481382039167
2024-05-17 01:00:00,66.5793615363917,13.323497991948905,67.67215404422635
2024-05-17 02:00:00,68.11696698359516,16.63260648933822,66.95260051845722
2024-05-17 03:00:00,75.72708709159478,11.964986156297847,55.27908677142901
2024-05-17 04:00:00,69.97525652358141,19.165448079132183,60.310245011556326
2024-05-17 05:00:00,73.10738091550903,19.565892383383197,59.02107505660989
2024-05-17 06:00:00,70.9405424791816,19.18946752821419,61.43328369059755
2024-05-17 07:00:00,70.81488063771617,21.328174248695536,52.79999347904541
2024-05-17 08:00:00,69.38315565039622,27.26458954081169,54.043030514571036
2024-05-17 09:00:00,66.0555308218184,24.885040538984853,55.94334714028
2024-05-17 10:00:00,63.53106131871986,25.76516476248906,48.02424623853023
2024-05-17 11:00:00,65.14452127895427,29.950415510715082,51.98493806466101
2024-05-17 12:00:00,61.77563279204158,29.00782931442887,49.300987978561835
2024-05-17 13:00:00,59.93139390482746,26.837555332363625,50.94418701021677
2024-05-17 14:00:00,57.682494132745134,27.82012799149038,51.6282618844372
2024-05-17 15:00:00,56.26017175291604,24.764671833439174,53.67035672896009
2024-05-17 16:00:00,58.12368494368364,26.401232097634075,64.47540896384389
2024-05-17 17:00:00,53.7222673002227,24.53319928557832,62.111139680179086
2024-05-17 18:00:00,55.375876896257545,21.798009298232984,65.08371606038772
2024-05-17 19:00:00,52.18892117180023,19.601348753602036,65.72998371709042
2024-05-17 20:00:00,53.943534216826286,19.891782187301743,62.34831905967377
2024-05-17 21:00:00,55.91805325574038,15.696228632183445,68.78162355986834
2024-05-17 22:00:00,63.44744565104812,12.731998283485412,71.37565647286993
2024-05-17 23:00:00,56.990617200689385,14.429767172080492,66.86650131490222
2024-05-18 00:00:00,62.93032495627677,16.629070574305672,71.10664910450471
2024-05-18 01:00:00,60.94855317946184,12.233417063052979,69.55506915869539
2024-05-18 02:00:00,66.77268708434276,13.962615321575528,70.99406114271302
2024-05-18 03:00:00,68.05975764332695,16.321368198253133,63.45554246871624
2024-05-18 04:00:00,72.64363936182366,17.169142726491152,59.58534395023312
2024-05-18 05:00:00,71.32199400679798,17.58540179116533,59.095929726569835
2024-05-18 06:00:00,67.8175144575749,22.682786784344707,61.25955607698696
2024-05-18 07:00:00,69.78629374994918,26.421203921294307,50.92898529789511
2024-05-18 08:00:00,67.1645342204483,25.044197188535847,48.46509968074382
2024-05-18 09:00:00,66.17424265164144,24.947198424294836,52.42925956326902
2024-05-18 10:00:00,61.883668881815886,25.171749740803136,50.20019433146334
2024-05-18 11:00:00,59.477714116025226,28.631407668999497,51.01931973293921
2024-05-18 12:00:00,57.473426572854386,30.155816014974388,53.66994699148801
2024-05-18 13:00:00,57.37483250477409,28.95719531691112,50.82434800064263
2024-05-18 14:00:00,55.8652991185482,27.49158476700525,48.95352439199453
2024-05-18 15:00:00,58.3488694693859,25.419393381215144,60.61120389300037
2024-05-18 16:00:00,55.183435604861124,23.111754550922434,55.17755787547954
2024-05-18 17:00:00,48.05899891477493,24.19326982775692,57.35240719496949
2024-05-18 18:00:00,54.68254242911431,22.370657432078605,65.0886714402285
2024-05-18 19:00:00,53.09182216508125,16.740262481695563,63.53877719739611
2024-05-18 20:00:00,54.24930795644975,19.634758467271112,66.20548640059224
2024-05-18 21:00:00,56.9011466346828,16.557805972441617,69.00120394421076
2024-05-18 22:00:00,59.038425749573896,16.604201439335387,71.40229019437649
2024-05-18 23:00:00,60.823511928838094,11.742364680104401,68.16634826704556
2024-05-19 00:00:00,66.43286058610997,11.451263766876842,72.49321245138742
2024-05-19 01:00:00,64.27779455554979,13.532102338180989,62.454729012222764
2024-05-19 02:00:00,69.64030900789953,15.258986111959645,68.26342912306168
2024-05-19 03:00:00,73.98243441957324,18.391240375491286,62.40118110495631
2024-05-19 04:00:00,68.41032987127858,18.309118370722317,65.76004969744359
2024-05-19 05:00:00,71.02258175299093,18.694835246512273,60.35511119707673
2024-05-19 06:00:00,66.48936429889191,19.460446188500853,55.9883652640536
2024-05-19 07:00:00,69.33690027623544,24.786143697347804,57.157102732554264
2024-05-19 08:00:00,70.88664410299798,23.30294186137377,55.869009837338936
2024-05-19 09:00:00,68.25766474456213,28.74600369105781,53.81050667308719
2024-05-19 10:00:00,65.64613701367198,27.068613553973076,48.73242696431586
2024-05-19 11:00:00,64.51464816522314,30.630316806094683,49.78995719094479
2024-05-19 12:00:00,66.26518911667938,29.518396935088916,51.29648547059471
2024-05-19 13:00:00,63.10465991101035,28.0389504630044,52.10262223431502
2024-05-19 14:00:00,57.37127781701331,26.716095970643998,55.51040265791609
2024-05-19 15:00:00,53.99035547466155,25.791939042880703,50.46274691873294
2024-05-19 16:00:00,55.45128012686411,25.392475038563305,58.50644623046104
2024-05-19 17:00:00,54.39258780816274,23.056877582595504,59.27504661390793
2024-05-19 18:00:00,57.920928611519074,20.109282887897333,60.23311986496292
2024-05-19 19:00:00,55.54479002558597,18.81041004625455,62.64378305557661
2024-05-19 20:00:00,59.25688246391403,17.367865544578212,65.82761686938349
2024-05-19 21:00:00,63.49386654700982,12.503597999479116,58.79151587291107
2024-05-19 22:00:00,63.06228109202974,15.192061643799825,66.94010850962259
2024-05-19 23:00:00,64.24240111022425,12.285974465756905,66.81046293838426
2024-05-20 00:00:00,70.99529224751359,11.770001395191382,70.02529045990802
2024-05-20 01:00:00,67.03360910866243,11.22453978216605,65.78041192778409
2024-05-20 02:00:00,72.03736223936178,11.813970724814512,65.82617653025291
2024-05-20 03:00:00,74.00940663934738,13.663527886432293,68.35569156915388
2024-05-20 04:00:00,74.64621979116927,16.186468563553746,64.81525020546137
2024-05-20 05:00:00,74.15502442948608,21.988745868020843,62.25567849985817
2024-05-20 06:00:00,75.62561974824447,20.211180486157577,56.420947518050156
2024-05-20 07:00:00,73.3751623856441,23.20776799767097,56.85758069822449
2024-05-20 08:00:00,71.25009231750353,25.350722079759198,53.051294468187685
2024-05-20 09:00:00,69.63945757527642,26.499898638222383,51.715538339247836
2024-05-20 10:00:00,67.48607893290138,27.379025337294195,52.33088092276467
2024-05-20 11:00:00,68.59821604154519,26.451503051769215,49.50751602894767
2024-05-20 12:00:00,62.876105323906145,30.676391322418816,55.03917532450626
2024-05-20 13:00:00,63.67323553146523,30.955238662624957,51.80544601694473
2024-05-20 14:00:00,62.051158487352716,24.971202487199665,55.18194038496996
2024-05-20 15:00:00,59.68486623218663,24.767257972569762,59.139001198143426
2024-05-20 16:00:00,60.98423989975975,24.33028448643434,60.249763030515034
2024-05-20 17:00:00,58.20952718105907,21.4943361459038,56.47770224327405
2024-05-20 18:00:00,61.050157412682886,21.758948330183497,63.44161114344634
2024-05-20 19:00:00,61.79778581557765,17.966448858122057,66.62679848615117
2024-05-20 20:00:00,60.470109354563974,20.49758410171027,68.59361858608085
2024-05-20 21:00:00,64.75473252363544,17.482522032616238,65.0109915487732
2024-05-20 22:00:00,67.38877047506642,14.82367051756518,67.05074434405837
2024-05-20 23:00:00,70.7208176658899,15.296035697811536,71.48639558935406
2024-05-21 00:00:00,72.29967261072069,15.158850636535963,66.78893150989516
2024-05-21 01:00:00,74.14674423626741,12.909635070744487,67.04498849239918
2024-05-21 02:00:00,72.97730092606461,13.280483604803745,70.30365055443418
2024-05-21 03:00:00,80.85669217088596,15.813913735555085,64.38050187403793
2024-05-21 04:00:00,73.5377943521554,18.542454186746994,60.512436061337404
2024-05-21 05:00:00,78.77174929381594,19.267447759711782,57.8059566078435
2024-05-21 06:00:00,78.28341853985347,18.634505276712872,58.50242691804045
2024-05-21 07:00:00,73.67311253157986,21.736906172342504,52.1671299788075
2024-05-21 08:00:00,74.25761302846205,24.639040704607996,53.01769905958004
2024-05-21 09:00:00,72.69373783157795,26.189802452410355,53.038847703414824
2024-05-21 10:00:00,72.73227629541182,30.45400379356824,54.554542114767784
2024-05-21 11:00:00,67.91178516291866,26.165461783569324,52.66887020092499
2024-05-21 12:00:00,65.75608543663951,29.258383862753814,49.521504768442746
2024-05-21 13:00:00,59.50801032774155,30.478113359660604,55.15181965984928
2024-05-21 14:00:00,65.51413380578259,30.90236514651754,52.8872513754527
2024-05-21 15:00:00,59.70166179858332,25.696704724122903,52.41074244487649
2024-05-21 16:00:00,61.54145767799039,25.48714417908029,57.24052519591323
2024-05-21 17:00:00,60.68828200240769,23.795783374067213,63.5954230028634
2024-05-21 18:00:00,61.087019315734985,21.29322259733065,62.742471531084746
2024-05-21 19:00:00,63.93347003846562,18.91058935987235,64.53130466082474
2024-05-21 20:00:00,67.03027482399763,17.90396308424984,70.45699014243598
2024-05-21 21:00:00,66.82338549712337,11.898330013271433,64.21584151642361
2024-05-21 22:00:00,68.32121482174257,15.527913706710883,65.47933465146943
2024-05-21 23:00:00,69.99768207574809,13.94482315832515,64.96038382258291
2024-05-22 00:00:00,73.87399764228466,13.166287654832601,69.62495290280171
2024-05-22 01:00:00,71.86074517945616,16.825849596411366,68.21046145184788
2024-05-22 02:00:00,77.86845166236778,13.492408443430783,70.22080194887812
2024-05-22 03:00:00,78.8550961774068,15.092085157503554,65.10868769284288
2024-05-22 04:00:00,78.39883190633122,20.2373299533063,61.318978507224934
2024-05-22 05:00:00,76.28028887304662,17.810765204455894,60.0044871821952
2024-05-22 06:00:00,76.72200904502893,20.174827075595253,57.96489714023006
2024-05-22 07:00:00,76.16500498909923,22.720604703122337,51.32059681667939
2024-05-22 08:00:00,71.61909297537622,26.011101723194486,60.41186808015918
2024-05-22 09:00:00,75.70130051494375,26.615004619928353,53.50544891119515
2024-05-22 10:00:00,70.97511635763125,25.556252507654627,51.83168833345487
2024-05-22 11:00:00,69.07246242455469,27.44619085247722,52.53790996069645
2024-05-22 12:00:00,65.19149992187609,27.588968350181684,53.08019501486493
2024-05-22 13:00:00,61.329301537850235,28.128612129333423,51.854387652184315
2024-05-22 14:00:00,60.77101090231975,28.133956016327748,52.05793612871878
2024-05-22 15:00:00,61.25778853775333,26.93060949273152,56.9986267158041
2024-05-22 16:00:00,62.242929198900974,22.085982368927528,58.63490569540535
2024-05-22 17:00:00,59.6075709384892,24.537054319610682,57.97527475227645
2024-05-22 18:00:00,60.887431445387925,21.378853268994956,65.8769604343414
2024-05-22 19:00:00,59.72859682909827,21.135655233121504,65.23338009080668
2024-05-22 20:00:00,63.14077627979299,17.916297490936653,68.18850943634779
2024-05-22 21:00:00,66.59299389198829,17.34868357770472,71.27403085325938
2024-05-22 22:00:00,67.05968592649164,15.20462743879221,68.74805448951366
2024-05-22 23:00:00,68.98062003311655,15.774894937136143,69.79238001746029
2024-05-23 00:00:00,70.37120064504046,14.283375954026667,70.7184005328669
2024-05-23 01:00:00,68.68453674168067,13.60868343316763,65.98207592456004
2024-05-23 02:00:00,70.23454579876861,17.91346155228685,66.49909018779455
2024-05-23 03:00:00,74.93480479012865,17.03025482452022,64.81387146662811
2024-05-23 04:00:00,74.60795683130752,18.11061663150642,59.9392250267139
2024-05-23 05:00:00,76.7502314893625,17.144400536923843,65.79409197168482
2024-05-23 06:00:00,78.2523790531373,19.06753857380459,54.152394985346845
2024-05-23 07:00:00,74.65244574866612,23.38021606148124,52.254740240782965
2024-05-23 08:00:00,74.58258494074455,24.968281796651645,56.921605408580305
2024-05-23 09:00:00,70.59454678125378,25.382117011386395,53.988936992931315
2024-05-23 10:00:00,66.09434566678426,27.706664577801458,48.741755519696504
2024-05-23 11:00:00,64.90793280426084,30.627384089233352,52.518222537754234
2024-05-23 12:00:00,61.64324201704633,29.54310371182545,54.97629367589137
2024-05-23 13:00:00,64.87245339774455,26.532930932539145,52.130113721947325
2024-05-23 14:00:00,61.45806199594658,27.327927287669095,60.13309621950757
2024-05-23 15:00:00,59.3129490325107,25.09585113762023,51.18984547282958
2024-05-23 16:00:00,60.01712856889184,24.168450125387427,59.405187228725275
2024-05-23 17:00:00,53.27380456244737,22.32071933982427,62.916320840551265
2024-05-23 18:00:00,58.74595033652846,20.28353162609503,64.55773115993517
2024-05-23 19:00:00,55.93956754833312,17.17615410377153,63.989110683385825
2024-05-23 20:00:00,59.33915009487494,17.05851797772276,65.6378573256507
2024-05-23 21:00:00,60.66136287478652,14.855787685830224,68.90459156177813
2024-05-23 22:00:00,65.56643736932176,10.11063643661327,70.73271865323197
2024-05-23 23:00:00,64.61770529643361,16.835014339584337,70.5061835907059
2024-05-24 00:00:00,69.32303186372012,15.133154481325008,71.29347716358514
2024-05-24 01:00:00,67.62816106674384,13.191105215444452,65.24705374139342
2024-05-24 02:00:00,71.72070480546628,14.533038046227347,65.79453358286986
2024-05-24 03:00:00,72.15970549033631,13.939217620124529,62.14996016969013
2024-05-24 04:00:00,68.05200335151443,19.793584316716696,61.364089465708204
2024-05-24 05:00:00,69.64936439814672,21.904790203890034,62.538052229536085
2024-05-24 06:00:00,71.31724768038121,21.235040592369526,57.94058839589111
2024-05-24 07:00:00,72.76844010074339,24.47643880454632,62.017147907874566
2024-05-24 08:00:00,70.03340206040394,25.012930168400768,54.11955488729507
2024-05-24 09:00:00,65.52122936478365,24.29821270058546,52.3550010673894
2024-05-24 10:00:00,65.0706047026191,26.8774554749378,51.572124861999036
2024-05-24 11:00:00,66.8276841595393,28.44233564732585,49.40547826785016
2024-05-24 12:00:00,61.12705032453893,27.818178421884834,51.16207603245432
2024-05-24 13:00:00,58.26935647285319,27.91646378101552,55.025241433719316
2024-05-24 14:00:00,58.0074263195952,27.358091192119495,53.92096563964041
2024-05-24 15:00:00,57.13525947474862,26.181983112100994,53.51635067529083
2024-05-24 16:00:00,53.83231844765429,24.828387735746638,55.35791704287976
2024-05-24 17:00:00,56.040997957877146,21.350235238674813,58.87449527083498
2024-05-24 18:00:00,54.63167825123106,19.92447577630844,62.51402999195006
2024-05-24 19:00:00,57.980524401045194,17.131980763181,67.48396633869042
2024-05-24 20:00:00,56.96707940590733,18.71672332452949,63.01273942726307
2024-05-24 21:00:00,60.750518851564955,12.538228728340213,66.99466293933749
2024-05-24 22:00:00,58.95597886542655,16.235194986592568,69.05410748518918
2024-05-24 23:00:00,60.609098746425246,15.835080398726369,64.41573558092641
2024-05-25 00:00:00,67.07612959967396,13.046729119526068,66.60933672918569
2024-05-25 01:00:00,67.94326411806324,9.850850671090958,66.09450728471938
2024-05-25 02:00:00,69.34626713118753,13.96284362866586,64.37403509605357
2024-05-25 03:00:00,69.3789384420535,15.600422899166926,64.9797238625547
2024-05-25 04:00:00,72.86229335964727,15.73410267010615,61.92797238216827
2024-05-25 05:00:00,69.76473514078337,18.28602957101867,58.61178474349792
2024-05-25 06:00:00,69.58714229469868,23.2952927982946,58.740535160458826
2024-05-25 07:00:00,71.037434705783,23.93853358172158,59.80768679411505
2024-05-25 08:00:00,71.08095127956778,23.36315382843333,57.734180261176014
2024-05-25 09:00:00,65.76335244034054,23.90690210450549,47.39884193578431
2024-05-25 10:00:00,68.49462139872253,27.00466455196855,52.749348022986396
2024-05-25 11:00:00,62.93100779275324,27.924258528142218,50.5549417748404
2024-05-25 12:00:00,57.86621992108128,29.244298781044975,51.69455592056192
2024-05-25 13:00:00,59.13570331752363,27.441468628316407,51.210063782083225
2024-05-25 14:00:00,55.648514108384454,28.262439891426467,53.93001054403884
2024-05-25 15:00:00,55.50392805598711,29.20603191898964,55.87851849017939
2024-05-25 16:00:00,54.2506781847577,25.973251533666943,56.223249200704835
2024-05-25 17:00:00,54.68580410940822,22.869010077272886,57.75908113043746
2024-05-25 18:00:00,53.27272701698041,20.725274293419712,61.207632199373954
2024-05-25 19:00:00,58.221917092981776,18.523847460461305,65.08564816114152
2024-05-25 20:00:00,54.795656533190886,19.020961368678545,67.86145188488895
2024-05-25 21:00:00,57.530857204060005,14.755728972174463,69.92760107741016
2024-05-25 22:00:00,62.14343766730313,14.572643535116809,67.4578573789344
2024-05-25 23:00:00,66.94346559168203,13.832353155653554,69.70961141825684
2024-05-26 00:00:00,65.56013242403847,12.747323710782702,71.099588916485
2024-05-26 01:00:00,70.09988653413248,11.696857981005712,70.70821587192079
2024-05-26 02:00:00,71.71884680351779,14.989271227042789,66.21687889535043
2024-05-26 03:00:00,72.66727883298125,15.605193183317567,63.94767068765083
2024-05-26 04:00:00,71.05744017209203,18.00036070415497,62.80718199051393
2024-05-26 05:00:00,70.04222592575866,18.258456702072127,57.12573131775616
2024-05-26 06:00:00,66.90927585747458,22.831231948219838,57.18660481648965
2024-05-26 07:00:00,70.98015325508372,21.62598216645022,57.3614659961833
2024-05-26 08:00:00,71.47374618453635,27.31806042602644,55.2409067929303
2024-05-26 09:00:00,66.54399822355276,23.681846094156736,51.53010235503053
2024-05-26 10:00:00,67.41771107328215,28.147345625218463,51.85096306611625
2024-05-26 11:00:00,61.93360068735558,28.957589720957987,48.93837414927328
2024-05-26 12:00:00,62.764955931096104,27.306664398088678,53.06539793396077
2024-05-26 13:00:00,61.52727998204211,28.881034603959677,52.01121777559883
2024-05-26 14:00:00,56.88557236879867,29.414468533023562,52.946160340080354
2024-05-26 15:00:00,58.900062587583555,22.978072599868316,54.59569040976659
2024-05-26 16:00:00,56.024487863030735,25.50411721123617,57.5133939268283
2024-05-26 17:00:00,59.428693093912145,19.20123660777326,58.8803058876693
2024-05-26 18:00:00,58.50412673539811,19.551502794715855,63.974728995928885
2024-05-26 19:00:00,57.981777791430396,21.502606709082684,63.51179112995898
2024-05-26 20:00:00,63.69451577595362,16.377326949912387,70.34637127074733
2024-05-26 21:00:00,64.04669893906461,13.93587919448747,71.45725489276367
2024-05-26 22:00:00,62.80675181991409,14.207902878139468,66.4644737119651
2024-05-26 23:00:00,65.47348726447368,16.857415810077516,69.1742606735732
2024-05-27 00:00:00,69.30284351782947,10.75247662919096,67.06669088326133
2024-05-27 01:00:00,71.41693557043747,12.178591435372804,66.9776097260885
2024-05-27 02:00:00,77.30880740676915,16.750956996386073,71.37002969979063
2024-05-27 03:00:00,73.9256765303422,18.48325265640773,63.73107145721053
2024-05-27 04:00:00,70.88098396081503,17.094853163564554,63.2299364986167
2024-05-27 05:00:00,74.67608658347618,17.200278107940758,61.3533032350216
2024-05-27 06:00:00,70.0482775812393,24.14376525271299,55.16905516286951
2024-05-27 07:00:00,72.68860402052864,25.33280642589245,53.362261313976745
2024-05-27 08:00:00,68.4451172984408,25.76842048164355,50.62098304080089
2024-05-27 09:00:00,69.69347699682025,25.084697335492883,49.99084453119591
2024-05-27 10:00:00,65.92026911572495,27.42164651712599,44.18159229010569
2024-05-27 11:00:00,68.17147460080574,28.003903575600543,52.36145600198407
2024-05-27 12:00:00,65.38282187255751,28.996276956923367,56.442152166538605
2024-05-27 13:00:00,63.44571377458773,30.420945854364984,52.57532321353123
2024-05-27 14:00:00,61.145657058686204,28.814316090089513,50.09536682096977
2024-05-27 15:00:00,58.37088918188255,24.68723674342179,53.89305904274914
2024-05-27 16:00:00,60.56450302652422,26.814744675030138,56.523436481514274
2024-05-27 17:00:00,63.69317956906099,23.41084104828909,57.45603805696659
2024-05-27 18:00:00,61.240063229553435,22.030598693788352,64.47982800191019
2024-05-27 19:00:00,60.26560546989085,21.258668450649328,66.52565011093849
2024-05-27 20:00:00,60.59889728181456,15.582629625729542,63.47533154613388
2024-05-27 21:00:00,63.298203088947254,15.642960773041953,69.60693124517837
2024-05-27 22:00:00,68.45914332884367,13.707627644578174,72.51036409554476
2024-05-27 23:00:00,72.42734969330135,11.403767164783826,73.7563955130739
2024-05-28 00:00:00,72.33334247220374,14.02006496640738,75.8563624943165
2024-05-28 01:00:00,74.06897200348011,17.522891130208635,65.53924701045163
2024-05-28 02:00:00,77.90590380363274,11.74469285485835,73.42451209666751
2024-05-28 03:00:00,77.65266402813204,15.648278224526209,63.61448402872823
2024-05-28 04:00:00,75.80972730864039,18.210814402611998,60.84820776747204
2024-05-28 05:00:00,78.05036870840851,19.243474464214838,60.81768093719469
2024-05-28 06:00:00,75.66692297489307,20.83030792122633,56.21547525884428
2024-05-28 07:00:00,77.15326380728636,20.992318293100585,56.497610351617126
2024-05-28 08:00:00,75.57701028062846,25.099180114409567,50.33584599997806
2024-05-28 09:00:00,77.09537464324002,25.16815489337501,51.60888986078186
2024-05-28 10:00:00,69.92018579712537,24.21030797091513,54.52062314930264
2024-05-28 11:00:00,69.79900238556256,30.036332027938567,50.85734677142211
2024-05-28 12:00:00,69.83123168306246,29.937578729763064,51.66065703024808
2024-05-28 13:00:00,66.88567987557661,28.321935162444642,53.39391787773309
2024-05-28 14:00:00,65.42406871257577,27.83880256069204,56.56269304261458
2024-05-28 15:00:00,63.01648739401375,27.914777877972984,51.36193821952614
2024-05-28 16:00:00,64.36305331974609,25.086509485167355,59.131938723671155
2024-05-28 17:00:00,59.034464760101955,24.297169170410662,59.329652151895424
2024-05-28 18:00:00,59.390387499636574,20.553776698689365,62.7459661442017
2024-05-28 19:00:00,62.51145817125044,21.026832769592495,67.14987542440504
2024-05-28 20:00:00,59.73188056793047,17.731178588899773,63.378494402149
2024-05-28 21:00:00,68.36098339418983,15.987777056509968,65.26261753045229
2024-05-28 22:00:00,70.86315516485075,12.599717838548603,63.85475753731702
2024-05-28 23:00:00,69.21100709400727,14.185990084284615,67.62710264559055
2024-05-29 00:00:00,72.14509822953936,12.252067623758323,72.01941329754897
2024-05-29 01:00:00,74.40575881602288,12.798132213038995,67.49276066287656
2024-05-29 02:00:00,76.19233967254792,13.28174602914229,63.01364879154196
2024-05-29 03:00:00,77.74782681277748,14.097346743252064,63.285803138562756
2024-05-29 04:00:00,77.8308074323796,20.43715710452514,58.609717147195965
2024-05-29 05:00:00,76.87783112580445,21.05586575471384,57.18703474567338
2024-05-29 06:00:00,78.61335708720065,23.88055125321532,58.642675869737275
2024-05-29 07:00:00,77.7640677895393,21.106800308935,52.56531668423502
2024-05-29 08:00:00,73.94231991343003,24.85688062486626,56.41762473232971
2024-05-29 09:00:00,76.41036177643689,24.363039421092644,52.02797063886419
2024-05-29 10:00:00,68.68889295449905,26.451648212587713,51.520654323259535
2024-05-29 11:00:00,69.0426854452383,26.867253222043285,50.304067580980266
2024-05-29 12:00:00,68.1835590660718,30.35937600966234,53.23878715975763
2024-05-29 13:00:00,63.458358244230126,27.650099180015424,54.16367108538225
2024-05-29 14:00:00,63.121103919295024,29.09775952892459,54.47367484910144
2024-05-29 15:00:00,62.495642302777945,27.209482193281932,56.91197276476956
2024-05-29 16:00:00,58.05884556104008,28.205458128156817,57.140404419275335
2024-05-29 17:00:00,61.048265844839705,20.721976503560086,61.35550751727226
2024-05-29 18:00:00,59.91056253373851,22.8888498596805,61.4846769672374
2024-05-29 19:00:00,60.03478211744712,20.778518467332823,64.50557905540582
2024-05-29 20:00:00,67.89345337188334,15.789931742959597,65.67735165726344
2024-05-29 21:00:00,62.58153266488137,17.20739914581041,66.65118228576193
2024-05-29 22:00:00,68.29786069872652,15.009026916156074,66.97055294229702
2024-05-29 23:00:00,67.92773133174221,13.41434191290198,70.16922525964722
2024-05-30 00:00:00,68.90986597460055,12.264096769542,71.96984721863537
2024-05-30 01:00:00,73.06637231522691,12.676892125658137,70.72198356323372
2024-05-30 02:00:00,74.22374000631517,17.579527615295707,63.22254769081546
2024-05-30 03:00:00,77.05663795442251,15.697723369537012,67.7230076285177
2024-05-30 04:00:00,78.41858071897416,18.423195002296747,61.53397515187887
2024-05-30 05:00:00,82.01455520995061,17.872508089228923,61.50183253786444
2024-05-30 06:00:00,75.92164442696946,19.83022058066716,55.40509026395916
2024-05-30 07:00:00,72.39470676236606,24.564120052143924,55.854949784685274
2024-05-30 08:00:00,74.14543917066167,22.725635682672483,54.42034692656314
2024-05-30 09:00:00,70.18648252637732,25.680480207041366,48.49425938614151
2024-05-30 10:00:00,70.48190950062298,27.54623164499115,52.827335479259006
2024-05-30 11:00:00,63.81411409605593,28.411502599927964,54.36483751959579
2024-05-30 12:00:00,68.82339064946791,28.231360072475766,50.87004769919421
2024-05-30 13:00:00,63.66829569014681,28.83817336881199,55.60619169301016
2024-05-30 14:00:00,56.49487413324839,28.53447416210994,53.16180523568914
2024-05-30 15:00:00,57.20093833631259,27.40525717708887,57.62396132761593
2024-05-30 16:00:00,59.73655870993617,23.27129428699877,52.12420367919945
2024-05-30 17:00:00,60.440763245789284,22.514910191375805,66.0469444482831
2024-05-30 18:00:00,55.070301925652,22.79214429281587,66.06801701903011
2024-05-30 19:00:00,59.74596842059724,20.400827943091876,63.78843623936634
2024-05-30 20:00:00,56.443761806787705,15.190710822777957,61.433738464068796
2024-05-30 21:00:00,61.375514962807145,16.223918991629688,68.51429955482354
2024-05-30 22:00:00,66.45708398005398,11.537471597554598,65.08351856891704
2024-05-30 23:00:00,64.55313236239098,13.825958655922689,70.11213384389372
2024-05-31 00:00:00,63.87261250450512,16.346650525118967,69.72224673451218
2024-05-31 01:00:00,70.0461369666573,12.333717226928615,65.44072071155537
2024-05-31 02:00:00,70.29195022326837,13.253324903378937,69.16637858971514
2024-05-31 03:00:00,73.17158728390183,16.84274381345996,66.51393675701613
2024-05-31 04:00:00,71.75435328646202,14.935797727184948,64.7689297491443
2024-05-31 05:00:00,71.55014650172478,18.10972461690336,60.02214425917187
2024-05-31 06:00:00,67.8718666952972,21.894661706372936,54.1318184267931
2024-05-31 07:00:00,72.04840418828297,21.98971406673475,57.94468068052828
2024-05-31 08:00:00,69.57090168972739,24.396045019183184,52.96011047148225
2024-05-31 09:00:00,65.09629498543366,27.419579424371108,48.73132100795855
2024-05-31 10:00:00,66.21655147201376,28.12750965368799,54.68676597833414
2024-05-31 11:00:00,65.80370990951134,28.644671291611168,56.248518801256274
2024-05-31 12:00:00,61.09906264386465,27.991316581094942,51.203547240950215
2024-05-31 13:00:00,60.01399811864386,28.79953537007158,57.60357425244776
2024-05-31 14:00:00,58.253317456301716,27.309591508234096,53.86432579084911
2024-05-31 15:00:00,53.697191814169244,26.99000927378806,54.54886023958422
2024-05-31 16:00:00,59.797315071374584,24.004601962322948,56.094482458613314
2024-05-31 17:00:00,54.65828412769984,22.667289376699845,64.09270601998213
2024-05-31 18:00:00,57.28157422405662,19.51506331117175,60.37901170245211
2024-05-31 19:00:00,58.17018790326498,19.006345746722694,66.33817327493696
2024-05-31 20:00:00,57.869471330113775,16.03349870455716,64.9660514430309
2024-05-31 21:00:00,61.238140980488225,14.025629465857907,66.64346172762382
2024-05-31 22:00:00,62.124597122805596,14.892801193399977,71.26895667152557
2024-05-31 23:00:00,60.76301665627445,14.074665966618445,68.04990788427662
2024-06-01 00:00:00,64.79046713558684,14.674310602422858,67.68134398805107
2024-06-01 01:00:00,66.86329689307381,13.108867948469182,70.62624037699703
2024-06-01 02:00:00,68.5007458909818,15.116888741871788,70.35745426373339
2024-06-01 03:00:00,67.85403064474012,16.522895499511055,66.11172450821057
2024-06-01 04:00:00,73.31667472268748,17.917160711747407,60.69244696686222
2024-06-01 05:00:00,74.99230793185964,17.820376637528376,58.7234787517569
2024-06-01 06:00:00,73.02279412711451,21.224045223406076,57.870416753427655
2024-06-01 07:00:00,72.62956993053018,23.48735328235069,56.30232515481474
2024-06-01 08:00:00,67.99802401972254,24.760767700361413,51.16637419397172
2024-06-01 09:00:00,66.74641253166234,23.173584371342418,54.01336621488947
2024-06-01 10:00:00,63.42388156894733,27.735924964343713,51.52045088749763
2024-06-01 11:00:00,63.053528738834935,31.563240256263665,46.710729203404675
2024-06-01 12:00:00,61.30231247439299,27.959941096864526,48.98435135724635
2024-06-01 13:00:00,58.98288445395423,27.152328050385204,50.94544968181078
2024-06-01 14:00:00,59.71102726247381,28.055213367950483,53.45389474721869
2024-06-01 15:00:00,57.01647356260949,26.77186817459875,60.22319698875992
2024-06-01 16:00:00,53.27477744792527,26.539102748124677,58.266056859425895
2024-06-01 17:00:00,54.36249598040031,21.054340604405983,57.89807027525249
2024-06-01 18:00:00,56.831463275602616,22.097070378863272,62.88094841669025
2024-06-01 19:00:00,58.52618697828839,19.944490253608578,63.619780631365494
2024-06-01 20:00:00,59.404562697981454,17.03678019458901,67.17585662951264
2024-06-01 21:00:00,63.774346508499974,16.204730117983544,69.24564785164867
2024-06-01 22:00:00,65.15028027976489,16.04899569401451,71.71640905466118
2024-06-01 23:00:00,64.90846304333378,15.064029372874893,68.93928376082494
2024-06-02 00:00:00,65.61403329124988,11.785471031889408,72.79073375560118
2024-06-02 01:00:00,65.79686836763692,14.98579358296524,70.06428529040059
2024-06-02 02:00:00,69.55114562905969,14.407776564067797,64.59536216864826
2024-06-02 03:00:00,73.46395648571469,15.806010288124321,70.0246391643722
2024-06-02 04:00:00,76.2014929549353,17.359795486501678,63.14685768909852
2024-06-02 05:00:00,73.60952622667483,18.83349267853322,57.912188740069425
2024-06-02 06:00:00,74.57685969427966,22.787561245660584,61.8029112221538
2024-06-02 07:00:00,71.52078473500094,22.815565898494725,60.69444396299599
2024-06-02 08:00:00,72.14000444192976,23.070680807425347,53.55347581002311
2024-06-02 09:00:00,70.51314622540934,25.713006074943735,50.94664571500143
2024-06-02 10:00:00,62.7888928277757,27.7632326035987,50.87573016976427
2024-06-02 11:00:00,63.55486157843988,30.088265873613558,52.78682931879425
2024-06-02 12:00:00,64.6085733740146,29.40464202742325,54.501309200974674
2024-06-02 13:00:00,61.94914229185519,26.968640779047444,53.631989693099285
2024-06-02 14:00:00,56.024360554989045,31.222975403401378,53.89034699049989
2024-06-02 15:00:00,53.561045882395454,26.70046382536658,59.24502942576083
2024-06-02 16:00:00,56.43935492929536,26.66308610699872,56.88853741144783
2024-06-02 17:00:00,57.74862033072377,22.71357118790363,62.57729834591716
2024-06-02 18:00:00,56.18978066922211,21.80003886705827,61.60921441004495
2024-06-02 19:00:00,59.26189373124223,20.31805991850832,65.57755739502637
2024-06-02 20:00:00,61.29328328457156,19.077292067632094,66.08005461870252
2024-06-02 21:00:00,63.608203886702064,17.282751599168463,67.6545981774275
2024-06-02 22:00:00,59.762430737646476,15.81310497172652,67.74986614294603
2024-06-02 23:00:00,64.84889567980277,13.282926206040877,72.36213507795173
2024-06-03 00:00:00,68.97793890797843,12.642380937065909,66.8610173413303
2024-06-03 01:00:00,72.43969928386697,14.254467568318265,65.94364800268843
2024-06-03 02:00:00,74.16208515948044,15.904501580128098,71.66644494529238
2024-06-03 03:00:00,75.83416769200693,15.362618089935422,66.94461891163614
2024-06-03 04:00:00,74.0239724103138,18.847757948571317,56.36658715918988
2024-06-03 05:00:00,74.50959397997255,21.237782279960545,58.5868531519742
2024-06-03 06:00:00,74.29205228052314,19.62551862138969,53.140655250172806
2024-06-03 07:00:00,76.56581188858573,21.685761782573962,53.1232732664628
2024-06-03 08:00:00,71.353313905162,24.539437411641213,45.78975230373632
2024-06-03 09:00:00,73.43194706666873,26.76471986118261,51.86329742170515
2024-06-03 10:00:00,70.46265551016756,26.70834000773275,48.4518130154952
2024-06-03 11:00:00,67.2892042857972,30.272747715468654,51.149763141991095
2024-06-03 12:00:00,64.2412574263315,29.13610029227768,47.24386441619176
2024-06-03 13:00:00,61.38544467028312,28.30361426952938,52.41305099886985
2024-06-03 14:00:00,61.82906055302241,25.341326242580756,52.59874827402023
2024-06-03 15:00:00,61.5397068041182,24.329577134257864,59.25488241297109
2024-06-03 16:00:00,56.1652955020883,25.171513875423045,61.1990207484415
2024-06-03 17:00:00,61.37859209717121,19.74224939903655,61.963364007524376
2024-06-03 18:00:00,62.65726317822015,22.518956114467215,61.512836954268934
2024-06-03 19:00:00,63.75315229878758,18.82162639517321,69.46345098815061
2024-06-03 20:00:00,61.25595919501348,22.11463945439221,62.48137283607896
2024-06-03 21:00:00,64.62975809973136,19.158573517025406,64.2853320601508
2024-06-03 22:00:00,66.76440810393596,14.232635867745435,68.4838746868791
2024-06-03 23:00:00,70.6807306767448,13.596050799034888,74.63509527230279
2024-06-04 00:00:00,74.90785585871627,14.993372271003045,68.18748516942647
2024-06-04 01:00:00,75.50755971059587,16.310315217708983,67.3361155260371
2024-06-04 02:00:00,77.58600913058181,12.047765885462386,62.759185140399495
2024-06-04 03:00:00,77.22506225612368,13.017135943068789,66.86482396317555
2024-06-04 04:00:00,80.0220391498308,16.316947791668763,64.71231204174703
2024-06-04 05:00:00,74.86546119478993,19.93296353649109,61.97268800350018
2024-06-04 06:00:00,77.26887601126155,21.74531038576106,56.09757691195972
2024-06-04 07:00:00,77.82463499365048,24.545800020744007,53.73323307906771
2024-06-04 08:00:00,77.67313840770454,22.950453707451857,50.40323334330841
2024-06-04 09:00:00,76.44484369897553,22.82908506444599,52.415452620342435
2024-06-04 10:00:00,72.22542935070729,28.782211821336464,48.60564924020227
2024-06-04 11:00:00,69.82606393094729,27.002149287720044,48.05645873687678
2024-06-04 12:00:00,69.79633657388909,25.472268203417045,50.2474407711216
2024-06-04 13:00:00,63.97448125221264,28.462039316107166,50.98288092797962
2024-06-04 14:00:00,62.29032086056588,28.684954060711217,52.29109264726603
2024-06-04 15:00:00,63.404253167658574,26.120215160717322,56.666111492100086
2024-06-04 16:00:00,63.00811407244577,24.06322742072674,57.868248099451954
2024-06-04 17:00:00,58.67430813828953,22.702099490050923,59.2796099237217
2024-06-04 18:00:00,63.77728270844232,20.444125856399246,62.786903726701475
2024-06-04 19:00:00,65.60236151387763,17.036786493820777,62.02118239723812
2024-06-04 20:00:00,65.16896334878467,16.177978984514603,66.6271575904533
2024-06-04 21:00:00,71.32859447539565,16.478618998621474,68.17073486617092
2024-06-04 22:00:00,67.11337180413645,14.987327283681967,64.93571528820775
2024-06-04 23:00:00,70.27057680471968,14.007646011782352,71.48923438592591
2024-06-05 00:00:00,72.56056365143655,12.00727727721993,66.48974817353425
2024-06-05 01:00:00,74.9045932501577,13.483301559628384,68.02000313207598
2024-06-05 02:00:00,76.98782538087355,11.239211901952476,69.27499038201805
2024-06-05 03:00:00,75.00549845273575,15.964414136928186,66.81419189428533
2024-06-05 04:00:00,76.7758047646429,19.39328656171981,62.41520487734494
2024-06-05 05:00:00,78.97347622912194,16.847658963667804,59.093752492795424
2024-06-05 06:00:00,80.9785952428519,20.121108490022866,60.03940836551624
2024-06-05 07:00:00,81.52788906477691,23.43480300633409,57.18673744452105
2024-06-05 08:00:00,77.78655235372372,26.62926395164164,52.09012641921137
2024-06-05 09:00:00,72.41588784822271,25.630963934448364,50.218537248435965
2024-06-05 10:00:00,70.41459725965663,26.456815034484325,46.125779609158585
2024-06-05 11:00:00,70.07574489980325,25.29105898354373,51.38507960420897
2024-06-05 12:00:00,70.8610801120782,28.65515719396216,51.09992320085251
2024-06-05 13:00:00,64.26569688388514,31.307557757383535,55.0462498025459
2024-06-05 14:00:00,60.854206503508465,27.911228221330724,54.5336767030217
2024-06-05 15:00:00,61.437876790791954,26.269882390123783,58.835572985430986
2024-06-05 16:00:00,62.737599686253766,25.233123466151092,55.92721802428663
2024-06-05 17:00:00,62.70288732126701,22.924504832346212,62.845375827419375
2024-06-05 18:00:00,61.341601032779636,19.78047844160953,61.00708045816095
2024-06-05 19:00:00,63.40973532416929,20.29377703524774,66.44399015448022
2024-06-05 20:00:00,58.76410598061362,17.588642284668023,62.717065049351504
2024-06-05 21:00:00,65.4895465071796,15.723119019001954,68.38206688247521
2024-06-05 22:00:00,69.07025855129076,13.041760430699497,63.73161258298689
2024-06-05 23:00:00,66.98474000587791,15.710818200734083,68.33215628514562
2024-06-06 00:00:00,69.34845173194397,14.497054117999665,69.79421742129658
2024-06-06 01:00:00,69.5185394901118,12.926175046780891,66.49180725598276
2024-06-06 02:00:00,77.2432650322438,16.007546752139156,63.737866958789375
2024-06-06 03:00:00,74.60119181356797,14.950342883522781,66.61529617323977
2024-06-06 04:00:00,77.13191008485758,16.076994761233497,62.070714431305724
2024-06-06 05:00:00,77.85450632431643,17.919302485510375,58.77607338242309
2024-06-06 06:00:00,79.65157637927524,18.343397170368057,57.77536839696419
2024-06-06 07:00:00,74.65331753566423,23.64845640889523,62.09167285486453
2024-06-06 08:00:00,73.14006222792639,22.003282682492014,56.519796093774964
2024-06-06 09:00:00,72.40949765845582,24.460635112000435,55.112205536409896
2024-06-06 10:00:00,72.73458616454678,24.38180851476529,52.39553336087927
2024-06-06 11:00:00,66.67559217282248,28.115339157981694,51.41621318144287
2024-06-06 12:00:00,62.55921952227545,28.274519309592193,45.316461842572146
2024-06-06 13:00:00,59.59524704190256,27.75439937738863,50.50832049978214
2024-06-06 14:00:00,58.784809333867635,25.9313239863775,52.43460293631445
2024-06-06 15:00:00,61.48010550690509,24.544950228744504,50.81276983988115
2024-06-06 16:00:00,57.658718998731416,25.446554795319877,54.77708911853928
2024-06-06 17:00:00,57.10696820251319,22.115314940705716,55.04790882269253
2024-06-06 18:00:00,57.03204988057362,21.47453748230496,62.233561816678964
2024-06-06 19:00:00,60.04748864147234,17.730984132545004,66.5469149271214
2024-06-06 20:00:00,60.26374198615302,17.521594114157157,69.13089732723965
2024-06-06 21:00:00,61.29601170050808,17.651616197075075,68.83118978925827
2024-06-06 22:00:00,66.58666006130166,15.3840581722057,66.28484158360493
2024-06-06 23:00:00,69.30000801182646,13.136935575507486,64.1698371037001
2024-06-07 00:00:00,64.75639803412514,13.885798455533891,64.30116068809808
2024-06-07 01:00:00,70.742909842206,13.394558541036483,64.62177219092385
2024-06-07 02:00:00,70.01471006241245,14.516629748658689,64.14181178558952
2024-06-07 03:00:00,72.42495207411147,15.208282562878324,64.10062875502113
2024-06-07 04:00:00,73.9878586268081,17.003497191171828,59.7939608606058
2024-06-07 05:00:00,73.02840890007609,19.376997191341914,60.847439734171644
2024-06-07 06:00:00,73.8624133504283,19.50996195062625,57.08994483707902
2024-06-07 07:00:00,73.76580840949117,21.417324597783615,55.5263642793524
2024-06-07 08:00:00,71.81427338931711,22.66718616925332,56.48666535099926
2024-06-07 09:00:00,67.86225713192593,23.902894202143397,49.25519203043947
2024-06-07 10:00:00,65.8141960678978,25.669266490052287,52.3534290091296
2024-06-07 11:00:00,61.32307559495135,28.483637457373966,50.96506692880982
2024-06-07 12:00:00,60.69036756587583,27.160818726762173,50.47295186097417
2024-06-07 13:00:00,63.854275432015086,29.014865393514643,54.41891216810477
2024-06-07 14:00:00,56.82660273706571,27.547261151512288,55.83357435571374
2024-06-07 15:00:00,55.339389607975534,23.3505445387419,53.13377301002786
2024-06-07 16:00:00,56.568235191517125,25.73246337633343,57.21522713443187
2024-06-07 17:00:00,55.46455602829671,24.157340806656993,60.7030292064601
2024-06-07 18:00:00,56.315187538867015,19.50920598774777,61.64685453586575
2024-06-07 19:00:00,59.91188464020197,19.689144476073984,65.96255333071959
2024-06-07 20:00:00,60.0430683140713,15.965252643886135,67.06694107545364
2024-06-07 21:00:00,59.41425250002553,15.8432047062242,72.3756317349496
2024-06-07 22:00:00,61.775667753271875,12.608061861184584,64.8676345967771
2024-06-07 23:00:00,64.13977866590923,11.065896624030163,68.69391002563151
2024-06-08 00:00:00,68.30311857805248,12.925774215580548,66.42207615782114
2024-06-08 01:00:00,67.9489097018731,13.569962883419725,69.30449727265727
2024-06-08 02:00:00,66.44651548784664,13.908289931195036,62.3210313055657
2024-06-08 03:00:00,71.72872832112054,13.920653303766523,65.36578177556248
2024-06-08 04:00:00,69.01960806035791,16.65015140680307,60.754250327552555
2024-06-08 05:00:00,76.34096131242933,19.462799290601595,58.16459533469762
2024-06-08 06:00:00,69.6982383992183,20.932660454816062,54.054383085225176
2024-06-08 07:00:00,70.41481969199558,23.21489438416807,54.337310134498374
2024-06-08 08:00:00,70.41920830848733,23.744827199317907,56.347290295048694
2024-06-08 09:00:00,66.65163941169156,28.060877730973086,52.14279965711679
2024-06-08 10:00:00,65.70216418909001,25.730930523550757,52.87586860808465
2024-06-08 11:00:00,64.4280849445876,28.97578414279803,55.161604554915684
2024-06-08 12:00:00,64.07409279218597,30.27283663943994,51.96605652545479
2024-06-08 13:00:00,60.82973839843087,28.965805836291384,50.808772435783915
2024-06-08 14:00:00,61.05913823968015,27.19140418778628,54.804169507277344
2024-06-08 15:00:00,54.83423937905887,25.510855288905226,54.139259634213914
2024-06-08 16:00:00,56.23178569683269,26.30413147656968,56.40957188583456
2024-06-08 17:00:00,56.69126047220142,20.806680450376252,56.200268000952285
2024-06-08 18:00:00,57.64449449173605,19.544813609430747,64.645015133633
2024-06-08 19:00:00,60.2778973879576,18.462520513494066,63.534993560875435
2024-06-08 20:00:00,57.93427531100016,19.106480636268806,66.8192066452182
2024-06-08 21:00:00,59.62224234408206,16.266350595162553,65.20432381254338
2024-06-08 22:00:00,64.36251852679707,13.05274083385132,69.7832015108902
2024-06-08 23:00:00,61.546480771566664,13.290094744754713,67.09514690466229
2024-06-09 00:00:00,67.04485446525412,12.578515283855559,68.33906063234737
2024-06-09 01:00:00,69.45925124879258,12.690872814481414,69.98879371215808
2024-06-09 02:00:00,68.90616391489816,15.973143809451603,68.3408593112603
2024-06-09 03:00:00,75.07140113377004,13.639084447205592,64.44492481870809
2024-06-09 04:00:00,70.18888224519019,19.663171283601194,57.90904382415581
2024-06-09 05:00:00,73.24241942020701,20.301201697008096,67.48202642515298
2024-06-09 06:00:00,73.55170204347516,22.6362925059044,62.035276019760914
2024-06-09 07:00:00,75.38018803720416,22.246733570230386,57.30668706222092
2024-06-09 08:00:00,71.0480967350719,24.525088921381194,51.75302951534409
2024-06-09 09:00:00,71.89613823963823,24.153573137111664,51.92179096168516
2024-06-09 10:00:00,69.07030148202253,26.708196917783066,49.94811648895695
2024-06-09 11:00:00,65.67822999537265,28.984925968632858,54.15963984774097
2024-06-09 12:00:00,60.784179850120175,30.444094592672094,51.962924790527886
2024-06-09 13:00:00,59.14149354610477,26.583708471964403,50.245361720040094
2024-06-09 14:00:00,60.42813392421801,26.94693162290571,52.459151221508996
2024-06-09 15:00:00,58.13554523568626,26.076352028550424,58.30297035642512
2024-06-09 16:00:00,61.0424509681263,22.65631619671097,61.670873211128495
2024-06-09 17:00:00,59.805594537207774,23.828166700906518,63.820828908715164
2024-06-09 18:00:00,58.91912826003842,19.914014502386458,64.22195156855678
2024-06-09 19:00:00,57.681482750343676,18.765771634966267,63.868437827993155
2024-06-09 20:00:00,62.28444749689326,16.572075942132397,58.26017646735633
2024-06-09 21:00:00,61.722674039448634,14.51269138252121,68.53712869358043
2024-06-09 22:00:00,64.04556709540975,14.494241993395937,68.68876053949121
2024-06-09 23:00:00,65.99824500302715,13.432141934980079,69.34995524080338
2024-06-10 00:00:00,69.99658205688584,12.942213176582001,68.82807580418473
2024-06-10 01:00:00,74.68013298670066,12.662863870311384,64.47857322918696
2024-06-10 02:00:00,73.90780069446392,14.984096477791212,67.75748242280709
2024-06-10 03:00:00,73.84472455797771,18.177125043839165,66.08054078507934
2024-06-10 04:00:00,73.18362958206212,17.45983084925892,64.03521836107292
2024-06-10 05:00:00,77.32181887474182,20.553034484096873,62.366442508934014
2024-06-10 06:00:00,75.3609451508735,18.914667112269353,59.18075770638133
2024-06-10 07:00:00,75.58627503082663,23.177784997209592,54.47492647115306
2024-06-10 08:00:00,73.94325114532485,23.103947521543116,53.45894684953071
2024-06-10 09:00:00,74.85824881130928,24.087913467601368,52.433583534074124
2024-06-10 10:00:00,70.65089925371974,26.38613341719421,51.57591618616511
2024-06-10 11:00:00,68.11805698822904,30.032292698788225,53.49554413992932
2024-06-10 12:00:00,67.26087270607943,29.92502374300447,52.915839445954475
2024-06-10 13:00:00,69.14621848243526,28.60895078024972,57.39912996486497
2024-06-10 14:00:00,65.94158531887483,25.196139688548364,59.15221141903322
2024-06-10 15:00:00,62.04651563653264,26.00887988181681,55.69912395653412
2024-06-10 16:00:00,60.91704843658538,25.20255001335318,48.07898972292868
2024-06-10 17:00:00,60.48260396567353,23.20444718263697,63.092081165317516
2024-06-10 18:00:00,60.753537732450674,18.234309624779417,60.978430558455
2024-06-10 19:00:00,62.144365755683125,17.723380389701333,62.49629019542295
2024-06-10 20:00:00,62.909408477601616,17.153883353776543,65.36784784320486
2024-06-10 21:00:00,67.37831936159753,16.50113550537722,66.67762101702326
2024-06-10 22:00:00,67.33951921656822,11.210617739966928,70.22400696186489
2024-06-10 23:00:00,73.26837662546647,13.512370339612367,65.10141055218443
2024-06-11 00:00:00,74.252374001133,13.714573154818428,65.9990305721225
2024-06-11 01:00:00,74.70786149974658,15.029974285606396,68.65212501955351
2024-06-11 02:00:00,76.49619215093887,15.544095847972855,67.92132110671253
2024-06-11 03:00:00,76.73526331977077,16.570556119313828,66.10385411234081
2024-06-11 04:00:00,79.59152501446084,16.050089239946452,60.361780708589734
2024-06-11 05:00:00,81.91259310014476,16.19685395604589,57.55433587683412
2024-06-11 06:00:00,77.42836234659293,20.410420864408135,56.404041509607666
2024-06-11 07:00:00,74.40936906075271,24.443590576081622,56.099681880712325
2024-06-11 08:00:00,77.5289335783092,26.840181791286224,57.34973239250317
2024-06-11 09:00:00,74.88818191067861,27.36912451234518,47.08717840151339
2024-06-11 10:00:00,70.35487300739521,28.13920176258571,50.754845671002435
2024-06-11 11:00:00,68.89603231834671,28.813903169746993,47.66830389743699
2024-06-11 12:00:00,66.90641206167619,27.66582187985883,47.17606087001474
2024-06-11 13:00:00,65.4007049944795,28.049353256837517,54.62316297930152
2024-06-11 14:00:00,63.77175985519004,29.99879481712326,54.997600405569024
2024-06-11 15:00:00,63.76217318800668,24.88946385021162,56.623583789868185
2024-06-11 16:00:00,61.26687531729402,27.172168186064756,59.973193193404406
2024-06-11 17:00:00,61.5255851855225,22.45810060653114,58.800702758084846
2024-06-11 18:00:00,62.292138707095724,22.988148163642464,61.247777615087635
2024-06-11 19:00:00,65.48612755196005,16.94863464748581,69.96432654180583
2024-06-11 20:00:00,64.77271389239104,18.12885630174747,65.74753339502993
2024-06-11 21:00:00,70.17044317524064,14.591543937179518,69.6320589166949
2024-06-11 22:00:00,71.08561320363539,12.38190868373065,68.70928628900991
2024-06-11 23:00:00,68.10636620291405,14.083357366448393,64.37935367480397
2024-06-12 00:00:00,74.0828130686079,15.014207682893954,63.58175992709865
2024-06-12 01:00:00,77.13503876162878,12.488144144941568,66.3467680842103
2024-06-12 02:00:00,77.14948564333592,12.256285530929016,69.00421415985437
2024-06-12 03:00:00,75.59708622955728,15.558931994598074,66.47072914159007
2024-06-12 04:00:00,79.30384592326274,17.118847006834184,64.61456431648226
2024-06-12 05:00:00,78.89780218166848,19.881336603063264,57.53238455266015
2024-06-12 06:00:00,76.38878433558844,22.424391857045954,61.71030981938442
2024-06-12 07:00:00,74.85119477395496,22.852020066359064,53.08776674953383
2024-06-12 08:00:00,75.4632786567005,27.533254972191568,54.16809996599613
2024-06-12 09:00:00,73.98812626155222,26.63965297570193,52.17989064117102
2024-06-12 10:00:00,71.73574991466674,26.975550769372678,50.871983012611665
2024-06-12 11:00:00,70.89756119341482,25.827092658513983,54.34648034573902
2024-06-12 12:00:00,65.8343690026795,28.10601071952575,49.54389126298352
2024-06-12 13:00:00,65.08713363765571,27.739863279051285,48.83175822666008
2024-06-12 14:00:00,64.91865163449005,28.935647722805626,53.68602768483659
2024-06-12 15:00:00,61.99193361957175,26.99702629499983,54.50043316428443
2024-06-12 16:00:00,59.69149573401248,22.98094631755045,66.11408589178237
2024-06-12 17:00:00,60.91491137126052,23.199524417886767,61.69126869109993
2024-06-12 18:00:00,59.66515528575942,22.007296757593586,61.3060199678757
2024-06-12 19:00:00,62.72396950974184,21.350904200813197,61.859721077031516
2024-06-12 20:00:00,64.28950211360704,18.581255951121722,61.66324000425749
2024-06-12 21:00:00,62.16663645980621,16.837969122567678,65.23118091971652
2024-06-12 22:00:00,69.36647751467319,14.59493846353933,68.9806868659994
2024-06-12 23:00:00,67.69428450995645,14.33802431096719,72.56832162898692
2024-06-13 00:00:00,74.65104337420716,15.374257351059239,71.49755529257168
2024-06-13 01:00:00,74.24718094474584,11.756390206612297,68.3669657131756
2024-06-13 02:00:00,72.9011265469036,13.98065048079153,65.5560418664226
2024-06-13 03:00:00,74.47286348447068,14.537846017966636,65.17203089103062
2024-06-13 04:00:00,77.47843143503376,17.818729678089,61.03277641221192
2024-06-13 05:00:00,75.97629566878699,20.904190425206718,64.29590998941082
2024-06-13 06:00:00,76.58412730707843,20.104538569917448,57.197653140889145
2024-06-13 07:00:00,79.72027330811777,19.355686287065136,55.28415535438314
2024-06-13 08:00:00,72.47531989168297,24.13166888246333,48.09648290676968
2024-06-13 09:00:00,71.78593163578873,27.673511456924988,51.717184249633554
2024-06-13 10:00:00,72.63068029052904,28.301635382807767,53.39787790831107
2024-06-13 11:00:00,67.85870071030271,28.886723068883608,48.330693557403634
2024-06-13 12:00:00,62.187885052429756,28.08001004718828,49.429866727166335
2024-06-13 13:00:00,64.9434826021965,26.325897592838352,54.18754891027396
2024-06-13 14:00:00,58.79458178937644,28.268132010820203,49.94439591052527
2024-06-13 15:00:00,63.461584387278236,25.051878143847727,58.1445025188536
2024-06-13 16:00:00,56.68210644352407,28.02614510007168,56.34026886864478
2024-06-13 17:00:00,64.66121773032309,23.79690365080049,59.02857944877179
2024-06-13 18:00:00,62.31178476453629,20.129027546169244,59.51967539310809
2024-06-13 19:00:00,58.786059173744725,18.141779290648664,65.44511565107055
2024-06-13 20:00:00,61.73889988572938,17.110583690078915,72.5136409932513
2024-06-13 21:00:00,64.71537123130769,15.337446258069157,69.74797173271159
2024-06-13 22:00:00,65.91684148948299,16.1800601349116,66.5326192817502
2024-06-13 23:00:00,67.91260009111333,14.035180557448127,71.8390514637287
2024-06-14 00:00:00,71.74809199595133,12.402552391637208,67.90163357176577
2024-06-14 01:00:00,69.94915547041897,16.591217330565847,71.23044108762966
2024-06-14 02:00:00,71.70154111336134,14.578771968896366,68.38065203608984
2024-06-14 03:00:00,72.09213288674005,16.849958655054227,57.14214608632106
2024-06-14 04:00:00,75.94574324030032,16.337660238832534,59.81917232353598
2024-06-14 05:00:00,74.86845762532793,19.603530603347163,62.36096305708775
2024-06-14 06:00:00,74.1561754173166,21.466664986715397,58.049771774439584
2024-06-14 07:00:00,74.92003238385512,20.10666890012491,52.940610130730505
2024-06-14 08:00:00,66.14368154500586,27.772912665690853,52.05206518058695
2024-06-14 09:00:00,69.14313223979721,28.239267550282587,47.4401798157171
2024-06-14 10:00:00,67.77391162840593,26.899397554163887,51.085734344582235
2024-06-14 11:00:00,69.02011276394877,26.591039086484358,56.52672431503941
2024-06-14 12:00:00,59.634388021048885,29.021342420705327,53.319001040229125
2024-06-14 13:00:00,64.05896209923517,28.374490246289664,57.68181386891075
2024-06-14 14:00:00,59.099049826090116,28.028693951228426,55.84203169379522
2024-06-14 15:00:00,58.71563828555417,26.59066695319091,58.06869835838214
2024-06-14 16:00:00,60.284215481861324,25.50936148395855,62.60582531343991
2024-06-14 17:00:00,57.2234815673905,25.112101387356585,60.94315814835517
2024-06-14 18:00:00,57.533807350220286,21.8521548076933,61.86130310215468
2024-06-14 19:00:00,58.92366535958186,17.484373913366852,67.08164379155393
2024-06-14 20:00:00,57.86443406251583,19.293844279069592,69.9985616234839
2024-06-14 21:00:00,60.152157820598134,18.15762098633312,66.59431702727939
2024-06-14 22:00:00,60.11172965349232,19.232894573384876,66.88940973075141
2024-06-14 23:00:00,65.47924218153948,12.070315252972705,69.3471400810772
2024-06-15 00:00:00,62.50848444792554,13.864323019725413,70.77207960393113
2024-06-15 01:00:00,70.94204734297102,10.632408248048208,69.78945625571374
2024-06-15 02:00:00,70.08612540442309,15.334533206185617,62.80354203021008
2024-06-15 03:00:00,71.7535731656368,14.874398693850608,69.27901516765887
2024-06-15 04:00:00,72.22798182831718,20.13516869223696,60.72645908242963
2024-06-15 05:00:00,70.27445145513379,17.896934706703995,59.33733750778006
2024-06-15 06:00:00,76.91869650389455,18.466225443047843,55.41399269410767
2024-06-15 07:00:00,71.87502110144993,22.2342472272152,62.24582208984301
2024-06-15 08:00:00,70.72606672036075,21.78676834317405,54.241215645041535
2024-06-15 09:00:00,66.04359976642681,27.429950040659616,50.07833366423572
2024-06-15 10:00:00,67.40499022650584,24.39756595899916,53.46647643830492
2024-06-15 11:00:00,67.11123503816023,28.287130068942396,52.922839448275084
2024-06-15 12:00:00,65.07813319079024,25.383282270215705,50.83735000444855
2024-06-15 13:00:00,62.187027999543304,27.76399699036315,54.30728814789806
2024-06-15 14:00:00,58.93006136305949,29.960257762090468,51.572809067244414
2024-06-15 15:00:00,56.51545790003973,26.84427269605238,54.26770431262711
2024-06-15 16:00:00,53.97833397736489,23.4547595925524,52.64508695766201
2024-06-15 17:00:00,56.09063953552104,22.894337604860404,56.6901222894505
2024-06-15 18:00:00,56.83772136802026,21.027025308067163,66.8484484200984
2024-06-15 19:00:00,60.18297221969005,19.767802680497027,68.6035715693063
2024-06-15 20:00:00,60.74599088659173,15.199712455078338,66.52843265230145
2024-06-15 21:00:00,64.57785795709309,16.5855500518718,71.9515572520344
2024-06-15 22:00:00,67.01629651419418,10.448222024212665,68.29314622008066
2024-06-15 23:00:00,65.06093365036598,12.810729474286429,68.39147424358023
2024-06-16 00:00:00,64.57213688484038,12.767589236322683,68.83460905776539
2024-06-16 01:00:00,72.4813449982386,14.705546541938945,67.48192464575102
2024-06-16 02:00:00,74.41353579596867,14.538755750632024,65.82597022177877
2024-06-16 03:00:00,71.05674282003959,13.588354560316223,67.3584952678746
2024-06-16 04:00:00,77.33301132761567,15.77251031127387,62.70471054081443
2024-06-16 05:00:00,74.92976962328409,19.356877176051178,61.781204411084175
2024-06-16 06:00:00,74.3608189686923,20.881398987203447,60.24907990727073
2024-06-16 07:00:00,76.58183782508873,22.072456673815203,56.47046448913729
2024-06-16 08:00:00,74.54242159783632,24.02874931573165,51.21036065455116
2024-06-16 09:00:00,70.94926941855807,27.34755285463747,48.82360664353066
2024-06-16 10:00:00,69.37114262180256,26.718651669078884,51.6786191504166
2024-06-16 11:00:00,67.40104779210749,28.11230683112445,50.571859237937666
2024-06-16 12:00:00,62.446175985115325,31.754904882120815,51.52514613569852
2024-06-16 13:00:00,62.80140694027052,26.10891974184227,52.16563626781906
2024-06-16 14:00:00,60.088541360830746,24.717426431020904,60.09497311973641
2024-06-16 15:00:00,58.52777930052407,27.47868535609792,52.174434360896726
2024-06-16 16:00:00,58.39270413366842,23.732035408058785,52.695762919524164
2024-06-16 17:00:00,57.94780286371189,22.463786546655257,60.83094208379824
2024-06-16 18:00:00,60.11617116623737,19.82826543280398,61.388315019453
2024-06-16 19:00:00,60.11908560077015,18.66915695057916,65.29016967432344
2024-06-16 20:00:00,62.556415701050334,19.647807168145704,67.82366858638889
2024-06-16 21:00:00,60.64088366403061,16.899891829028096,71.00449037200696
2024-06-16 22:00:00,65.45451795146889,15.798144739447375,64.92526788564153
2024-06-16 23:00:00,69.30935160097594,11.631215719143217,67.60820525535709
2024-06-17 00:00:00,70.69848786886872,11.773269395170697,69.76523558380346
2024-06-17 01:00:00,73.81551279452334,9.496938313603904,69.7203876232781
2024-06-17 02:00:00,72.09803584421434,13.29073823999251,71.84758490640031
2024-06-17 03:00:00,76.44925602379134,17.131753920679024,66.88925992778556
2024-06-17 04:00:00,77.95131558622272,18.02541977362181,62.18739991620644
2024-06-17 05:00:00,78.15842291982749,18.726587267303373,57.7739106176432
2024-06-17 06:00:00,78.95063870500707,20.966549574423038,56.25990396228005
2024-06-17 07:00:00,76.75905656003333,21.907814524405563,54.01824294260786
2024-06-17 08:00:00,75.8249161234378,25.05713832360215,55.2741230406063
2024-06-17 09:00:00,73.24483257437072,27.452118278119343,52.8482649799044
2024-06-17 10:00:00,73.20169130904713,25.07136034726777,47.99754363629293
2024-06-17 11:00:00,65.9489312259405,28.693915228924038,49.91024632727392
2024-06-17 12:00:00,65.21083532750662,29.898652306432002,53.50053644702672
2024-06-17 13:00:00,68.83883140102918,27.62179326372314,53.08492725337455
2024-06-17 14:00:00,58.77306327623692,28.5462414465647,55.05765050935323
2024-06-17 15:00:00,61.38868826524775,30.525282525607743,56.457304275143066
2024-06-17 16:00:00,64.780626136748,24.59348581051974,61.73670543059894
2024-06-17 17:00:00,61.801239135371326,23.53110341327733,60.59010765955995
2024-06-17 18:00:00,62.070391859303946,19.89291437450873,61.36431441124458
2024-06-17 19:00:00,63.7163678090719,19.330733905635306,62.21061239716627
2024-06-17 20:00:00,64.28024614323529,17.940407437473315,66.98798467620304
2024-06-17 21:00:00,66.69943235760825,15.988962651506238,61.692468597121895
2024-06-17 22:00:00,68.19347535719075,12.975266492053706,68.23260993202008
2024-06-17 23:00:00,73.50573981885917,14.065098959819961,68.48540035019664
2024-06-18 00:00:00,75.67692550163586,15.693293908076456,65.2821553025584
2024-06-18 01:00:00,75.0815593617618,14.428509949603795,65.47356403742015
2024-06-18 02:00:00,74.30488084006247,15.947790255224323,68.38810485605009
2024-06-18 03:00:00,77.76701084269655,15.341181186081483,65.0767793726867
2024-06-18 04:00:00,78.81554883476676,18.374850359136154,62.58384224019261
2024-06-18 05:00:00,80.66140918579126,19.477758919054544,60.76586883483011
2024-06-18 06:00:00,77.79985697598323,19.57363390546911,57.90219756395009
2024-06-18 07:00:00,77.02210887220001,23.418924345466824,58.60715640714658
2024-06-18 08:00:00,78.64735682107167,23.26245500483887,53.9446119235797
2024-06-18 09:00:00,77.42716097368012,25.353980446572322,48.56023858139305
2024-06-18 10:00:00,72.35624511667945,27.779182989321956,55.38199247558446
2024-06-18 11:00:00,68.61586434831995,28.690310107238158,51.92585066832211
2024-06-18 12:00:00,76.2636383923661,26.716151302384308,49.833533236410446
2024-06-18 13:00:00,68.3135338640796,29.82542235394255,49.07226707020279
2024-06-18 14:00:00,64.99929560950625,28.353199945833765,54.625824521716275
2024-06-18 15:00:00,66.53461623803892,25.246208205482702,55.2070699875638
2024-06-18 16:00:00,64.39718219289661,22.443622805326456,61.60599555915763
2024-06-18 17:00:00,65.39056115306286,22.723785969647352,59.13523179833176
2024-06-18 18:00:00,64.4338787269597,20.331084429209238,60.235919431716944
2024-06-18 19:00:00,65.20566518281458,19.228567847310277,66.73949054558982
2024-06-18 20:00:00,66.39521360920568,16.705325008266648,68.67716576247071
2024-06-18 21:00:00,66.093224792866,12.685513849983632,68.21585705308502
2024-06-18 22:00:00,74.27006800539628,13.922289064165334,70.38422505578855
2024-06-18 23:00:00,70.5234558267239,13.2971276362298,68.90578219814441
2024-06-19 00:00:00,71.4299626690661,14.450491537161088,69.27799518912477
2024-06-19 01:00:00,76.32659637788578,12.708256790915389,70.70670584047004
2024-06-19 02:00:00,75.37953402164875,17.02282148167533,67.92725686573338
2024-06-19 03:00:00,79.8006742914243,12.829238315122675,64.07681390416967
2024-06-19 04:00:00,80.80261258711388,19.216751246702906,65.71027777073789
2024-06-19 05:00:00,81.72810734780097,18.72237870541409,54.08786156802147
2024-06-19 06:00:00,81.02586742814923,22.289377308515128,62.800811872632806
2024-06-19 07:00:00,77.66326487312595,23.06084506435646,51.23510226277235
2024-06-19 08:00:00,76.60527781908368,26.459333304038875,52.06830690739143
2024-06-19 09:00:00,76.19508870960472,25.722257912068976,52.10347752795235
2024-06-19 10:00:00,70.04605138717851,25.8472598906166,50.94046588657808
2024-06-19 11:00:00,71.56255933438648,30.375200128074525,53.51602760006639
2024-06-19 12:00:00,65.69057728558403,28.329779031176788,48.662076016873
2024-06-19 13:00:00,70.67642749435485,28.576781407604155,52.85768840964687
2024-06-19 14:00:00,63.5249276664634,29.34731839945118,52.19050872377164
2024-06-19 15:00:00,63.708658713876844,24.75536799575749,56.237852448343105
2024-06-19 16:00:00,60.99231587366794,25.643236346459243,57.50869794458172
2024-06-19 17:00:00,61.51951202503372,22.05630070357532,60.23233913170813
2024-06-19 18:00:00,67.34564054040091,20.801745966532877,60.95455932476206
2024-06-19 19:00:00,65.42210825193325,19.167275609807334,63.22484012475962
2024-06-19 20:00:00,62.49921238024623,14.99966720782973,67.08214231574705
2024-06-19 21:00:00,70.0573954880797,14.52844357687061,70.15351739844954
2024-06-19 22:00:00,70.27556898847224,16.531418810236858,67.19763410110714
2024-06-19 23:00:00,69.53211090648878,15.084843085709062,66.82808113856773
2024-06-20 00:00:00,73.30564473598723,13.406040634009148,70.22698285078128
2024-06-20 01:00:00,74.29226711479883,14.12024149060126,67.71296890141609
2024-06-20 02:00:00,80.13209891277226,14.06344571316171,68.44020636564464
2024-06-20 03:00:00,74.79518515512427,17.73157421984217,62.23550696657176
2024-06-20 04:00:00,77.8320543475568,16.949471133309064,57.88077409236411
2024-06-20 05:00:00,76.71250341197602,19.406620299933362,58.667489795434605
2024-06-20 06:00:00,73.77914715261764,22.71904521621273,55.75474707091562
2024-06-20 07:00:00,80.87350122440333,21.775085610999344,55.30302899980039
2024-06-20 08:00:00,71.55222284288104,27.088183776744394,52.043925933644886
2024-06-20 09:00:00,73.92177352964418,24.00760874428422,54.058313744281236
2024-06-20 10:00:00,66.38236566714475,29.93965372505243,50.58629190734224
2024-06-20 11:00:00,67.68016928469993,27.685430321239927,51.37618624693475
2024-06-20 12:00:00,67.01490881493001,28.135951878262077,51.700753959500375
2024-06-20 13:00:00,63.137128491746154,25.409428440393906,52.693159096970604
2024-06-20 14:00:00,63.555194616929676,26.812998452316677,53.57571619318346
2024-06-20 15:00:00,60.799807489211126,24.743591062358934,56.77650172602519
2024-06-20 16:00:00,62.45959986593718,23.838530481940293,55.681490759513686
2024-06-20 17:00:00,62.63850244304605,22.735176389584844,63.49854481663314
2024-06-20 18:00:00,58.34031612898905,22.43668742171066,61.7380279475014
2024-06-20 19:00:00,60.64957539550415,19.370262188831994,61.22112715525297
2024-06-20 20:00:00,62.285545138959684,17.71151498010195,66.83414442315778
2024-06-20 21:00:00,65.27422387973817,14.053420057833033,65.66627742794164
2024-06-20 22:00:00,66.08047391143052,13.183678337212285,70.35666877287336
2024-06-20 23:00:00,67.537427897251,16.45364383035932,74.52401394010595
2024-06-21 00:00:00,69.37172350848367,12.39719844785513,66.72690220770713
2024-06-21 01:00:00,71.06568663850666,16.23986868091782,68.62515946712038
2024-06-21 02:00:00,75.50537929149392,14.140217673295016,61.97519705891688
2024-06-21 03:00:00,75.49660992510402,15.700131045316544,65.63476307360317
2024-06-21 04:00:00,75.61329528396404,18.855547740345067,60.115086906423656
2024-06-21 05:00:00,75.6783974592731,20.96669579463892,58.437913453914426
2024-06-21 06:00:00,73.95858003152372,20.83378115958084,54.917412369478775
2024-06-21 07:00:00,74.2281157490189,22.358778257985737,57.33037806513637
2024-06-21 08:00:00,69.82245287293526,24.66611932721707,56.15429986300415
2024-06-21 09:00:00,72.37394114575372,26.81023715124735,52.26423440258648
2024-06-21 10:00:00,61.804676727480235,28.832146058687787,49.145600800059285
2024-06-21 11:00:00,65.63782414866984,28.250788485659076,54.97380759025965
2024-06-21 12:00:00,65.33698163269304,29.42832944703473,49.43064224401185
2024-06-21 13:00:00,57.6930987507832,30.701983295574337,46.80069061612145
2024-06-21 14:00:00,60.35602131474027,28.067154946780473,54.78201149421342
2024-06-21 15:00:00,56.7311628858322,26.770780142906542,52.73806331589544
2024-06-21 16:00:00,57.59415140153072,22.47163376236554,60.14215057782397
2024-06-21 17:00:00,60.28381588436864,18.995047633026374,59.04715575831674
2024-06-21 18:00:00,57.975537733199396,21.58256359384501,63.83865450728304
2024-06-21 19:00:00,54.68744747354585,18.916620814809903,68.0037508663799
2024-06-21 20:00:00,58.00618698692738,16.477825987628304,63.341813869126405
2024-06-21 21:00:00,63.40783640927961,16.061994447381007,66.37938580682821
2024-06-21 22:00:00,64.54261126809234,14.414203877821949,68.50415475495899
2024-06-21 23:00:00,68.96594883703644,15.4472266787828,72.84387829758586
2024-06-22 00:00:00,71.09724971280825,13.629166302388468,67.04737564175068
2024-06-22 01:00:00,69.33662992885664,12.635171375226586,66.30796939418697
2024-06-22 02:00:00,76.06231686941251,15.990058830056022,67.55931246956956
2024-06-22 03:00:00,72.69678655582541,15.371002528680663,63.05692818572354
2024-06-22 04:00:00,71.22104176983906,18.03980502550849,62.710686113167114
2024-06-22 05:00:00,72.26066472542718,18.34274110244158,56.12115644758052
2024-06-22 06:00:00,69.17179975385369,20.025259671753155,63.20645345046805
2024-06-22 07:00:00,75.22755785486959,23.06739518354808,52.130726924227965
2024-06-22 08:00:00,73.97370874840846,24.7692429653143,52.831657209345614
2024-06-22 09:00:00,66.83162348071073,27.023041411949308,52.12456877633508
2024-06-22 10:00:00,66.94992079485641,27.092221898418458,56.08838789929062
2024-06-22 11:00:00,65.72200594408835,25.48990402151221,47.68788554766815
2024-06-22 12:00:00,61.338107629291194,27.850839174617416,56.26592790209532
2024-06-22 13:00:00,57.161590864153375,29.435171397883686,54.098713418695
2024-06-22 14:00:00,59.058963441548954,27.04912640951872,54.67877728037873
2024-06-22 15:00:00,57.45587281319757,25.933725755127664,53.03841578245417
2024-06-22 16:00:00,56.319562119969966,26.229564758859684,59.09848169917301
2024-06-22 17:00:00,57.97113055227558,21.87318299738009,58.1912834439506
2024-06-22 18:00:00,61.428426858001515,18.68579517263557,65.49602453891839
2024-06-22 19:00:00,58.090606384315045,18.817910482443125,62.07234492723
2024-06-22 20:00:00,60.74700015317229,16.52373907312745,66.08106479453787
2024-06-22 21:00:00,63.85640209118793,14.247329661471722,66.40604591402722
2024-06-22 22:00:00,65.23598869387092,14.241741787768504,66.22452503053412
2024-06-22 23:00:00,65.06918520157717,14.49281477370217,70.85329954226978
2024-06-23 00:00:00,68.88584421870381,13.486067157648277,70.03197930512593
2024-06-23 01:00:00,71.78108086139245,14.216027911861152,70.8167541313131
2024-06-23 02:00:00,69.16235155115305,17.224921019389292,61.9142732601583
2024-06-23 03:00:00,76.53201323707083,15.182380848764712,67.16042675585274
2024-06-23 04:00:00,77.61351971542022,17.667522951966895,68.59299366931549
2024-06-23 05:00:00,73.54377463081038,18.29503711783192,58.87089727705865
2024-06-23 06:00:00,75.52902181876111,19.730460420168686,62.40850012435114
2024-06-23 07:00:00,75.22983853486032,22.063781358141078,54.8420968198503
2024-06-23 08:00:00,71.3826840457055,24.03186214271758,50.205014625418
2024-06-23 09:00:00,71.55415011060009,26.84251455521963,51.44169025992342
2024-06-23 10:00:00,68.33160494835153,31.018804208434126,53.92717748258634
2024-06-23 11:00:00,64.08479775432555,27.170378542754445,48.90455879417117
2024-06-23 12:00:00,65.83700321919831,27.875062041576808,49.80582091588217
2024-06-23 13:00:00,60.888089149152385,28.14975917750113,53.68961994667283
2024-06-23 14:00:00,63.17700771669532,28.088888801448082,53.64368926116691
2024-06-23 15:00:00,58.98120917094428,26.698627076831777,56.96155738121752
2024-06-23 16:00:00,58.929522680804475,26.676143690921617,58.265202445971504
2024-06-23 17:00:00,63.53880239857485,19.30155473246747,61.19906329887883
2024-06-23 18:00:00,62.1748814917626,17.419605194706573,61.24861844139832
2024-06-23 19:00:00,59.3687101201811,18.3150399037163,65.07932735507514
2024-06-23 20:00:00,60.21572604356332,18.89595028131626,64.04552851643956
2024-06-23 21:00:00,64.35392655518079,13.348227093692119,71.01531269031852
2024-06-23 22:00:00,68.8769740520072,9.993360962075986,67.10764564455826
2024-06-23 23:00:00,69.81083290961614,14.61232541216085,71.82211871887347
2024-06-24 00:00:00,69.63692510842527,13.865485835554072,68.10931503414473
2024-06-24 01:00:00,71.69229564366941,12.120243692632608,68.299226160953
2024-06-24 02:00:00,76.2416296006468,13.026500070535532,65.12654965345212
2024-06-24 03:00:00,76.60722695811565,14.242083561648931,61.96001142208023
2024-06-24 04:00:00,81.60223162529365,17.415802976210657,57.96747043691019
2024-06-24 05:00:00,78.06596143939696,18.119384247455955,57.36168960352006
2024-06-24 06:00:00,80.98686490133005,21.741095878462268,56.86085646103712
2024-06-24 07:00:00,75.69741417302085,18.659202843912635,56.02969794707224
2024-06-24 08:00:00,72.88339760757067,23.464722202308273,56.16198725252956
2024-06-24 09:00:00,72.0712480101984,24.61421991753225,51.091377716448385
2024-06-24 10:00:00,74.36105116779615,27.110679510824177,49.1017656527308
2024-06-24 11:00:00,73.51357410043474,27.437372059432512,47.39321303499322
2024-06-24 12:00:00,66.11248112185808,29.69676566984365,52.506826608158605
2024-06-24 13:00:00,66.15142087022039,25.455438539677964,55.66375765426311
2024-06-24 14:00:00,62.39037164352853,27.563427742879668,56.80186463921106
2024-06-24 15:00:00,59.70629437935297,27.140805493717277,57.274831870366825
2024-06-24 16:00:00,63.59779778950642,27.53497115484399,59.266986887246446
2024-06-24 17:00:00,63.65602933072673,22.218493881628575,64.24405944927307
2024-06-24 18:00:00,63.2168964109984,21.486687906529017,63.15957505946402
2024-06-24 19:00:00,62.35839483192865,16.35306297288813,66.1153241900612
2024-06-24 20:00:00,70.06503639019326,13.662065693529826,65.5620013760478
2024-06-24 21:00:00,66.16488102157082,16.963860704774383,64.38912020692307
2024-06-24 22:00:00,70.81110858158405,14.496469031144597,66.98371018535256
2024-06-24 23:00:00,68.66754988537348,15.523325337529712,68.97710240366337
2024-06-25 00:00:00,74.4904538161586,11.439895666545375,68.84529586785467
2024-06-25 01:00:00,76.92997600264577,14.53540951212528,72.60994327119928
2024-06-25 02:00:00,77.93209369861428,17.30803623243177,66.56715394965669
2024-06-25 03:00:00,79.63868934874912,16.32625755363673,67.44710861006457
2024-06-25 04:00:00,80.97625681036912,17.664872258386183,61.24167830198284
2024-06-25 05:00:00,78.09773653056148,19.071691282966835,59.22081028558628
2024-06-25 06:00:00,80.96531193558148,18.643677814311662,54.34810950101849
2024-06-25 07:00:00,78.77623824349483,24.97450224183459,53.64417996780877
2024-06-25 08:00:00,78.65184155002541,23.83371354029223,54.95349244773093
2024-06-25 09:00:00,76.07156272288456,27.060025743473236,52.22467181692594
2024-06-25 10:00:00,72.3751010388942,25.15063906852595,53.664014113141334
2024-06-25 11:00:00,69.91527881604333,26.475254200406454,51.45313487086263
2024-06-25 12:00:00,64.86625127490957,30.652631098833353,50.42553323430394
2024-06-25 13:00:00,70.0677477176133,27.723490263731325,57.57651352540705
2024-06-25 14:00:00,67.42925786575097,29.675103742447437,53.40128004753758
2024-06-25 15:00:00,67.05254682510386,26.185954870312056,58.4075024242636
2024-06-25 16:00:00,65.81256732830975,21.987153340562937,56.66760557771557
2024-06-25 17:00:00,59.758418969331075,24.279244237866525,61.773998698458435
2024-06-25 18:00:00,63.01480431757676,20.115161523366993,64.64941055380102
2024-06-25 19:00:00,65.70410888099258,20.1068903820074,65.02122992643778
2024-06-25 20:00:00,66.99234518727206,17.2878163013111,60.4777537239376
2024-06-25 21:00:00,69.00066894436755,13.382021799186436,67.83985978620015
2024-06-25 22:00:00,71.64086597189561,14.751251619672638,71.76948255600139
2024-06-25 23:00:00,72.12169933049887,17.049891016061316,70.31870208256933
2024-06-26 00:00:00,75.14913079239538,14.23947968777169,69.80792962467511
2024-06-26 01:00:00,75.51619309359562,13.669279673323473,63.48858629916608
2024-06-26 02:00:00,80.02367707931933,16.117824574552113,64.56282335399149
2024-06-26 03:00:00,78.89576587721082,16.012701838905382,65.52839407787924
2024-06-26 04:00:00,77.78272528767353,17.56430134539366,63.35532959788907
2024-06-26 05:00:00,79.67921239475825,17.421419403493143,63.03666695033386
2024-06-26 06:00:00,79.35966556941389,21.350772038683058,57.30846170621207
2024-06-26 07:00:00,80.79713784554033,24.494307962894325,56.514560216684906
2024-06-26 08:00:00,78.00375097924153,23.495906771849654,53.67697457414992
2024-06-26 09:00:00,74.79980074967864,28.44004459076902,49.73841452468578
2024-06-26 10:00:00,71.04973150455723,27.357631492165915,45.667189235661965
2024-06-26 11:00:00,73.56190494081842,26.912789429859828,52.07752423032519
2024-06-26 12:00:00,67.66057718750695,29.996448115380367,51.741535584430274
2024-06-26 13:00:00,67.17131898414468,27.814252343560725,50.660333760689134
2024-06-26 14:00:00,68.03580342087773,28.634462859612864,49.58810632803185
2024-06-26 15:00:00,65.49887797111715,25.86566291051093,57.07434878602201
2024-06-26 16:00:00,60.19731165720457,24.66026078470501,57.0058284085882
2024-06-26 17:00:00,59.515372916216364,23.68148314477054,61.39218680591968
2024-06-26 18:00:00,63.46489127867668,21.436345586385574,66.989492731951
2024-06-26 19:00:00,62.452447291910005,16.06555949105438,59.14642279920116
2024-06-26 20:00:00,67.28418078949905,15.568134389858054,64.61495900892307
2024-06-26 21:00:00,66.94389567515951,17.090814118287078,67.27078960077998
2024-06-26 22:00:00,69.77144014693144,14.306604588264543,72.33039787196803
2024-06-26 23:00:00,69.8492624798199,12.96995934867503,64.90899245198379
2024-06-27 00:00:00,77.55661073393344,11.462138977113788,73.53298500080304
2024-06-27 01:00:00,81.25598881150168,12.135951820918297,68.1338683879757
2024-06-27 02:00:00,76.91153088331701,11.472111511673763,66.12395937634463
2024-06-27 03:00:00,78.46661413510903,15.544778063048303,64.00485059195354
2024-06-27 04:00:00,78.7419605019596,16.35234362912776,61.23871382547394
2024-06-27 05:00:00,78.42240104512739,17.608975325252025,62.62029189817264
2024-06-27 06:00:00,76.12526050739557,20.897814862248275,54.99932670887139
2024-06-27 07:00:00,74.56595037345411,23.48709878454786,56.36353545411018
2024-06-27 08:00:00,72.12329273956534,27.88979689831447,52.67558480505438
2024-06-27 09:00:00,74.76829864991103,24.035475729553664,50.300437744655554
2024-06-27 10:00:00,70.05319326014232,29.234262093333452,57.7716055026081
2024-06-27 11:00:00,63.46207029151741,29.704096038690647,52.04762683688365
2024-06-27 12:00:00,68.01492696298821,27.33136089093495,52.83983142505105
2024-06-27 13:00:00,64.62076322403111,28.54929762904722,55.05021331761214
2024-06-27 14:00:00,65.57347649732692,26.808740654376503,50.08266410602356
2024-06-27 15:00:00,62.396637922700556,26.581833729528167,59.88072977280508
2024-06-27 16:00:00,56.75087840224957,27.01369652010683,51.3982356478392
2024-06-27 17:00:00,55.54457906948215,23.849552187216226,58.078083974902825
2024-06-27 18:00:00,58.907706056867546,21.762912559850893,61.18179222297615
2024-06-27 19:00:00,60.42247722015903,18.413393181798536,65.95430841242475
2024-06-27 20:00:00,65.23331369535607,15.023915002614755,66.91075669603255
2024-06-27 21:00:00,64.4027676471194,15.383996825290359,67.37719178231369
2024-06-27 22:00:00,68.0297282875698,16.314721703912817,68.66333907503204
2024-06-27 23:00:00,66.17776129969027,11.464804517947734,66.55494244119357
2024-06-28 00:00:00,72.50658578900325,11.917365947734957,64.95025145039114
2024-06-28 01:00:00,73.64102763920972,13.944957907183129,69.61050768990023
2024-06-28 02:00:00,70.16265145032125,13.027827294345709,68.09822631201989
2024-06-28 03:00:00,77.99682354938442,14.507913970427667,68.46123593789363
2024-06-28 04:00:00,75.70912784810602,16.614602127406926,60.354328663884196
2024-06-28 05:00:00,76.96080617430493,17.010431055446265,61.73203802575226
2024-06-28 06:00:00,73.67319273270677,19.53881723067549,56.961361773165855
2024-06-28 07:00:00,76.4117443500667,23.996284713449562,58.476187462984406
2024-06-28 08:00:00,70.82053659368822,22.788945326652964,56.190945911017316
2024-06-28 09:00:00,73.00903635128358,23.90649265715611,52.73379486400101
2024-06-28 10:00:00,70.38838265245664,26.550153059082596,50.45784217173344
2024-06-28 11:00:00,64.15156744953207,29.342376950932763,53.40233044652065
2024-06-28 12:00:00,68.2112406131437,28.204617288004666,52.92392887153956
2024-06-28 13:00:00,62.62382570607048,27.547572079994787,50.49467036072391
2024-06-28 14:00:00,61.454492581813106,27.56172872465727,50.31654228562267
2024-06-28 15:00:00,56.67657573126142,23.684739709609488,54.77866774829534
2024-06-28 16:00:00,62.45934964453324,25.492058480662692,61.45916313244722
2024-06-28 17:00:00,55.53982381890753,23.51629538537488,62.86621789683153
2024-06-28 18:00:00,60.42171902358062,20.386037288857306,59.548552731744785
2024-06-28 19:00:00,56.655144081052136,20.56774392942693,61.580606460250294
2024-06-28 20:00:00,59.9608429380784,15.558755851570364,69.55067065487741
2024-06-28 21:00:00,63.26402158913212,17.38856263098144,64.955138872165
2024-06-28 22:00:00,66.35469515278197,14.736549970009904,69.96657074570686
2024-06-28 23:00:00,63.94492616997729,13.250727418014543,67.45982196165919
